Region,Customer_ID,Customer_Name,Sales,region_rank
Africa,AA-3151,Alex Avila,11,747
Africa,AA-3751,Allen Armold,365,505
Africa,AA-4801,Andrew Allen,496,445
Africa,AA-6451,Anna Andreadi,1503,173
Africa,AB-1051,Adrian Barton,97,679
Africa,AB-151,Aaron Bergman,2125,95
Africa,AB-1651,Alan Barnes,160,638
Africa,AB-2551,Alejandro Ballentine,4083,25
Africa,AB-6001,Ann Blume,1384,194
Africa,AB-601,Adam Bellavance,1483,175
Africa,AC-4201,Alyssa Crouse,841,312
Africa,AC-4501,Amy Cox,670,369
Africa,AC-6151,Ann Chong,1706,144
Africa,AC-6601,Anna Chung,2666,68
Africa,AD-1801,Alan Dominguez,12,746
Africa,AF-8701,Art Ferguson,672,367
Africa,AF-8851,Art Foster,139,654
Africa,AG-2701,Alejandro Grove,1997,106
Africa,AG-3001,Aleksandra Gannaway,866,308
Africa,AG-3301,Alex Grayson,513,436
Africa,AG-3901,Allen Goldenen,414,479
Africa,AG-4951,Andrew Gjertsen,469,452
Africa,AG-5251,Andy Gerbode,802,318
Africa,AG-6751,Anna Gayman,774,326
Africa,AG-7651,Anthony Garverick,769,328
Africa,AG-9001,Arthur Gainer,1698,147
Africa,AH-1201,Adrian Hane,1476,177
Africa,AH-1951,Alan Haines,80,692
Africa,AH-2101,Alan Hwang,3090,46
Africa,AH-301,Aaron Hawkins,5072,10
Africa,AH-4651,Amy Hunt,540,423
Africa,AH-5851,Angele Hood,889,299
Africa,AH-6901,Anna Häberlin,948,277
Africa,AH-751,Adam Hart,3426,38
Africa,AI-8551,Arianne Irving,30,729
Africa,AJ-7801,Anthony Jacobs,1608,158
Africa,AJ-7951,Anthony Johnson,1276,221
Africa,AJ-9451,Ashley Jarboe,3817,32
Africa,AJ-9601,Astrea Jones,4071,26
Africa,AM-3601,Alice McCarthy,435,464
Africa,AM-7051,Anne McFarland,867,307
Africa,AO-8101,Anthony O'Donnell,24,737
Africa,AP-7201,Anne Pryor,423,473
Africa,AP-9151,Arthur Prichep,2151,92
Africa,AR-3451,Alex Russell,1243,225
Africa,AR-4051,Allen Rosenblatt,144,651
Africa,AR-5101,Andrew Roberts,371,501
Africa,AR-5401,Andy Reiter,325,531
Africa,AR-5701,Anemone Ratner,970,267
Africa,AR-8251,Anthony Rawles,1704,145
Africa,AS-2251,Alan Schoenberger,254,564
Africa,AS-2851,Alejandro Savely,2059,102
Africa,AS-451,Aaron Smayling,1234,227
Africa,AS-6301,Ann Steele,1908,118
Africa,AS-901,Adam Shillingsburg,436,463
Africa,AT-4351,Alyssa Tate,540,424
Africa,AT-7351,Annie Thurman,10,748
Africa,AW-9301,Arthur Wiediger,413,481
Africa,AY-5551,Andy Yotov,660,373
Africa,AZ-7501,Annie Zypern,1461,182
Africa,BB-15451,Brenda Bowman,131,659
Africa,BB-9901,Barry Blumstein,507,439
Africa,BC-11251,Becky Castell,85,684
Africa,BD-13201,Bill Donatelli,57,712
Africa,BD-15001,Bradley Drucker,52,716
Africa,BD-15601,Brendan Dodson,137,656
Africa,BD-16051,Brian Dahlen,208,590
Africa,BD-16201,Brian DeCherney,429,469
Africa,BD-16351,Brian Derr,592,401
Africa,BD-17251,Bruce Degenhardt,2849,57
Africa,BD-17701,Bryan Davis,1630,153
Africa,BE-13351,Bill Eplett,705,353
Africa,BE-14101,Bobby Elias,1718,141
Africa,BE-14551,Brad Eason,937,283
Africa,BF-10051,Barry Franz,699,354
Africa,BF-10201,Barry Französisch,2217,90
Africa,BF-10801,Bart Folk,1568,164
Africa,BF-11701,Ben Ferrer,268,555
Africa,BF-12151,Benjamin Farhat,399,489
Africa,BF-12751,Beth Fritzler,24,738
Africa,BF-9751,Barbara Fisher,1009,260
Africa,BG-16951,Brooke Gillingham,413,482
Africa,BG-17401,Bruce Geld,145,650
Africa,BH-17101,Brosina Hoffman,1333,207
Africa,BK-12601,Berenike Kampe,214,589
Africa,BM-11401,Becky Martin,86,683
Africa,BM-15751,Brendan Murry,1368,199
Africa,BM-16501,Brian Moss,341,519
Africa,BM-17851,Bryan Mills,2096,97
Africa,BN-14701,Brad Norvell,1325,209
Africa,BN-15151,Bradley Nguyen,773,327
Africa,BO-13501,Bill Overfelt,477,450
Africa,BO-14251,Bobby Odegard,1560,166
Africa,BP-10501,Barry Pond,2953,54
Africa,BP-10951,Bart Pistole,414,480
Africa,BP-11551,Becky Pak,87,682
Africa,BP-11851,Ben Peterman,580,407
Africa,BP-12301,Benjamin Patterson,5496,7
Africa,BP-12901,Beth Paige,65,700
Africa,BS-13651,Bill Shonely,807,316
Africa,BS-13801,Bill Stewart,160,639
Africa,BS-15901,Brendan Sweed,35,726
Africa,BS-16651,Brian Stugart,1016,257
Africa,BS-17551,Bruce Stewart,1675,150
Africa,BS-18001,Bryan Spruell,4163,22
Africa,BT-13051,Beth Thompson,916,292
Africa,BT-13951,Bill Tyler,205,593
Africa,BT-14401,Bobby Trafton,541,422
Africa,BT-14851,Brad Thomas,174,617
Africa,BT-15301,Bradley Talbott,105,678
Africa,BT-16801,Brian Thompson,482,447
Africa,BW-10651,Barry Weirich,8957,1
Africa,BW-11101,Bart Watters,411,484
Africa,BW-12001,Ben Wallace,2997,51
Africa,CA-19651,Carol Adams,435,465
Africa,CA-22651,Christina Anderson,321,533
Africa,CA-23101,Christine Abelman,221,582
Africa,CA-27751,Cynthia Arntzen,742,337
Africa,CB-24151,Christy Brittain,64,701
Africa,CB-25351,Claudia Bergmann,116,671
Africa,CC-21001,Chad Cunningham,513,437
Africa,CC-21451,Charles Crestani,671,368
Africa,CC-22201,Chris Cortes,1568,165
Africa,CC-23701,Christopher Conant,1414,188
Africa,CC-24301,Chuck Clark,154,645
Africa,CC-24751,Cindy Chapman,2488,76
Africa,CC-25501,Clay Cheatham,321,534
Africa,CC-26701,Craig Carreira,658,374
Africa,CC-26851,Craig Carroll,3954,31
Africa,CD-19201,Carlos Daly,1602,159
Africa,CD-19801,Carol Darley,996,261
Africa,CD-22801,Christina DeMoss,566,413
Africa,CD-27901,Cynthia Delaney,910,294
Africa,CG-20401,Catherine Glotzbach,36,725
Africa,CG-25201,Claire Gute,180,608
Africa,CH-20701,Cathy Hwang,528,429
Africa,CJ-18751,Carl Jackson,411,485
Africa,CJ-20101,Caroline Jumper,116,672
Africa,CK-22051,Chloris Kastensmidt,3,754
Africa,CK-23251,Christine Kargatis,260,562
Africa,CK-25951,Clytie Kelty,115,673
Africa,CK-27601,Cyma Kinney,2081,98
Africa,CL-18901,Carl Ludwig,325,532
Africa,CL-25651,Clay Ludtke,2713,65
Africa,CL-27001,Craig Leslie,1393,193
Africa,CM-18151,Candace McMahon,392,492
Africa,CM-18301,Cari MacIntyre,3061,49
Africa,CM-19351,Carlos Meador,160,640
Africa,CM-21151,Chad McGuire,1304,218
Africa,CM-21601,Charles McCrossin,2144,93
Africa,CM-21901,Charlotte Melton,1317,213
Africa,CM-22351,Chris McAfee,8,750
Africa,CM-23851,Christopher Martinez,553,418
Africa,CM-24451,Chuck Magee,341,520
Africa,CM-26551,Corinna Mitchell,412,483
Africa,CM-27151,Craig Molinari,629,385
Africa,CP-20851,Cathy Prescott,1887,120
Africa,CP-23401,Christine Phan,4136,24
Africa,CR-25801,Clay Rozendal,2793,60
Africa,CR-26251,Corey Roper,1216,231
Africa,CR-27301,Craig Reiter,986,263
Africa,CR-28201,Cyra Reiten,600,398
Africa,CS-18451,Cari Sayre,204,595
Africa,CS-18601,Cari Schnelling,861,310
Africa,CS-19501,Carlos Soltero,533,426
Africa,CS-21301,Chad Sievert,466,455
Africa,CS-21751,Charles Sheldon,1380,196
Africa,CS-22501,Chris Selesnick,179,610
Africa,CS-23551,Christine Sundaresam,925,288
Africa,CS-24001,Christopher Schild,1742,139
Africa,CS-24601,Chuck Sachs,1707,143
Africa,CS-24901,Cindy Schnelling,14,744
Africa,CS-25051,Cindy Stewart,1804,130
Africa,CV-22951,Christina VanderZanden,387,493
Africa,CV-28051,Cynthia Voltz,3070,48
Africa,CW-19051,Carl Weiss,922,290
Africa,CY-27451,Craig Yedwab,262,560
Africa,Co-26401,Corey-Lock,755,330
Africa,DA-34501,Dianna Arnett,1237,226
Africa,DB-29101,Daniel Byrd,792,320
Africa,DB-29701,Darren Budd,181,606
Africa,DB-30601,Dave Brooks,631,384
Africa,DB-31201,David Bremer,206,592
Africa,DB-32101,Dean Braden,370,502
Africa,DB-32701,Deborah Brumfield,662,372
Africa,DB-33601,Dennis Bolton,3691,33
Africa,DB-35551,Dorothy Badders,131,660
Africa,DB-36151,Doug Bickford,2686,67
Africa,DB-36601,Duane Benoit,728,342
Africa,DC-28501,Dan Campbell,1476,178
Africa,DC-32851,Debra Catini,574,410
Africa,DD-35701,Dorothy Dickinson,1823,128
Africa,DE-32551,Deanra Eno,142,652
Africa,DF-31351,David Flashing,1049,252
Africa,DG-33001,Deirdre Greer,2949,55
Africa,DH-30751,Dave Hallsten,1587,160
Africa,DH-36751,Duane Huffman,3412,40
Africa,DJ-34201,Denny Joy,263,558
Africa,DJ-35101,Don Jones,2406,78
Africa,DJ-36301,Doug Jacobs,245,572
Africa,DK-28351,Damala Kotsonis,1830,127
Africa,DK-28951,Dana Kaydos,254,565
Africa,DK-29851,Darren Koutras,81,690
Africa,DK-30901,Dave Kipp,67,699
Africa,DK-31501,David Kendrick,333,525
Africa,DK-32251,Dean Katz,822,314
Africa,DK-33751,Dennis Kane,1764,134
Africa,DL-28651,Dan Lawera,926,287
Africa,DL-29251,Daniel Lacy,356,511
Africa,DL-33151,Delfina Latchford,715,344
Africa,DL-33301,Denise Leinenbach,14,745
Africa,DL-34951,Dionis Lloyd,655,375
Africa,DM-29551,Dario Medina,878,301
Africa,DM-30151,Darrin Martin,966,272
Africa,DM-33451,Denise Monton,334,524
Africa,DM-35251,Don Miller,246,571
Africa,DN-36901,Duane Noonan,735,338
Africa,DO-34351,Denny Ordway,2261,87
Africa,DO-36451,Doug O'Connell,251,567
Africa,DP-30001,Darren Powers,1107,243
Africa,DP-31051,Dave Poirier,5858,6
Africa,DP-31651,David Philippe,1364,200
Africa,DP-33901,Dennis Pardue,714,346
Africa,DR-28801,Dan Reichenbach,1091,245
Africa,DR-29401,Daniel Raglin,2065,101
Africa,DS-30301,Darrin Sayre,691,358
Africa,DS-31801,David Smith,177,613
Africa,DV-30451,Darrin Van Huff,1269,223
Africa,DV-34651,Dianna Vittorini,162,635
Africa,DW-31951,David Wiener,55,714
Africa,DW-34801,Dianna Wilson,1339,205
Africa,DW-35401,Don Weiss,25,734
Africa,DW-35851,Dorothy Wardle,435,466
Africa,Dl-36001,Dorris liebe,993,262
Africa,Dp-32401,Dean percer,382,497
Africa,EB-37051,Ed Braxton,2720,64
Africa,EB-38401,Ellis Ballard,9,749
Africa,EB-38701,Emily Burns,84,687
Africa,EB-39301,Eric Barreto,1462,181
Africa,EB-39751,Erica Bern,2074,100
Africa,EB-41101,Eugene Barchas,1475,179
Africa,EB-41701,Evan Bailliet,872,302
Africa,EC-40501,Erin Creighton,1537,168
Africa,ED-38851,Emily Ducich,166,628
Africa,EG-39001,Emily Grady,5151,8
Africa,EH-37651,Edward Hooks,605,396
Africa,EH-39451,Eric Hoffmann,1244,224
Africa,EH-39901,Erica Hackney,635,381
Africa,EH-40051,Erica Hernandez,976,265
Africa,EH-41251,Eugene Hildebrand,1087,246
Africa,EH-41851,Evan Henry,1863,124
Africa,EJ-37201,Ed Jacobs,1204,234
Africa,EJ-41551,Eva Jacobs,1841,125
Africa,EK-37951,Eileen Kiefer,174,618
Africa,EL-37351,Ed Ludwig,1976,108
Africa,EM-38101,Eleni McCrary,166,629
Africa,EM-38251,Elizabeth Moffitt,41,723
Africa,EM-39601,Eric Murdock,1171,237
Africa,EM-40651,Erin Mull,1775,131
Africa,EM-40951,Eudokia Martin,1759,138
Africa,EM-41401,Eugene Moren,639,379
Africa,EM-42001,Evan Minnotte,1922,116
Africa,EN-37801,Edward Nazzal,179,611
Africa,EP-39151,Emily Phan,294,545
Africa,ER-38551,Elpida Rittenbach,464,456
Africa,ES-40201,Erica Smith,367,504
Africa,ES-40801,Erin Smith,960,273
Africa,FA-42301,Frank Atkinson,172,621
Africa,FC-42451,Frank Carlisle,946,278
Africa,FC-43351,Fred Chung,126,666
Africa,FG-42601,Frank Gastineau,83,688
Africa,FH-42751,Frank Hawley,34,727
Africa,FH-43501,Fred Harton,45,722
Africa,FH-43651,Fred Hopkins,192,600
Africa,FM-42151,Filia McAdams,1994,107
Africa,FM-42901,Frank Merwin,327,530
Africa,FM-43801,Fred McMath,49,718
Africa,FO-43051,Frank Olsen,140,653
Africa,FP-43201,Frank Preis,161,636
Africa,FW-43951,Fred Wasserman,683,362
Africa,GA-45151,George Ashbrook,247,569
Africa,GB-45301,George Bell,375,498
Africa,GB-45751,Giulietta Baptist,1372,198
Africa,GD-45901,Giulietta Dortch,46,721
Africa,GG-46501,Greg Guthrie,26,733
Africa,GH-44101,Gary Hansen,967,271
Africa,GH-44251,Gary Hwang,3649,35
Africa,GH-44851,Gene Hale,346,515
Africa,GH-46651,Greg Hansen,361,507
Africa,GK-46201,Grace Kelly,649,376
Africa,GM-44401,Gary McGarr,596,400
Africa,GM-44551,Gary Mitchum,207,591
Africa,GM-45001,Gene McClure,3670,34
Africa,GM-46801,Greg Matthias,522,432
Africa,GM-46951,Greg Maxwell,474,451
Africa,GP-47401,Guy Phonely,3415,39
Africa,GR-45601,Georgia Rosenberg,4473,17
Africa,GT-46351,Grant Thornton,1113,241
Africa,GT-47101,Greg Tran,221,583
Africa,GT-47551,Guy Thornton,2475,77
Africa,GW-46051,Giulietta Weimer,565,414
Africa,GZ-44701,Gary Zandusky,2619,69
Africa,GZ-45451,George Zrebassa,92,681
Africa,HA-49051,Helen Abelman,146,649
Africa,HD-47851,Harold Dahlen,3311,42
Africa,HE-48001,Harold Engle,227,578
Africa,HF-49951,Herbert Flentye,1410,190
Africa,HG-48451,Harry Greene,1765,133
Africa,HG-49651,Henry Goldwyn,83,689
Africa,HG-50251,Hunter Glantz,1057,250
Africa,HH-50101,Hilary Holden,1296,219
Africa,HJ-48751,Heather Jas,233,575
Africa,HK-48901,Heather Kirkland,301,543
Africa,HL-50401,Hunter Lopez,127,665
Africa,HM-48601,Harry Marie,259,563
Africa,HM-49801,Henry MacAllister,4068,27
Africa,HP-48151,Harold Pawlan,608,394
Africa,HR-47701,Hallie Redmond,1833,126
Africa,HR-48301,Harold Ryan,331,526
Africa,HW-49351,Helen Wasserman,443,462
Africa,HZ-49501,Henia Zydlo,2525,74
Africa,IG-50851,Ivan Gibson,4148,23
Africa,IL-51001,Ivan Liston,368,503
Africa,IM-50551,Ionia McGrath,3118,45
Africa,IM-50701,Irene Maddox,168,627
Africa,JA-59701,Joseph Airdo,872,303
Africa,JB-54001,Jennifer Braxton,1666,151
Africa,JB-59251,Joni Blumstein,351,512
Africa,JB-60001,Joy Bell-,786,323
Africa,JB-60451,Julia Barnett,2058,103
Africa,JC-53401,Jasper Cacioppo,427,470
Africa,JC-53851,Jenna Caffey,893,298
Africa,JC-57751,John Castell,314,536
Africa,JC-61051,Julie Creighton,61,703
Africa,JD-57901,John Dryer,959,275
Africa,JD-58951,Jonathan Doherty,1435,185
Africa,JD-60151,Joy Daniels,1188,235
Africa,JD-60601,Julia Dunbar,3471,36
Africa,JD-61501,Justin Deggeller,1679,149
Africa,JE-54751,Jeremy Ellison,179,612
Africa,JE-56101,Jim Epp,613,390
Africa,JE-57151,Joe Elijah,107,677
Africa,JE-57451,Joel Eaton,499,443
Africa,JE-61651,Justin Ellison,4343,19
Africa,JF-51901,Jamie Frazer,128,664
Africa,JF-52951,Jason Fortune-,681,363
Africa,JF-53551,Jay Fein,575,409
Africa,JF-54151,Jennifer Ferguson,6470,4
Africa,JF-54901,Jeremy Farry,709,350
Africa,JF-55651,Jill Fjeld,3367,41
Africa,JG-51151,Jack Garza,836,313
Africa,JG-51601,James Galang,1274,222
Africa,JG-58051,John Grady,81,691
Africa,JH-54301,Jennifer Halladay,790,321
Africa,JH-58201,John Huston,920,291
Africa,JH-59101,Jonathan Howell,2272,85
Africa,JH-59851,Joseph Holt,1536,169
Africa,JH-61801,Justin Hirsh,1762,135
Africa,JJ-54451,Jennifer Jackson,1952,115
Africa,JJ-57601,Joel Jenkins,908,295
Africa,JK-52051,Jamie Kunitz,621,388
Africa,JK-53251,Jason Klamczynski,203,596
Africa,JK-53701,Jay Kimmel,2350,80
Africa,JK-56251,Jim Karlsson,1969,110
Africa,JK-56401,Jim Kriz,164,633
Africa,JK-57301,Joe Kamberova,2764,61
Africa,JK-60901,Juliana Krohn,1078,248
Africa,JK-61201,Julie Kriz,625,386
Africa,JL-51301,Jack Lebron,1313,214
Africa,JL-51751,James Lanier,691,359
Africa,JL-55051,Jeremy Lonsdale,927,286
Africa,JL-58351,John Lee,731,340
Africa,JL-58501,John Lucas,599,399
Africa,JM-52501,Janet Martin,1956,113
Africa,JM-52651,Janet Molinari,708,352
Africa,JM-55351,Jessica Myrick,73,695
Africa,JM-55801,Jill Matthias,715,345
Africa,JM-56551,Jim Mitchum,2336,83
Africa,JM-58651,John Murray,697,356
Africa,JM-61951,Justin MacKendrick,535,425
Africa,JO-51451,Jack O'Briant,2255,88
Africa,JO-55501,Jesus Ocampo,1880,122
Africa,JP-54601,Jennifer Patt,113,675
Africa,JP-55201,Jeremy Pistek,1213,232
Africa,JP-61351,Julie Prescott,231,577
Africa,JR-56701,Jim Radford,1480,176
Africa,JR-57001,Jocasta Rupert,1409,191
Africa,JR-62101,Justin Ritter,617,389
Africa,JS-55951,Jill Stevenson,59,707
Africa,JS-56851,Jim Sink,263,559
Africa,JS-58801,John Stevenson,973,266
Africa,JS-59401,Joni Sundaresam,755,331
Africa,JS-60301,Joy Smith,1122,239
Africa,JW-52201,Jane Waco,6173,5
Africa,JW-59551,Joni Wasserman,249,568
Africa,JW-60751,Julia West,644,378
Africa,KA-65251,Kelly Andreada,407,487
Africa,KB-62401,Karen Bern,868,304
Africa,KB-63151,Karl Braun,1109,242
Africa,KB-66001,Ken Brennan,608,395
Africa,KC-62551,Karen Carlisle,698,355
Africa,KC-65401,Kelly Collister,175,616
Africa,KC-66751,Kimberly Carter,19,739
Africa,KD-63451,Katherine Ducich,364,506
Africa,KD-64951,Keith Dawkins,938,282
Africa,KD-66151,Ken Dana,205,594
Africa,KE-64201,Katrina Edelman,573,411
Africa,KF-62851,Karen Ferguson,291,548
Africa,KH-63301,Katharine Harms,1311,215
Africa,KH-63601,Katherine Hughes,1616,155
Africa,KH-65101,Keith Herrera,1473,180
Africa,KH-66301,Ken Heidel,340,522
Africa,KH-66901,Kristen Hastings,405,488
Africa,KL-65551,Kelly Lampkin,1401,192
Africa,KL-66451,Ken Lonsdale,1340,204
Africa,KM-62251,Kalyca Meade,7,751
Africa,KM-63751,Katherine Murray,1355,201
Africa,KM-66601,Khloe Miller,19,740
Africa,KN-63901,Katherine Nockton,117,670
Africa,KN-64501,Kean Nguyen,1221,230
Africa,KN-67051,Kristina Nunn,318,535
Africa,KS-63001,Karen Seio,113,676
Africa,KT-64651,Kean Takahito,939,281
Africa,KT-64801,Kean Thornton,1720,140
Africa,KW-64351,Katrina Willman,427,471
Africa,KW-65701,Kelly Williams,549,419
Africa,LA-67801,Laura Armstrong,559,415
Africa,LB-67351,Larry Blacks,743,335
Africa,LB-67951,Laurel Beltran,247,570
Africa,LC-68701,Lena Cacioppo,294,546
Africa,LC-68851,Lena Creighton,1711,142
Africa,LC-69301,Linda Cazamias,3984,30
Africa,LC-69601,Lindsay Castell,1905,119
Africa,LC-70501,Liz Carlisle,1909,117
Africa,LC-71401,Logan Currie,1309,217
Africa,LD-68551,Lela Donovan,1703,146
Africa,LD-70051,Lisa DeCherney,61,704
Africa,LF-71851,Luke Foster,351,513
Africa,LH-67501,Larry Hughes,312,537
Africa,LH-69001,Lena Hernandez,815,315
Africa,LH-70201,Lisa Hazard,969,268
Africa,LH-71551,Logan Haushalter,137,657
Africa,LL-68401,Lauren Leatherbury,3082,47
Africa,LM-70651,Liz MacKendrick,1616,156
Africa,LO-71701,Lori Olson,1349,203
Africa,LP-70801,Liz Pelletier,1625,154
Africa,LP-70951,Liz Preis,4,753
Africa,LR-69151,Lena Radford,49,719
Africa,LR-70351,Lisa Ryan,1864,123
Africa,LS-69451,Linda Southworth,1321,211
Africa,LS-69751,Lindsay Shagiari,217,586
Africa,LS-72301,Lycoris Saunders,505,440
Africa,LS-72451,Lynn Smith,915,293
Africa,LT-67651,Larry Tron,1279,220
Africa,LT-71101,Liz Thompson,7853,2
Africa,LW-68251,Laurel Workman,329,528
Africa,LW-69901,Lindsay Williams,172,622
Africa,LW-71251,Liz Willingham,2012,105
Africa,LW-72151,Luke Weiss,896,297
Africa,MA-75601,Matt Abelman,559,416
Africa,MA-79951,Michelle Arnett,1558,167
Africa,MB-73051,Maria Bertelson,4215,21
Africa,MB-80851,Mick Brown,139,655
Africa,MC-72751,Marc Crier,1324,210
Africa,MC-74251,Mark Cousins,1381,195
Africa,MC-75751,Matt Collins,761,329
Africa,MC-75901,Matt Collister,481,449
Africa,MC-76051,Matt Connell,18,742
Africa,MC-76351,Matthew Clasen,634,382
Africa,MC-78451,Michael Chen,384,495
Africa,MC-81301,Mike Caudle,345,517
Africa,MD-73501,Maribeth Dona,732,339
Africa,ME-73201,Maria Etezadi,419,474
Africa,ME-77251,Max Engle,514,435
Africa,ME-80101,Michelle Ellison,161,637
Africa,MF-76651,Maureen Fritzler,58,710
Africa,MF-82501,Monica Federle,25,735
Africa,MG-76501,Matthew Grinstein,302,542
Africa,MG-76801,Maureen Gastineau,2878,56
Africa,MG-76951,Maureen Gnade,557,417
Africa,MG-78751,Michael Grace,80,693
Africa,MG-81451,Mike Gockenbach,4881,11
Africa,MG-82051,Mitch Gastineau,1355,202
Africa,MH-72901,Marc Harrigan,1684,148
Africa,MH-74401,Mark Haberlin,2763,62
Africa,MH-74551,Mark Hamilton,457,459
Africa,MH-76201,Matt Hagelstein,372,500
Africa,MH-77851,Maya Herman,1580,161
Africa,MH-80251,Michelle Huthwaite,451,460
Africa,MH-81151,Mick Hernandez,942,280
Africa,MJ-77401,Max Jones,1080,247
Africa,MK-79051,Michael Kennedy,347,514
Africa,MK-81601,Mike Kennedy,1310,216
Africa,ML-73951,Marina Lichtenstein,497,444
Africa,ML-77551,Max Ludwig,937,284
Africa,ML-80401,Michelle Lonsdale,1513,172
Africa,ML-82651,Muhammed Lee,984,264
Africa,MM-72601,Magdelene Morse,19,741
Africa,MM-79201,Michael Moore,968,269
Africa,MM-80551,Michelle Moray,686,361
Africa,MM-82801,Muhammed MacIntyre,664,371
Africa,MN-79351,Michael Nguyen,71,696
Africa,MO-75001,Mary O'Rourke,580,408
Africa,MO-78001,Meg O'Connel,1885,121
Africa,MO-79501,Michael Oakman,712,348
Africa,MP-74701,Mark Packer,59,708
Africa,MP-79651,Michael Paige,295,544
Africa,MP-81751,Mike Pelletier,944,279
Africa,MR-75451,Mathew Reese,1963,111
Africa,MS-73651,Maribeth Schnelling,1233,229
Africa,MS-75301,MaryBeth Skach,569,412
Africa,MS-77101,Maurice Satty,164,634
Africa,MS-77701,Maxwell Schwartz,217,587
Africa,MS-78301,Melanie Seite,305,539
Africa,MS-79801,Michael Stewart,673,366
Africa,MT-78151,Meg Tillman,344,518
Africa,MT-80701,Michelle Tran,4827,13
Africa,MV-74851,Mark Van Huff,636,380
Africa,MV-81901,Mike Vittorini,3445,37
Africa,MW-82201,Mitch Webber,224,579
Africa,MW-82351,Mitch Willingham,675,365
Africa,MY-73801,Maribeth Yedwab,158,641
Africa,MY-82951,Muhammed Yedwab,2993,52
Africa,MZ-73351,Maria Zettner,180,609
Africa,MZ-75151,Mary Zewe,1234,228
Africa,NB-85801,Nicole Brennan,633,383
Africa,NB-86551,Nona Balk,131,661
Africa,NC-83401,Nat Carroll,2280,84
Africa,NC-84151,Nathan Cano,287,549
Africa,NC-85351,Nick Crebassa,782,324
Africa,NC-86251,Noah Childs,339,523
Africa,ND-83701,Natalie DeCherney,360,508
Africa,ND-84601,Neil Ducich,1973,109
Africa,NF-83851,Natalie Fritzler,2029,104
Africa,NF-84751,Neil Französisch,755,332
Africa,NF-85951,Nicole Fjeld,801,319
Africa,NG-83551,Nat Gilpin,358,509
Africa,NG-84301,Nathan Gelder,430,468
Africa,NH-86101,Nicole Hansen,31,728
Africa,NK-84901,Neil Knudson,2393,79
Africa,NL-83101,Nancy Lomonaco,222,580
Africa,NM-84451,Nathan Mautz,191,602
Africa,NP-83251,Naresj Patel,219,585
Africa,NP-86701,Nora Paige,1954,114
Africa,NP-86851,Nora Pelletier,4655,15
Africa,NP-87001,Nora Preis,1330,208
Africa,NR-85501,Nick Radford,305,540
Africa,NS-85051,Neola Schneider,901,296
Africa,NS-86401,Noel Staavos,694,357
Africa,NW-84001,Natalie Webber,5100,9
Africa,ON-87151,Odella Nelson,346,516
Africa,OT-87301,Olvera Toch,220,584
Africa,PA-90601,Pete Armstrong,3223,43
Africa,PB-88051,Patrick Bzostek,254,566
Africa,PB-91501,Philip Brown,393,491
Africa,PB-92101,Phillip Breyer,270,554
Africa,PC-87451,Pamela Coakley,85,685
Africa,PC-90001,Pauline Chand,1040,254
Africa,PF-91201,Peter Fuller,714,347
Africa,PF-91651,Philip Fox,1533,170
Africa,PF-92251,Phillip Flathmann,357,510
Africa,PG-88201,Patrick Gardner,459,457
Africa,PG-88951,Paul Gonzalez,482,448
Africa,PH-87901,Patricia Hirasaki,177,614
Africa,PJ-88351,Patrick Jones,581,406
Africa,PJ-90151,Pauline Johnson,623,387
Africa,PK-90751,Pete Kriz,533,427
Africa,PL-89251,Paul Lucas,261,561
Africa,PM-89401,Paul MacIntyre,863,309
Africa,PM-91351,Peter McVee,746,334
Africa,PN-87751,Parhena Norris,1024,256
Africa,PO-88501,Patrick O'Brill,1076,249
Africa,PO-88651,Patrick O'Donnell,2607,71
Africa,PO-91801,Philisse Overcash,416,478
Africa,PO-91951,Phillina Ober,7799,3
Africa,PP-89551,Paul Prost,232,576
Africa,PR-88801,Patrick Ryan,517,434
Africa,PS-87601,Pamela Stobb,531,428
Africa,PS-89701,Paul Stevenson,57,713
Africa,PS-90451,Penelope Sewall,341,521
Africa,PT-90901,Pete Takahito,804,317
Africa,PV-89851,Paul Van Hugh,3156,44
Africa,PW-90301,Pauline Webber,509,438
Africa,PW-92401,Pierre Wener,1097,244
Africa,QJ-92551,Quincy Jones,165,630
Africa,RA-92851,Ralph Arnett,2760,63
Africa,RA-98851,Ruben Ausman,59,709
Africa,RA-99151,Russell Applegate,201,597
Africa,RA-99451,Ryan Akin,1012,259
Africa,RB-93301,Randy Bradley,2079,99
Africa,RB-93601,Raymond Buch,171,624
Africa,RB-94351,Richard Bierner,215,588
Africa,RB-94651,Rick Bensley,418,476
Africa,RB-95701,Rob Beeghly,267,556
Africa,RB-96451,Robert Barroso,147,648
Africa,RB-97051,Roger Barcio,4267,20
Africa,RB-97951,Ross Baird,68,698
Africa,RC-99601,Ryan Crowe,1610,157
Africa,RD-94801,Rick Duston,609,393
Africa,RD-95851,Rob Dowd,4464,18
Africa,RD-96601,Robert Dilbeck,2960,53
Africa,RD-97201,Roger Demir,2698,66
Africa,RD-98101,Ross DeVincentis,3021,50
Africa,RD-99001,Ruben Dartt,280,552
Africa,RD-99301,Russell D'Ascenzo,2183,91
Africa,RE-94051,Ricardo Emerson,868,305
Africa,RE-94501,Richard Eichhorn,1411,189
Africa,RF-93451,Randy Ferguson,688,360
Africa,RF-98401,Roy Französisch,173,620
Africa,RH-94951,Rick Hansen,2833,58
Africa,RH-95101,Rick Huthwaite,585,403
Africa,RH-95551,Ritsa Hightower,4477,16
Africa,RH-96001,Rob Haberlin,1421,186
Africa,RK-93001,Ralph Kennedy,383,496
Africa,RL-96151,Rob Lucas,169,625
Africa,RM-93751,Raymond Messe,709,351
Africa,RM-96751,Robert Marley,198,598
Africa,RM-97501,Roland Murray,53,715
Africa,RO-97801,Rose O'Brian,2597,72
Africa,RP-92701,Rachel Payne,238,574
Africa,RP-93901,Resi Pölking,4862,12
Africa,RP-98551,Roy Phan,2342,82
Africa,RR-93151,Ralph Ritter,27,731
Africa,RS-94201,Ricardo Sperren,331,527
Africa,RS-97651,Roland Schwarz,960,274
Africa,RS-98701,Roy Skaria,467,454
Africa,RW-95401,Rick Wilson,4821,14
Africa,RW-96301,Rob Williams,546,420
Africa,RW-96901,Robert Waldorf,294,547
Africa,SA-108301,Sue Ann Reed,505,441
Africa,SB-101701,Sarah Bern,1321,212
Africa,SB-101851,Sarah Brown,935,285
Africa,SC-100201,Sam Craven,48,720
Africa,SC-100501,Sample Company A,1493,174
Africa,SC-100951,Sanjit Chand,717,343
Africa,SC-102301,Scot Coram,174,619
Africa,SC-103051,Sean Christensen,2350,81
Africa,SC-103801,Shahid Collister,1446,184
Africa,SC-104401,Shaun Chance,1648,152
Africa,SC-106801,Steve Carroll,2511,75
Africa,SC-106951,Steve Chapman,1335,206
Africa,SC-107251,Steven Cartwright,2136,94
Africa,SC-107701,Stewart Carmichael,27,732
Africa,SC-108001,Stuart Calhoun,62,702
Africa,SC-108451,Sung Chung,613,391
Africa,SD-104851,Shirley Daniels,1115,240
Africa,SE-101101,Sanjit Engle,271,553
Africa,SF-100651,Sandra Flanagan,585,404
Africa,SF-102001,Sarah Foster,1049,253
Africa,SF-109651,Sylvia Foulston,868,306
Africa,SG-100801,Sandra Glassco,788,322
Africa,SG-104701,Sheri Gordon,666,370
Africa,SG-106051,Speros Goranitis,968,270
Africa,SG-108901,Susan Gilcrest,459,458
Africa,SH-103951,Shahid Hopkins,52,717
Africa,SH-99751,Sally Hughsby,520,433
Africa,SJ-101251,Sanjit Jacobs,1050,251
Africa,SJ-102151,Sarah Jordon,61,705
Africa,SK-99901,Sally Knutson,1032,255
Africa,SL-101551,Sara Luxemburg,1516,171
Africa,SM-100051,Sally Matthias,4068,28
Africa,SM-103201,Sean Miller,3993,29
Africa,SM-109051,Susan MacKendrick,1576,162
Africa,SM-109501,Suzanne McNair,114,674
Africa,SN-105601,Skye Norling,729,341
Africa,SN-107101,Steve Nguyen,192,601
Africa,SO-103351,Sean O'Donnell,130,662
Africa,SP-105451,Sibella Parks,419,475
Africa,SP-106201,Stefania Perrino,77,694
Africa,SP-106501,Stephanie Phelps,431,467
Africa,SP-108601,Sung Pak,503,442
Africa,SP-109201,Susan Pistek,165,631
Africa,SR-104251,Sharelle Roach,122,669
Africa,SR-107401,Steven Roelle,158,642
Africa,SS-101401,Saphhira Shifley,169,626
Africa,SS-104101,Shahid Shariari,222,581
Africa,SS-105151,Shirley Schmidt,373,499
Africa,SS-105901,Sonia Sunley,884,300
Africa,SS-108751,Sung Shariari,489,446
Africa,ST-105301,Shui Tom,777,325
Africa,SU-106651,Stephanie Ulpright,1766,132
Africa,SV-107851,Stewart Visinsky,2833,59
Africa,SV-108151,Stuart Van,858,311
Africa,SV-109351,Susan Vittorini,172,623
Africa,SW-102451,Scot Wooten,1420,187
Africa,SW-102751,Scott Williamson,165,632
Africa,SW-103501,Sean Wendt,743,336
Africa,SW-104551,Shaun Weien,1379,197
Africa,SW-107551,Steven Ward,610,392
Africa,SZ-100351,Sam Zeldin,409,486
Africa,TA-113851,Tom Ashbrook,2226,89
Africa,TB-110551,Ted Butterfield,193,599
Africa,TB-111751,Thomas Boland,528,430
Africa,TB-111901,Thomas Brumley,424,472
Africa,TB-112501,Tim Brockman,1957,112
Africa,TB-112801,Toby Braunhardt,710,349
Africa,TB-113551,Todd Boyes,311,538
Africa,TB-114001,Tom Boeckenhauer,1761,136
Africa,TB-115201,Tracy Blumstein,2540,73
Africa,TB-115951,Troy Blackwell,38,724
Africa,TB-116251,Trudy Brown,956,276
Africa,TC-109801,Tamara Chand,587,402
Africa,TC-111451,Theresa Coyne,417,477
Africa,TC-112951,Toby Carlisle,156,644
Africa,TC-114751,Tony Chapman,448,461
Africa,TC-115351,Tracy Collins,1810,129
Africa,TD-109951,Tamara Dahlen,150,647
Africa,TG-113101,Toby Gnade,16,743
Africa,TG-116401,Trudy Glocke,469,453
Africa,TH-111001,Thea Hendricks,25,736
Africa,TH-111151,Thea Hudgings,1761,137
Africa,TH-112351,Tiffany House,1456,183
Africa,TH-115501,Tracy Hopkins,181,607
Africa,TM-110101,Tamara Manning,61,706
Africa,TM-114901,Tony Molinari,283,551
Africa,TN-110401,Tanja Norvell,188,605
Africa,TP-111301,Theone Pippenger,748,333
Africa,TP-114151,Tom Prescott,605,397
Africa,TP-115651,Tracy Poddar,285,550
Africa,TR-113251,Toby Ritter,2272,86
Africa,TS-110851,Thais Sissman,677,364
Africa,TS-111601,Theresa Swint,646,377
Africa,TS-112051,Thomas Seio,584,405
Africa,TS-113401,Toby Swindell,1173,236
Africa,TS-113701,Todd Sumrall,329,529
Africa,TS-114301,Tom Stivers,523,431
Africa,TS-115051,Tony Sayre,2116,96
Africa,TS-116101,Troy Staebel,397,490
Africa,TS-116551,Trudy Schmidt,176,615
Africa,TT-110701,Ted Trevino,1572,163
Africa,TT-112201,Thomas Thornton,1146,238
Africa,TT-112651,Tim Taslimi,2618,70
Africa,TT-114601,Tonja Turnell,189,604
Africa,TW-110251,Tamara Willingham,125,667
Africa,TZ-114451,Tom Zandusky,158,643
Africa,TZ-115801,Tracy Zic,132,658
Africa,VB-117451,Victoria Brennan,386,494
Africa,VD-116701,Valerie Dominguez,123,668
Africa,VF-117151,Vicky Freymann,543,421
Africa,VG-117901,Vivek Gonzalez,266,557
Africa,VG-118051,Vivek Grady,85,686
Africa,VM-116851,Valerie Mitchum,58,711
Africa,VM-118351,Vivian Mathis,1209,233
Africa,VP-117301,Victor Preis,129,663
Africa,VP-117601,Victoria Pisteka,152,646
Africa,VS-118201,Vivek Sundaresam,71,697
Africa,VT-117001,Valerie Takahito,241,573
Africa,VW-117751,Victoria Wilson,925,289
Africa,WB-118501,William Brown,30,730
Africa,XP-118651,Xylona Preis,304,541
Africa,YC-118951,Yoseph Carroll,97,680
Africa,YS-118801,Yana Sorensen,190,603
Africa,ZC-119101,Zuschuss Carroll,7,752
Africa,ZD-119251,Zuschuss Donatelli,1016,258
Canada,AA-3752,Allen Armold,27,155
Canada,AA-4802,Andrew Allen,1085,16
Canada,AB-1052,Adrian Barton,64,130
Canada,AB-1652,Alan Barnes,411,50
Canada,AB-2552,Alejandro Ballentine,283,64
Canada,AC-4502,Amy Cox,147,92
Canada,AF-8702,Art Ferguson,125,103
Canada,AG-2702,Alejandro Grove,296,60
Canada,AG-4952,Andrew Gjertsen,52,138
Canada,AH-1952,Alan Haines,88,122
Canada,AH-752,Adam Hart,137,96
Canada,AJ-7802,Anthony Jacobs,19,168
Canada,AM-7052,Anne McFarland,24,161
Canada,AO-8102,Anthony O'Donnell,386,53
Canada,AS-1351,Adrian Shami,187,79
Canada,AS-2252,Alan Schoenberger,28,152
Canada,AS-2401,Alan Shonely,5,181
Canada,AZ-7502,Annie Zypern,96,116
Canada,BF-10802,Bart Folk,2183,4
Canada,BM-16502,Brian Moss,17,171
Canada,BP-11552,Becky Pak,175,81
Canada,BT-15302,Bradley Talbott,832,26
Canada,BW-10652,Barry Weirich,70,127
Canada,BW-11102,Bart Watters,17,172
Canada,CA-20551,Cathy Armstrong,1002,19
Canada,CC-22202,Chris Cortes,944,22
Canada,CC-24752,Cindy Chapman,701,33
Canada,CD-19802,Carol Darley,156,86
Canada,CJ-20102,Caroline Jumper,109,108
Canada,CL-18902,Carl Ludwig,53,137
Canada,CP-20852,Cathy Prescott,885,24
Canada,CR-26252,Corey Roper,100,111
Canada,CS-19502,Carlos Soltero,80,124
Canada,CS-21302,Chad Sievert,25,160
Canada,DB-29102,Daniel Byrd,1180,13
Canada,DB-31202,David Bremer,465,42
Canada,DC-28502,Dan Campbell,2091,5
Canada,DH-36752,Duane Huffman,30,148
Canada,DJ-35102,Don Jones,194,76
Canada,DK-33752,Dennis Kane,60,133
Canada,DL-28652,Dan Lawera,256,66
Canada,DL-33302,Denise Leinenbach,156,87
Canada,DM-29552,Dario Medina,139,93
Canada,DM-35252,Don Miller,1183,12
Canada,DN-36902,Duane Noonan,949,21
Canada,DO-36452,Doug O'Connell,1112,15
Canada,DP-30002,Darren Powers,30,149
Canada,DP-33902,Dennis Pardue,91,119
Canada,DW-34802,Dianna Wilson,2469,2
Canada,DW-35402,Don Weiss,428,48
Canada,DW-35852,Dorothy Wardle,27,156
Canada,Dp-32402,Dean percer,128,100
Canada,EB-37501,Edward Becker,173,83
Canada,EB-38402,Ellis Ballard,1444,9
Canada,ED-38852,Emily Ducich,15,174
Canada,EH-39452,Eric Hoffmann,223,71
Canada,EM-38252,Elizabeth Moffitt,13,177
Canada,EM-39602,Eric Murdock,100,112
Canada,EM-40652,Erin Mull,139,94
Canada,EM-40952,Eudokia Martin,193,78
Canada,ES-40202,Erica Smith,735,30
Canada,FG-42602,Frank Gastineau,26,158
Canada,GB-45302,George Bell,21,166
Canada,GH-44252,Gary Hwang,127,102
Canada,GH-44852,Gene Hale,449,44
Canada,GH-46652,Greg Hansen,20,167
Canada,GT-47552,Guy Thornton,249,67
Canada,GZ-44702,Gary Zandusky,62,131
Canada,GZ-45452,George Zrebassa,22,163
Canada,HA-49201,Helen Andreada,100,113
Canada,HG-49652,Henry Goldwyn,246,68
Canada,HK-48902,Heather Kirkland,336,55
Canada,HR-47702,Hallie Redmond,97,115
Canada,JD-58952,Jonathan Doherty,961,20
Canada,JF-52952,Jason Fortune-,90,121
Canada,JH-54302,Jennifer Halladay,28,153
Canada,JH-59102,Jonathan Howell,125,104
Canada,JH-61802,Justin Hirsh,34,147
Canada,JK-56252,Jim Karlsson,2264,3
Canada,JK-60902,Juliana Krohn,116,106
Canada,JK-61202,Julie Kriz,875,25
Canada,JL-51302,Jack Lebron,666,36
Canada,JL-52351,Janet Lee,1186,11
Canada,JM-52652,Janet Molinari,424,49
Canada,JM-56552,Jim Mitchum,1164,14
Canada,JM-58652,John Murray,349,54
Canada,JP-54602,Jennifer Patt,503,41
Canada,JP-55202,Jeremy Pistek,133,97
Canada,JR-62102,Justin Ritter,169,84
Canada,JS-55952,Jill Stevenson,138,95
Canada,JS-59402,Joni Sundaresam,17,173
Canada,JS-60302,Joy Smith,431,47
Canada,KB-66002,Ken Brennan,29,150
Canada,KH-66902,Kristen Hastings,52,139
Canada,KM-63752,Katherine Murray,197,75
Canada,KT-64652,Kean Takahito,48,141
Canada,LB-67352,Larry Blacks,114,107
Canada,LC-68852,Lena Creighton,95,117
Canada,LC-71402,Logan Currie,922,23
Canada,LD-70052,Lisa DeCherney,19,169
Canada,LH-71552,Logan Haushalter,152,90
Canada,LP-70952,Liz Preis,238,69
Canada,LS-69452,Linda Southworth,194,77
Canada,LS-69752,Lindsay Shagiari,451,43
Canada,LS-72452,Lynn Smith,40,146
Canada,LT-67652,Larry Tron,29,151
Canada,LW-72152,Luke Weiss,277,65
Canada,MA-79952,Michelle Arnett,130,98
Canada,MD-73502,Maribeth Dona,26,159
Canada,ME-77252,Max Engle,204,74
Canada,MG-82052,Mitch Gastineau,15,175
Canada,MH-74402,Mark Haberlin,326,57
Canada,MH-76202,Matt Hagelstein,129,99
Canada,MH-80252,Michelle Huthwaite,22,164
Canada,MK-79052,Michael Kennedy,187,80
Canada,MK-81602,Mike Kennedy,80,125
Canada,ML-77552,Max Ludwig,51,140
Canada,ML-80402,Michelle Lonsdale,73,126
Canada,MM-72602,Magdelene Morse,314,59
Canada,MZ-75152,Mary Zewe,150,91
Canada,NB-85802,Nicole Brennan,100,114
Canada,NC-83402,Nat Carroll,229,70
Canada,NC-86252,Noah Childs,103,110
Canada,ND-84602,Neil Ducich,41,144
Canada,NF-83852,Natalie Fritzler,402,52
Canada,NF-84752,Neil Französisch,676,34
Canada,NG-83552,Nat Gilpin,403,51
Canada,NG-84302,Nathan Gelder,728,31
Canada,NH-86102,Nicole Hansen,1005,18
Canada,NM-84452,Nathan Mautz,18,170
Canada,NP-83252,Naresj Patel,531,40
Canada,NW-84002,Natalie Webber,334,56
Canada,PB-88052,Patrick Bzostek,620,38
Canada,PC-90002,Pauline Chand,120,105
Canada,PF-91202,Peter Fuller,322,58
Canada,PO-88652,Patrick O'Donnell,205,73
Canada,PO-91802,Philisse Overcash,88,123
Canada,PO-91952,Phillina Ober,27,157
Canada,PR-88802,Patrick Ryan,289,62
Canada,RA-92852,Ralph Arnett,295,61
Canada,RA-98852,Ruben Ausman,154,88
Canada,RB-97052,Roger Barcio,285,63
Canada,RD-94802,Rick Duston,91,120
Canada,RD-95852,Rob Dowd,704,32
Canada,RD-96602,Robert Dilbeck,175,82
Canada,RF-93452,Randy Ferguson,13,178
Canada,RH-96002,Rob Haberlin,1826,6
Canada,RM-96752,Robert Marley,212,72
Canada,RR-95251,Rick Reed,675,35
Canada,RS-94202,Ricardo Sperren,12,179
Canada,RW-96302,Rob Williams,14,176
Canada,SA-108302,Sue Ann Reed,55,135
Canada,SC-102601,Scott Cohen,633,37
Canada,SC-107702,Stewart Carmichael,55,136
Canada,SG-100802,Sandra Glassco,56,134
Canada,SH-103952,Shahid Hopkins,67,129
Canada,SJ-101252,Sanjit Jacobs,23,162
Canada,SJ-102152,Sarah Jordon,22,165
Canada,SL-101552,Sara Luxemburg,28,154
Canada,SN-105602,Skye Norling,441,46
Canada,SR-104252,Sharelle Roach,107,109
Canada,SS-101402,Saphhira Shifley,7,180
Canada,SS-104102,Shahid Shariari,1799,7
Canada,SV-103651,Seth Vernon,761,29
Canada,SV-108152,Stuart Van,4009,1
Canada,SW-102752,Scott Williamson,1025,17
Canada,SW-107552,Steven Ward,779,28
Canada,TB-112802,Toby Braunhardt,448,45
Canada,TC-112952,Toby Carlisle,569,39
Canada,TC-114752,Tony Chapman,822,27
Canada,TD-109952,Tamara Dahlen,41,145
Canada,TG-113102,Toby Gnade,128,101
Canada,TG-116402,Trudy Glocke,1561,8
Canada,TH-111152,Thea Hudgings,44,143
Canada,TH-115502,Tracy Hopkins,93,118
Canada,TP-114152,Tom Prescott,1344,10
Canada,TS-110852,Thais Sissman,46,142
Canada,TS-113402,Toby Swindell,163,85
Canada,TZ-114452,Tom Zandusky,154,89
Canada,VM-118352,Vivian Mathis,61,132
Canada,YC-118952,Yoseph Carroll,70,128
Caribbean,AA-103753,Allen Armold,19,511
Caribbean,AA-104803,Andrew Allen,2404,23
Caribbean,AA-106453,Anna Andreadi,1120,88
Caribbean,AB-100603,Adam Bellavance,199,325
Caribbean,AB-101503,Aimee Bixby,103,392
Caribbean,AB-101653,Alan Barnes,349,254
Caribbean,AB-102553,Alejandro Ballentine,3745,6
Caribbean,AC-104203,Alyssa Crouse,384,242
Caribbean,AC-104503,Amy Cox,600,185
Caribbean,AC-106153,Ann Chong,174,342
Caribbean,AC-106603,Anna Chung,1262,78
Caribbean,AD-101803,Alan Dominguez,86,407
Caribbean,AF-108703,Art Ferguson,3980,4
Caribbean,AF-108853,Art Foster,434,227
Caribbean,AG-102703,Alejandro Grove,34,486
Caribbean,AG-103003,Aleksandra Gannaway,160,354
Caribbean,AG-103303,Alex Grayson,2832,16
Caribbean,AG-103903,Allen Goldenen,1547,52
Caribbean,AG-104953,Andrew Gjertsen,21,508
Caribbean,AG-105253,Andy Gerbode,122,380
Caribbean,AG-107653,Anthony Garverick,1242,79
Caribbean,AH-100303,Aaron Hawkins,858,127
Caribbean,AH-100753,Adam Hart,845,131
Caribbean,AH-101953,Alan Haines,644,176
Caribbean,AH-102103,Alan Hwang,306,267
Caribbean,AH-104653,Amy Hunt,16,516
Caribbean,AH-106903,Anna Häberlin,72,422
Caribbean,AJ-109453,Ashley Jarboe,44,466
Caribbean,AJ-109603,Astrea Jones,1728,44
Caribbean,AM-107053,Anne McFarland,254,292
Caribbean,AP-107203,Anne Pryor,215,318
Caribbean,AP-109153,Arthur Prichep,256,288
Caribbean,AR-105403,Andy Reiter,58,445
Caribbean,AR-105703,Anemone Ratner,24,502
Caribbean,AR-108253,Anthony Rawles,559,197
Caribbean,AS-100903,Adam Shillingsburg,36,480
Caribbean,AS-101353,Adrian Shami,182,332
Caribbean,AS-102403,Alan Shonely,1417,61
Caribbean,AT-104353,Alyssa Tate,76,418
Caribbean,AT-107353,Annie Thurman,913,119
Caribbean,AW-108403,Anthony Witt,1742,42
Caribbean,AW-109303,Arthur Wiediger,115,384
Caribbean,BB-109903,Barry Blumstein,1022,103
Caribbean,BD-115003,Bradley Drucker,891,122
Caribbean,BD-115603,Brendan Dodson,69,430
Caribbean,BD-116353,Brian Derr,833,133
Caribbean,BD-117253,Bruce Degenhardt,156,357
Caribbean,BD-117703,Bryan Davis,55,452
Caribbean,BE-113353,Bill Eplett,809,140
Caribbean,BE-114103,Bobby Elias,256,289
Caribbean,BE-114553,Brad Eason,690,162
Caribbean,BF-109753,Barbara Fisher,405,239
Caribbean,BF-110053,Barry Franz,1802,38
Caribbean,BF-111703,Ben Ferrer,607,182
Caribbean,BF-112153,Benjamin Farhat,760,151
Caribbean,BF-112753,Beth Fritzler,1713,45
Caribbean,BG-110353,Barry Gonzalez,218,314
Caribbean,BG-116953,Brooke Gillingham,175,341
Caribbean,BH-117103,Brosina Hoffman,354,252
Caribbean,BK-112603,Berenike Kampe,1048,97
Caribbean,BM-115753,Brendan Murry,260,284
Caribbean,BM-116503,Brian Moss,2026,27
Caribbean,BN-115153,Bradley Nguyen,3723,7
Caribbean,BO-114253,Bobby Odegard,55,453
Caribbean,BP-110503,Barry Pond,92,403
Caribbean,BP-110953,Bart Pistole,712,158
Caribbean,BP-111553,Becky Pak,1302,73
Caribbean,BP-111853,Ben Peterman,953,114
Caribbean,BP-112303,Benjamin Patterson,354,253
Caribbean,BP-112903,Beth Paige,1498,54
Caribbean,BS-113653,Bill Shonely,1763,41
Caribbean,BS-117553,Bruce Stewart,131,376
Caribbean,BS-118003,Bryan Spruell,107,387
Caribbean,BT-113053,Beth Thompson,583,190
Caribbean,BT-113953,Bill Tyler,240,298
Caribbean,BT-114403,Bobby Trafton,62,441
Caribbean,BT-114853,Brad Thomas,433,228
Caribbean,BT-115303,Bradley Talbott,63,439
Caribbean,BW-110653,Barry Weirich,35,484
Caribbean,BW-111103,Bart Watters,30,493
Caribbean,CA-119653,Carol Adams,193,328
Caribbean,CA-120553,Cathy Armstrong,56,450
Caribbean,CA-123103,Christine Abelman,185,330
Caribbean,CA-127753,Cynthia Arntzen,199,326
Caribbean,CB-120253,Cassandra Brandow,79,414
Caribbean,CB-125353,Claudia Bergmann,599,186
Caribbean,CC-121453,Charles Crestani,58,446
Caribbean,CC-122203,Chris Cortes,221,313
Caribbean,CC-124753,Cindy Chapman,369,247
Caribbean,CC-125503,Clay Cheatham,415,233
Caribbean,CD-119203,Carlos Daly,9,522
Caribbean,CD-119803,Carol Darley,104,390
Caribbean,CD-122803,Christina DeMoss,628,177
Caribbean,CD-127903,Cynthia Delaney,32,490
Caribbean,CG-120403,Catherine Glotzbach,39,473
Caribbean,CG-125203,Claire Gute,596,187
Caribbean,CH-120703,Cathy Hwang,332,259
Caribbean,CJ-120103,Caroline Jumper,49,460
Caribbean,CK-123253,Christine Kargatis,1125,87
Caribbean,CK-125953,Clytie Kelty,57,448
Caribbean,CK-127603,Cyma Kinney,64,438
Caribbean,CL-118903,Carl Ludwig,791,145
Caribbean,CL-125653,Clay Ludtke,1688,47
Caribbean,CL-127003,Craig Leslie,60,444
Caribbean,CM-119353,Carlos Meador,1071,93
Caribbean,CM-121903,Charlotte Melton,840,132
Caribbean,CM-123853,Christopher Martinez,41,468
Caribbean,CM-124453,Chuck Magee,477,218
Caribbean,CM-126553,Corinna Mitchell,878,123
Caribbean,CM-127153,Craig Molinari,301,269
Caribbean,CP-120853,Cathy Prescott,381,243
Caribbean,CP-123403,Christine Phan,1438,60
Caribbean,CS-118603,Cari Schnelling,605,183
Caribbean,CS-119503,Carlos Soltero,824,136
Caribbean,CS-121753,Charles Sheldon,356,250
Caribbean,CS-122503,Chris Selesnick,105,389
Caribbean,CS-123553,Christine Sundaresam,79,415
Caribbean,CS-124003,Christopher Schild,1496,55
Caribbean,CS-124603,Chuck Sachs,158,356
Caribbean,CS-124903,Cindy Schnelling,61,442
Caribbean,CS-125053,Cindy Stewart,117,382
Caribbean,CT-119953,Carol Triggs,134,373
Caribbean,CV-122953,Christina VanderZanden,914,117
Caribbean,CW-119053,Carl Weiss,54,455
Caribbean,CY-127453,Craig Yedwab,1182,83
Caribbean,DA-134503,Dianna Arnett,756,152
Caribbean,DB-129103,Daniel Byrd,1338,70
Caribbean,DB-132103,Dean Braden,979,109
Caribbean,DB-132703,Deborah Brumfield,29,495
Caribbean,DB-136153,Doug Bickford,525,208
Caribbean,DC-132853,Debra Catini,549,205
Caribbean,DE-132553,Deanra Eno,81,412
Caribbean,DG-133003,Deirdre Greer,124,378
Caribbean,DH-130753,Dave Hallsten,495,214
Caribbean,DH-136753,Duane Huffman,293,273
Caribbean,DJ-135103,Don Jones,19,512
Caribbean,DJ-136303,Doug Jacobs,31,492
Caribbean,DK-128353,Damala Kotsonis,1967,29
Caribbean,DK-129853,Darren Koutras,115,385
Caribbean,DK-130903,Dave Kipp,376,245
Caribbean,DK-131503,David Kendrick,1045,98
Caribbean,DK-132253,Dean Katz,443,224
Caribbean,DK-133753,Dennis Kane,230,305
Caribbean,DL-129253,Daniel Lacy,1700,46
Caribbean,DL-133153,Delfina Latchford,103,393
Caribbean,DL-133303,Denise Leinenbach,647,175
Caribbean,DM-129553,Dario Medina,3055,13
Caribbean,DO-134353,Denny Ordway,1816,37
Caribbean,DO-136453,Doug O'Connell,1307,72
Caribbean,DP-131053,Dave Poirier,39,474
Caribbean,DP-131653,David Philippe,329,261
Caribbean,DR-129403,Daniel Raglin,58,447
Caribbean,DS-130303,Darrin Sayre,238,302
Caribbean,DS-131803,David Smith,218,315
Caribbean,DV-130453,Darrin Van Huff,718,156
Caribbean,DV-134653,Dianna Vittorini,705,159
Caribbean,DW-135403,Don Weiss,11,521
Caribbean,DW-135853,Dorothy Wardle,4252,2
Caribbean,Dp-132403,Dean percer,648,174
Caribbean,EA-140353,Erin Ashbrook,55,454
Caribbean,EB-137053,Ed Braxton,1114,90
Caribbean,EB-138403,Ellis Ballard,410,236
Caribbean,EB-139303,Eric Barreto,355,251
Caribbean,EB-139753,Erica Bern,83,409
Caribbean,EB-141103,Eugene Barchas,311,266
Caribbean,EB-141703,Evan Bailliet,80,413
Caribbean,EH-139453,Eric Hoffmann,38,477
Caribbean,EH-139903,Erica Hackney,334,258
Caribbean,EH-140053,Erica Hernandez,659,170
Caribbean,EH-141253,Eugene Hildebrand,222,312
Caribbean,EH-141853,Evan Henry,988,106
Caribbean,EJ-141553,Eva Jacobs,2019,28
Caribbean,EL-137353,Ed Ludwig,815,138
Caribbean,EM-138103,Eleni McCrary,1387,66
Caribbean,EM-138253,Elizabeth Moffitt,1918,33
Caribbean,EM-140653,Erin Mull,7,523
Caribbean,EM-141403,Eugene Moren,588,188
Caribbean,EM-142003,Evan Minnotte,99,397
Caribbean,ER-138553,Elpida Rittenbach,269,281
Caribbean,ES-140803,Erin Smith,243,294
Caribbean,FC-142453,Frank Carlisle,93,402
Caribbean,FC-143353,Fred Chung,783,147
Caribbean,FG-142603,Frank Gastineau,27,496
Caribbean,FH-142753,Frank Hawley,36,481
Caribbean,FH-143503,Fred Harton,66,436
Caribbean,FM-142153,Filia McAdams,70,429
Caribbean,FM-142903,Frank Merwin,4656,1
Caribbean,FM-143803,Fred McMath,72,423
Caribbean,FP-143203,Frank Preis,122,381
Caribbean,FW-143953,Fred Wasserman,168,348
Caribbean,GB-145753,Giulietta Baptist,728,153
Caribbean,GG-146503,Greg Guthrie,88,405
Caribbean,GH-144253,Gary Hwang,38,478
Caribbean,GH-144853,Gene Hale,52,456
Caribbean,GH-146653,Greg Hansen,1676,48
Caribbean,GK-146203,Grace Kelly,49,461
Caribbean,GM-144403,Gary McGarr,23,504
Caribbean,GM-144553,Gary Mitchum,182,333
Caribbean,GM-146803,Greg Matthias,914,118
Caribbean,GM-146953,Greg Maxwell,94,401
Caribbean,GP-147403,Guy Phonely,702,160
Caribbean,GR-145603,Georgia Rosenberg,579,192
Caribbean,GT-146353,Grant Thornton,1779,40
Caribbean,GT-147103,Greg Tran,899,121
Caribbean,GT-147553,Guy Thornton,82,410
Caribbean,GW-146053,Giulietta Weimer,1292,74
Caribbean,GZ-144703,Gary Zandusky,107,388
Caribbean,GZ-145453,George Zrebassa,150,360
Caribbean,HD-147853,Harold Dahlen,678,165
Caribbean,HE-148003,Harold Engle,974,112
Caribbean,HF-149953,Herbert Flentye,142,367
Caribbean,HG-148453,Harry Greene,2987,14
Caribbean,HG-149653,Henry Goldwyn,650,173
Caribbean,HJ-148753,Heather Jas,257,286
Caribbean,HK-148903,Heather Kirkland,568,195
Caribbean,HP-148153,Harold Pawlan,180,336
Caribbean,HR-147703,Hallie Redmond,16,517
Caribbean,HW-149353,Helen Wasserman,21,509
Caribbean,IG-150853,Ivan Gibson,983,108
Caribbean,IL-151003,Ivan Liston,300,270
Caribbean,JB-154003,Jennifer Braxton,162,353
Caribbean,JB-159253,Joni Blumstein,95,400
Caribbean,JB-160003,Joy Bell-,174,343
Caribbean,JB-160453,Julia Barnett,665,169
Caribbean,JC-153853,Jenna Caffey,1568,51
Caribbean,JC-161053,Julie Creighton,37,479
Caribbean,JD-157903,John Dryer,720,155
Caribbean,JD-158953,Jonathan Doherty,295,271
Caribbean,JD-160153,Joy Daniels,851,129
Caribbean,JD-160603,Julia Dunbar,349,255
Caribbean,JD-161503,Justin Deggeller,1040,99
Caribbean,JE-154753,Jeremy Ellison,71,427
Caribbean,JE-156103,Jim Epp,36,482
Caribbean,JE-157153,Joe Elijah,82,411
Caribbean,JE-157453,Joel Eaton,2784,17
Caribbean,JF-152953,Jason Fortune-,3923,5
Caribbean,JF-154153,Jennifer Ferguson,496,213
Caribbean,JF-155653,Jill Fjeld,46,462
Caribbean,JG-151153,Jack Garza,67,434
Caribbean,JG-151603,James Galang,274,277
Caribbean,JG-153103,Jason Gross,581,191
Caribbean,JG-158053,John Grady,34,487
Caribbean,JH-154303,Jennifer Halladay,181,334
Caribbean,JH-158203,John Huston,79,416
Caribbean,JH-159853,Joseph Holt,255,291
Caribbean,JJ-154453,Jennifer Jackson,551,203
Caribbean,JJ-157603,Joel Jenkins,295,272
Caribbean,JK-153253,Jason Klamczynski,216,316
Caribbean,JK-156403,Jim Kriz,2718,18
Caribbean,JK-157303,Joe Kamberova,349,256
Caribbean,JK-160903,Juliana Krohn,292,274
Caribbean,JK-161203,Julie Kriz,205,323
Caribbean,JL-151303,Jack Lebron,100,396
Caribbean,JL-151753,James Lanier,26,498
Caribbean,JL-152353,Janet Lee,1596,50
Caribbean,JL-158353,John Lee,571,194
Caribbean,JL-158503,John Lucas,13,520
Caribbean,JM-152503,Janet Martin,68,432
Caribbean,JM-152653,Janet Molinari,1736,43
Caribbean,JO-152803,Jas O'Carroll,780,148
Caribbean,JO-155503,Jesus Ocampo,50,459
Caribbean,JP-155203,Jeremy Pistek,109,386
Caribbean,JR-156703,Jim Radford,1357,68
Caribbean,JR-157003,Jocasta Rupert,501,212
Caribbean,JR-162103,Justin Ritter,159,355
Caribbean,JS-155953,Jill Stevenson,363,249
Caribbean,JS-156853,Jim Sink,369,248
Caribbean,JS-158803,John Stevenson,63,440
Caribbean,JS-159403,Joni Sundaresam,831,134
Caribbean,JS-160303,Joy Smith,274,278
Caribbean,JW-152203,Jane Waco,18,514
Caribbean,JW-159553,Joni Wasserman,276,275
Caribbean,KA-165253,Kelly Andreada,74,420
Caribbean,KB-162403,Karen Bern,164,352
Caribbean,KB-163153,Karl Braun,974,113
Caribbean,KB-164053,Katrina Bavinger,72,424
Caribbean,KC-162553,Karen Carlisle,101,395
Caribbean,KC-165403,Kelly Collister,3200,10
Caribbean,KD-162703,Karen Daniels,189,329
Caribbean,KD-166153,Ken Dana,1193,81
Caribbean,KE-164203,Katrina Edelman,2092,26
Caribbean,KF-162853,Karen Ferguson,699,161
Caribbean,KH-163303,Katharine Harms,433,229
Caribbean,KH-163603,Katherine Hughes,87,406
Caribbean,KH-166303,Ken Heidel,25,499
Caribbean,KH-166903,Kristen Hastings,920,116
Caribbean,KL-166453,Ken Lonsdale,72,425
Caribbean,KM-163753,Katherine Murray,138,369
Caribbean,KM-166603,Khloe Miller,17,515
Caribbean,KM-167203,Kunst Miller,670,167
Caribbean,KN-163903,Katherine Nockton,1028,101
Caribbean,KN-164503,Kean Nguyen,1155,85
Caribbean,KN-167053,Kristina Nunn,151,358
Caribbean,KS-163003,Karen Seio,455,222
Caribbean,KT-164653,Kean Takahito,428,230
Caribbean,KW-165703,Kelly Williams,236,303
Caribbean,LB-167353,Larry Blacks,1183,82
Caribbean,LB-167953,Laurel Beltran,442,225
Caribbean,LC-168703,Lena Cacioppo,96,398
Caribbean,LC-169603,Lindsay Castell,15,518
Caribbean,LC-171403,Logan Currie,461,220
Caribbean,LD-168553,Lela Donovan,166,351
Caribbean,LF-171853,Luke Foster,76,419
Caribbean,LH-167503,Larry Hughes,4016,3
Caribbean,LH-170203,Lisa Hazard,1447,59
Caribbean,LL-168403,Lauren Leatherbury,168,349
Caribbean,LM-170653,Liz MacKendrick,540,206
Caribbean,LO-171703,Lori Olson,223,310
Caribbean,LP-170803,Liz Pelletier,558,198
Caribbean,LP-170953,Liz Preis,824,137
Caribbean,LR-169153,Lena Radford,304,268
Caribbean,LR-170353,Lisa Ryan,332,260
Caribbean,LS-169453,Linda Southworth,991,105
Caribbean,LS-169753,Lindsay Shagiari,683,164
Caribbean,LS-172003,Luke Schmidt,2551,20
Caribbean,LS-172453,Lynn Smith,35,485
Caribbean,LT-167653,Larry Tron,27,497
Caribbean,LW-169903,Lindsay Williams,270,280
Caribbean,LW-171253,Liz Willingham,33,488
Caribbean,LW-172153,Luke Weiss,65,437
Caribbean,MA-179953,Michelle Arnett,1163,84
Caribbean,MB-180853,Mick Brown,1028,102
Caribbean,MC-172753,Marc Crier,104,391
Caribbean,MC-174253,Mark Cousins,45,463
Caribbean,MC-175753,Matt Collins,953,115
Caribbean,MC-175903,Matt Collister,24,503
Caribbean,MC-176053,Matt Connell,1868,34
Caribbean,MC-176353,Matthew Clasen,3452,9
Caribbean,MC-181303,Mike Caudle,74,421
Caribbean,MD-178603,Michael Dominguez,226,307
Caribbean,ME-173203,Maria Etezadi,19,513
Caribbean,ME-177253,Max Engle,461,221
Caribbean,ME-180103,Michelle Ellison,1118,89
Caribbean,MF-176653,Maureen Fritzler,1039,100
Caribbean,MF-182503,Monica Federle,1954,30
Caribbean,MG-176503,Matthew Grinstein,451,223
Caribbean,MG-176803,Maureen Gastineau,614,180
Caribbean,MG-178753,Michael Grace,150,361
Caribbean,MG-181453,Mike Gockenbach,32,491
Caribbean,MG-182053,Mitch Gastineau,784,146
Caribbean,MH-172903,Marc Harrigan,1098,92
Caribbean,MH-174403,Mark Haberlin,224,309
Caribbean,MH-176203,Matt Hagelstein,1061,94
Caribbean,MH-177853,Maya Herman,611,181
Caribbean,MH-181153,Mick Hernandez,319,264
Caribbean,MJ-177403,Max Jones,207,321
Caribbean,MK-179053,Michael Kennedy,1272,77
Caribbean,MK-181603,Mike Kennedy,57,449
Caribbean,ML-173953,Marina Lichtenstein,1496,56
Caribbean,ML-174103,Maris LaWare,2682,19
Caribbean,ML-177553,Max Ludwig,102,394
Caribbean,ML-182653,Muhammed Lee,479,217
Caribbean,MM-179203,Michael Moore,203,324
Caribbean,MM-180553,Michelle Moray,242,295
Caribbean,MM-182803,Muhammed MacIntyre,877,125
Caribbean,MO-175003,Mary O'Rourke,96,399
Caribbean,MO-178003,Meg O'Connel,125,377
Caribbean,MP-174703,Mark Packer,490,216
Caribbean,MP-179653,Michael Paige,552,201
Caribbean,MP-181753,Mike Pelletier,267,283
Caribbean,MR-175453,Mathew Reese,40,472
Caribbean,MS-173653,Maribeth Schnelling,180,337
Caribbean,MS-175303,MaryBeth Skach,716,157
Caribbean,MS-177703,Maxwell Schwartz,442,226
Caribbean,MS-178303,Melanie Seite,151,359
Caribbean,MS-179803,Michael Stewart,417,232
Caribbean,MT-178153,Meg Tillman,41,469
Caribbean,MV-174853,Mark Van Huff,42,467
Caribbean,MV-181903,Mike Vittorini,138,370
Caribbean,MW-182203,Mitch Webber,214,319
Caribbean,MW-182353,Mitch Willingham,1018,104
Caribbean,MY-173803,Maribeth Yedwab,36,483
Caribbean,MY-182953,Muhammed Yedwab,376,246
Caribbean,NB-186553,Nona Balk,23,505
Caribbean,NC-183403,Nat Carroll,535,207
Caribbean,NC-184153,Nathan Cano,799,144
Caribbean,NC-186253,Noah Childs,859,126
Caribbean,NF-185953,Nicole Fjeld,15,519
Caribbean,NG-183553,Nat Gilpin,1332,71
Caribbean,NL-183103,Nancy Lomonaco,199,327
Caribbean,NM-184453,Nathan Mautz,242,296
Caribbean,NP-183253,Naresj Patel,174,344
Caribbean,NP-186853,Nora Pelletier,174,345
Caribbean,NP-187003,Nora Preis,45,464
Caribbean,NR-185503,Nick Radford,323,263
Caribbean,NS-185053,Neola Schneider,623,179
Caribbean,NW-184003,Natalie Webber,177,339
Caribbean,NZ-185653,Nick Zandusky,1387,67
Caribbean,OT-187303,Olvera Toch,1924,32
Caribbean,PA-190603,Pete Armstrong,976,111
Caribbean,PB-191503,Philip Brown,379,244
Caribbean,PB-192103,Phillip Breyer,654,172
Caribbean,PC-187453,Pamela Coakley,3192,11
Caribbean,PF-191203,Peter Fuller,1288,75
Caribbean,PF-191653,Philip Fox,67,435
Caribbean,PF-192253,Phillip Flathmann,147,365
Caribbean,PG-188203,Patrick Gardner,56,451
Caribbean,PH-187903,Patricia Hirasaki,667,168
Caribbean,PJ-188353,Patrick Jones,268,282
Caribbean,PM-189403,Paul MacIntyre,1052,95
Caribbean,PO-188503,Patrick O'Brill,226,308
Caribbean,PO-188653,Patrick O'Donnell,1388,65
Caribbean,PO-191803,Philisse Overcash,25,500
Caribbean,PO-191953,Phillina Ober,244,293
Caribbean,PP-189553,Paul Prost,91,404
Caribbean,PS-189703,Paul Stevenson,41,470
Caribbean,PT-190903,Pete Takahito,400,240
Caribbean,PV-189853,Paul Van Hugh,136,371
Caribbean,PW-190303,Pauline Webber,813,139
Caribbean,PW-192403,Pierre Wener,1106,91
Caribbean,QJ-192553,Quincy Jones,272,279
Caribbean,RA-192853,Ralph Arnett,2422,22
Caribbean,RA-198853,Ruben Ausman,236,304
Caribbean,RA-199153,Russell Applegate,230,306
Caribbean,RA-199453,Ryan Akin,216,317
Caribbean,RB-193303,Randy Bradley,22,506
Caribbean,RB-194653,Rick Bensley,1863,35
Caribbean,RB-195703,Rob Beeghly,275,276
Caribbean,RB-196453,Robert Barroso,467,219
Caribbean,RB-197053,Roger Barcio,147,366
Caribbean,RB-197953,Ross Baird,412,235
Caribbean,RC-198253,Roy Collins,149,362
Caribbean,RD-197203,Roger Demir,149,363
Caribbean,RD-198103,Ross DeVincentis,603,184
Caribbean,RD-199003,Ruben Dartt,1207,80
Caribbean,RD-199303,Russell D'Ascenzo,337,257
Caribbean,RE-194053,Ricardo Emerson,577,193
Caribbean,RE-194503,Richard Eichhorn,2970,15
Caribbean,RF-193453,Randy Ferguson,123,379
Caribbean,RF-197353,Roland Fjeld,568,196
Caribbean,RF-198403,Roy Französisch,1406,62
Caribbean,RH-194953,Rick Hansen,1050,96
Caribbean,RH-195103,Rick Huthwaite,41,471
Caribbean,RH-195553,Ritsa Hightower,979,110
Caribbean,RK-193003,Ralph Kennedy,1356,69
Caribbean,RL-196153,Rob Lucas,116,383
Caribbean,RM-197503,Roland Murray,178,338
Caribbean,RP-192703,Rachel Payne,7,524
Caribbean,RP-198553,Roy Phan,805,142
Caribbean,RR-195253,Rick Reed,3144,12
Caribbean,RS-197653,Roland Schwarz,554,199
Caribbean,RS-198703,Roy Skaria,407,238
Caribbean,RW-196903,Robert Waldorf,25,501
Caribbean,SA-208303,Sue Ann Reed,132,374
Caribbean,SB-201703,Sarah Bern,241,297
Caribbean,SB-201853,Sarah Brown,803,143
Caribbean,SC-200203,Sam Craven,148,364
Caribbean,SC-202303,Scot Coram,176,340
Caribbean,SC-203053,Sean Christensen,45,465
Caribbean,SC-204403,Shaun Chance,906,120
Caribbean,SC-205753,Sonia Cooley,878,124
Caribbean,SC-206953,Steve Chapman,33,489
Caribbean,SC-208453,Sung Chung,30,494
Caribbean,SD-204853,Shirley Daniels,1943,31
Caribbean,SE-201103,Sanjit Engle,39,475
Caribbean,SG-200803,Sandra Glassco,1392,64
Caribbean,SG-204703,Sheri Gordon,1598,49
Caribbean,SG-206053,Speros Goranitis,206,322
Caribbean,SH-206353,Stefanie Holloman,51,457
Caribbean,SJ-201253,Sanjit Jacobs,86,408
Caribbean,SJ-202153,Sarah Jordon,413,234
Caribbean,SJ-205003,Shirley Jackson,984,107
Caribbean,SM-200053,Sally Matthias,239,299
Caribbean,SM-203203,Sean Miller,1511,53
Caribbean,SM-209503,Suzanne McNair,586,189
Caribbean,SN-205603,Skye Norling,256,290
Caribbean,SN-207103,Steve Nguyen,71,428
Caribbean,SO-203353,Sean O'Donnell,169,347
Caribbean,SP-208603,Sung Pak,136,372
Caribbean,SR-204253,Sharelle Roach,319,265
Caribbean,SS-201403,Saphhira Shifley,260,285
Caribbean,SS-204103,Shahid Shariari,806,141
Caribbean,SS-205153,Shirley Schmidt,686,163
Caribbean,SS-205903,Sonia Sunley,2486,21
Caribbean,SS-208753,Sung Shariari,628,178
Caribbean,ST-205303,Shui Tom,421,231
Caribbean,SU-206653,Stephanie Ulpright,22,507
Caribbean,SV-207853,Stewart Visinsky,173,346
Caribbean,SV-208153,Stuart Van,830,135
Caribbean,SV-209353,Susan Vittorini,239,300
Caribbean,SW-202453,Scot Wooten,849,130
Caribbean,SW-202753,Scott Williamson,777,149
Caribbean,SW-203503,Sean Wendt,324,262
Caribbean,SW-207553,Steven Ward,132,375
Caribbean,SZ-200353,Sam Zeldin,1465,58
Caribbean,TB-210553,Ted Butterfield,554,200
Caribbean,TB-211753,Thomas Boland,2385,24
Caribbean,TB-212503,Tim Brockman,1483,57
Caribbean,TB-212803,Toby Braunhardt,1288,76
Caribbean,TB-213553,Todd Boyes,72,426
Caribbean,TB-214003,Tom Boeckenhauer,51,458
Caribbean,TB-215953,Troy Blackwell,68,433
Caribbean,TC-214753,Tony Chapman,550,204
Caribbean,TC-215353,Tracy Collins,722,154
Caribbean,TG-213103,Toby Gnade,239,301
Caribbean,TH-211003,Thea Hendricks,508,210
Caribbean,TH-211153,Thea Hudgings,857,128
Caribbean,TH-212353,Tiffany House,183,331
Caribbean,TH-215503,Tracy Hopkins,78,417
Caribbean,TM-214903,Tony Molinari,2162,25
Caribbean,TN-210403,Tanja Norvell,519,209
Caribbean,TP-211303,Theone Pippenger,494,215
Caribbean,TP-214153,Tom Prescott,1401,63
Caribbean,TP-215653,Tracy Poddar,257,287
Caribbean,TS-210853,Thais Sissman,168,350
Caribbean,TS-212053,Thomas Seio,181,335
Caribbean,TS-215053,Tony Sayre,39,476
Caribbean,TS-216103,Troy Staebel,1789,39
Caribbean,TT-210703,Ted Trevino,508,211
Caribbean,TT-212203,Thomas Thornton,657,171
Caribbean,TT-212653,Tim Taslimi,140,368
Caribbean,TT-214603,Tonja Turnell,408,237
Caribbean,TW-210253,Tamara Willingham,21,510
Caribbean,TZ-214453,Tom Zandusky,3639,8
Caribbean,TZ-215803,Tracy Zic,211,320
Caribbean,VD-216703,Valerie Dominguez,223,311
Caribbean,VG-217903,Vivek Gonzalez,552,202
Caribbean,VG-218053,Vivek Grady,678,166
Caribbean,VM-216853,Valerie Mitchum,763,150
Caribbean,VT-217003,Valerie Takahito,385,241
Caribbean,VW-217753,Victoria Wilson,61,443
Caribbean,WB-218503,William Brown,1129,86
Caribbean,XP-218653,Xylona Preis,69,431
Caribbean,YS-218803,Yana Sorensen,1842,36
Central,AA-103152,Alex Avila,436,1354
Central,AA-103154,Alex Avila,4781,92
Central,AA-103752,Allen Armold,90,1823
Central,AA-103754,Allen Armold,178,1667
Central,AA-104802,Andrew Allen,2163,435
Central,AA-104804,Andrew Allen,1749,581
Central,AA-106452,Anna Andreadi,879,991
Central,AA-106453,Anna Andreadi,653,1155
Central,AA-106454,Anna Andreadi,1971,492
Central,AB-100152,Aaron Bergman,3658,171
Central,AB-100153,Aaron Bergman,1457,691
Central,AB-100154,Aaron Bergman,577,1222
Central,AB-100602,Adam Bellavance,182,1660
Central,AB-100603,Adam Bellavance,1459,688
Central,AB-100604,Adam Bellavance,240,1588
Central,AB-101052,Adrian Barton,2040,469
Central,AB-101053,Adrian Barton,35,1949
Central,AB-101054,Adrian Barton,12183,2
Central,AB-101502,Aimee Bixby,867,997
Central,AB-101503,Aimee Bixby,923,961
Central,AB-101504,Aimee Bixby,170,1675
Central,AB-101652,Alan Barnes,5252,70
Central,AB-101653,Alan Barnes,131,1738
Central,AB-101654,Alan Barnes,37,1945
Central,AB-102552,Alejandro Ballentine,719,1109
Central,AB-102553,Alejandro Ballentine,634,1170
Central,AB-102554,Alejandro Ballentine,14,2031
Central,AB-106002,Ann Blume,1990,485
Central,AB-106003,Ann Blume,313,1475
Central,AB-106004,Ann Blume,14,2032
Central,AC-104202,Alyssa Crouse,446,1338
Central,AC-104203,Alyssa Crouse,22,1987
Central,AC-104204,Alyssa Crouse,162,1691
Central,AC-104502,Amy Cox,1415,712
Central,AC-104504,Amy Cox,1794,565
Central,AC-106152,Ann Chong,646,1161
Central,AC-106153,Ann Chong,681,1127
Central,AC-106154,Ann Chong,13,2038
Central,AC-106602,Anna Chung,1722,591
Central,AC-106603,Anna Chung,759,1080
Central,AC-106604,Anna Chung,180,1664
Central,AD-101802,Alan Dominguez,253,1563
Central,AD-101804,Alan Dominguez,601,1202
Central,AF-108702,Art Ferguson,6878,24
Central,AF-108703,Art Ferguson,197,1645
Central,AF-108704,Art Ferguson,345,1433
Central,AF-108852,Art Foster,3775,162
Central,AG-102702,Alejandro Grove,1339,744
Central,AG-102703,Alejandro Grove,483,1309
Central,AG-102704,Alejandro Grove,2375,381
Central,AG-103002,Aleksandra Gannaway,2272,408
Central,AG-103003,Aleksandra Gannaway,1620,629
Central,AG-103302,Alex Grayson,2188,432
Central,AG-103303,Alex Grayson,24,1982
Central,AG-103304,Alex Grayson,357,1414
Central,AG-103902,Allen Goldenen,2646,323
Central,AG-103903,Allen Goldenen,473,1320
Central,AG-104952,Andrew Gjertsen,6038,44
Central,AG-104953,Andrew Gjertsen,1520,664
Central,AG-104954,Andrew Gjertsen,915,965
Central,AG-105252,Andy Gerbode,2891,271
Central,AG-105253,Andy Gerbode,521,1270
Central,AG-105254,Andy Gerbode,560,1234
Central,AG-106752,Anna Gayman,959,942
Central,AG-106753,Anna Gayman,1424,705
Central,AG-106754,Anna Gayman,2894,270
Central,AG-107652,Anthony Garverick,719,1110
Central,AG-107653,Anthony Garverick,3923,148
Central,AG-107654,Anthony Garverick,51,1904
Central,AG-109002,Arthur Gainer,2254,411
Central,AG-109003,Arthur Gainer,84,1838
Central,AG-109004,Arthur Gainer,1372,728
Central,AH-100302,Aaron Hawkins,3720,166
Central,AH-100303,Aaron Hawkins,2580,336
Central,AH-100752,Adam Hart,2642,325
Central,AH-100753,Adam Hart,109,1782
Central,AH-100754,Adam Hart,218,1619
Central,AH-101202,Adrian Hane,1350,736
Central,AH-101203,Adrian Hane,206,1636
Central,AH-101204,Adrian Hane,224,1609
Central,AH-101952,Alan Haines,88,1827
Central,AH-101953,Alan Haines,1412,714
Central,AH-101954,Alan Haines,16,2020
Central,AH-102102,Alan Hwang,4545,103
Central,AH-102103,Alan Hwang,3324,210
Central,AH-102104,Alan Hwang,196,1649
Central,AH-104652,Amy Hunt,88,1828
Central,AH-104653,Amy Hunt,1343,741
Central,AH-104654,Amy Hunt,1757,579
Central,AH-105852,Angele Hood,1205,820
Central,AH-105854,Angele Hood,16,2021
Central,AH-106902,Anna Häberlin,1458,689
Central,AH-106903,Anna Häberlin,260,1552
Central,AH-106904,Anna Häberlin,1134,852
Central,AI-108552,Arianne Irving,822,1029
Central,AI-108553,Arianne Irving,20,1995
Central,AJ-107802,Anthony Jacobs,2773,295
Central,AJ-107803,Anthony Jacobs,78,1850
Central,AJ-107952,Anthony Johnson,208,1634
Central,AJ-107953,Anthony Johnson,256,1560
Central,AJ-109452,Ashley Jarboe,3051,249
Central,AJ-109454,Ashley Jarboe,1716,595
Central,AJ-109602,Astrea Jones,2791,292
Central,AJ-109603,Astrea Jones,64,1876
Central,AM-103602,Alice McCarthy,3673,169
Central,AM-103603,Alice McCarthy,1295,777
Central,AM-103604,Alice McCarthy,72,1861
Central,AM-107052,Anne McFarland,5493,64
Central,AM-107053,Anne McFarland,46,1918
Central,AM-107054,Anne McFarland,384,1388
Central,AO-108102,Anthony O'Donnell,1421,710
Central,AP-107202,Anne Pryor,47,1914
Central,AP-107203,Anne Pryor,583,1217
Central,AP-107204,Anne Pryor,27,1972
Central,AP-109152,Arthur Prichep,1156,843
Central,AP-109153,Arthur Prichep,1012,919
Central,AR-103452,Alex Russell,2418,375
Central,AR-103454,Alex Russell,265,1545
Central,AR-104052,Allen Rosenblatt,1958,495
Central,AR-104053,Allen Rosenblatt,28,1969
Central,AR-104054,Allen Rosenblatt,41,1929
Central,AR-105102,Andrew Roberts,2030,470
Central,AR-105103,Andrew Roberts,813,1038
Central,AR-105104,Andrew Roberts,11,2049
Central,AR-105402,Andy Reiter,64,1877
Central,AR-105404,Andy Reiter,5803,51
Central,AR-105702,Anemone Ratner,98,1802
Central,AR-105703,Anemone Ratner,1238,801
Central,AR-108252,Anthony Rawles,5820,50
Central,AR-108253,Anthony Rawles,397,1378
Central,AR-108254,Anthony Rawles,348,1426
Central,AS-100452,Aaron Smayling,4428,109
Central,AS-100453,Aaron Smayling,14,2033
Central,AS-100454,Aaron Smayling,1476,682
Central,AS-100902,Adam Shillingsburg,1597,637
Central,AS-100903,Adam Shillingsburg,3386,203
Central,AS-100904,Adam Shillingsburg,1251,794
Central,AS-101352,Adrian Shami,2474,362
Central,AS-102252,Alan Schoenberger,3176,227
Central,AS-102253,Alan Schoenberger,248,1580
Central,AS-102402,Alan Shonely,2539,344
Central,AS-102852,Alejandro Savely,1948,498
Central,AS-102853,Alejandro Savely,816,1034
Central,AS-102854,Alejandro Savely,2880,272
Central,AS-106302,Ann Steele,1427,702
Central,AS-106304,Ann Steele,373,1401
Central,AT-104352,Alyssa Tate,1715,597
Central,AT-104353,Alyssa Tate,8,2059
Central,AT-107352,Annie Thurman,4321,120
Central,AT-107354,Annie Thurman,400,1377
Central,AW-108402,Anthony Witt,4155,132
Central,AW-108403,Anthony Witt,382,1390
Central,AW-108404,Anthony Witt,30,1963
Central,AW-109302,Arthur Wiediger,458,1327
Central,AW-109303,Arthur Wiediger,1536,654
Central,AW-109304,Arthur Wiediger,1748,583
Central,AY-105552,Andy Yotov,1131,855
Central,AY-105553,Andy Yotov,357,1415
Central,AZ-107502,Annie Zypern,1150,846
Central,AZ-107503,Annie Zypern,2485,358
Central,AZ-107504,Annie Zypern,147,1715
Central,BB-109902,Barry Blumstein,1701,601
Central,BB-109903,Barry Blumstein,364,1409
Central,BB-109904,Barry Blumstein,374,1399
Central,BB-115452,Brenda Bowman,6090,42
Central,BB-115454,Brenda Bowman,1973,491
Central,BC-111252,Becky Castell,2764,297
Central,BC-111253,Becky Castell,743,1096
Central,BC-111254,Becky Castell,340,1438
Central,BD-113202,Bill Donatelli,2233,421
Central,BD-113203,Bill Donatelli,227,1604
Central,BD-113204,Bill Donatelli,2925,266
Central,BD-115002,Bradley Drucker,1423,707
Central,BD-115003,Bradley Drucker,858,1001
Central,BD-115004,Bradley Drucker,813,1039
Central,BD-115602,Brendan Dodson,2635,327
Central,BD-115603,Brendan Dodson,45,1921
Central,BD-116052,Brian Dahlen,373,1402
Central,BD-116053,Brian Dahlen,149,1712
Central,BD-116202,Brian DeCherney,488,1305
Central,BD-116204,Brian DeCherney,582,1219
Central,BD-116352,Brian Derr,2714,310
Central,BD-116353,Brian Derr,55,1895
Central,BD-117252,Bruce Degenhardt,717,1112
Central,BD-117253,Bruce Degenhardt,3104,240
Central,BD-117702,Bryan Davis,3494,184
Central,BD-117703,Bryan Davis,1247,795
Central,BD-117704,Bryan Davis,86,1836
Central,BE-113352,Bill Eplett,2567,340
Central,BE-113353,Bill Eplett,296,1500
Central,BE-113354,Bill Eplett,3502,183
Central,BE-114102,Bobby Elias,2083,457
Central,BE-114103,Bobby Elias,138,1726
Central,BE-114104,Bobby Elias,1919,508
Central,BE-114552,Brad Eason,1343,742
Central,BE-114553,Brad Eason,239,1591
Central,BE-114554,Brad Eason,188,1655
Central,BF-109752,Barbara Fisher,2455,365
Central,BF-109754,Barbara Fisher,329,1453
Central,BF-110052,Barry Franz,3911,150
Central,BF-110053,Barry Franz,350,1423
Central,BF-110054,Barry Franz,328,1454
Central,BF-110202,Barry Französisch,1468,686
Central,BF-110203,Barry Französisch,189,1652
Central,BF-110204,Barry Französisch,1027,912
Central,BF-110802,Bart Folk,830,1024
Central,BF-110803,Bart Folk,97,1806
Central,BF-111702,Ben Ferrer,2251,414
Central,BF-111703,Ben Ferrer,551,1240
Central,BF-111704,Ben Ferrer,261,1550
Central,BF-112152,Benjamin Farhat,2374,382
Central,BF-112153,Benjamin Farhat,3061,246
Central,BF-112154,Benjamin Farhat,749,1091
Central,BF-112752,Beth Fritzler,2363,387
Central,BF-112753,Beth Fritzler,2025,473
Central,BG-110352,Barry Gonzalez,2630,329
Central,BG-110353,Barry Gonzalez,1516,667
Central,BG-110354,Barry Gonzalez,244,1582
Central,BG-116952,Brooke Gillingham,662,1145
Central,BG-116953,Brooke Gillingham,311,1477
Central,BG-116954,Brooke Gillingham,878,993
Central,BG-117402,Bruce Geld,1664,614
Central,BG-117403,Bruce Geld,237,1593
Central,BG-117404,Bruce Geld,11,2050
Central,BH-117102,Brosina Hoffman,3978,143
Central,BH-117103,Brosina Hoffman,3344,209
Central,BH-117104,Brosina Hoffman,831,1022
Central,BK-112602,Berenike Kampe,3615,173
Central,BK-112603,Berenike Kampe,412,1363
Central,BK-112604,Berenike Kampe,315,1474
Central,BM-111402,Becky Martin,1297,775
Central,BM-111403,Becky Martin,1516,668
Central,BM-111404,Becky Martin,10540,4
Central,BM-115752,Brendan Murry,625,1175
Central,BM-115753,Brendan Murry,26,1976
Central,BM-115754,Brendan Murry,220,1616
Central,BM-116502,Brian Moss,2160,438
Central,BM-116504,Brian Moss,3248,221
Central,BM-117852,Bryan Mills,1403,718
Central,BM-117853,Bryan Mills,251,1567
Central,BM-117854,Bryan Mills,896,977
Central,BN-114702,Brad Norvell,116,1767
Central,BN-114703,Brad Norvell,886,988
Central,BN-114704,Brad Norvell,50,1907
Central,BN-115152,Bradley Nguyen,1937,502
Central,BN-115153,Bradley Nguyen,676,1135
Central,BN-115154,Bradley Nguyen,250,1572
Central,BO-113502,Bill Overfelt,693,1122
Central,BO-113503,Bill Overfelt,128,1742
Central,BO-113504,Bill Overfelt,1655,618
Central,BO-114252,Bobby Odegard,4348,114
Central,BP-110502,Barry Pond,325,1458
Central,BP-110503,Barry Pond,1527,659
Central,BP-110504,Barry Pond,24,1983
Central,BP-110952,Bart Pistole,1240,800
Central,BP-110953,Bart Pistole,814,1035
Central,BP-110954,Bart Pistole,108,1784
Central,BP-111552,Becky Pak,1603,635
Central,BP-111553,Becky Pak,1006,923
Central,BP-111852,Ben Peterman,2222,424
Central,BP-111854,Ben Peterman,1344,740
Central,BP-112302,Benjamin Patterson,25,1978
Central,BP-112303,Benjamin Patterson,810,1042
Central,BP-112304,Benjamin Patterson,12,2043
Central,BP-112902,Beth Paige,3699,167
Central,BP-112903,Beth Paige,1056,894
Central,BP-112904,Beth Paige,509,1282
Central,BS-113652,Bill Shonely,3947,146
Central,BS-113653,Bill Shonely,553,1238
Central,BS-113654,Bill Shonely,65,1874
Central,BS-113802,Bill Stewart,1671,610
Central,BS-113803,Bill Stewart,1920,507
Central,BS-113804,Bill Stewart,13,2039
Central,BS-115902,Brendan Sweed,3321,211
Central,BS-115903,Brendan Sweed,1312,766
Central,BS-115904,Brendan Sweed,33,1957
Central,BS-116652,Brian Stugart,3019,253
Central,BS-116653,Brian Stugart,171,1673
Central,BS-116654,Brian Stugart,1328,753
Central,BS-117552,Bruce Stewart,3243,222
Central,BS-117553,Bruce Stewart,1656,616
Central,BS-117554,Bruce Stewart,934,954
Central,BS-118002,Bryan Spruell,2442,369
Central,BT-113052,Beth Thompson,2022,474
Central,BT-113054,Beth Thompson,17,2014
Central,BT-113952,Bill Tyler,1256,790
Central,BT-113954,Bill Tyler,1385,724
Central,BT-114402,Bobby Trafton,1575,646
Central,BT-114403,Bobby Trafton,2128,447
Central,BT-114404,Bobby Trafton,92,1817
Central,BT-114852,Brad Thomas,2113,452
Central,BT-114853,Brad Thomas,201,1642
Central,BT-115302,Bradley Talbott,2196,429
Central,BT-115303,Bradley Talbott,11,2051
Central,BT-116803,Brian Thompson,220,1617
Central,BT-116804,Brian Thompson,1002,926
Central,BV-112452,Benjamin Venier,3488,186
Central,BV-112454,Benjamin Venier,340,1439
Central,BW-110652,Barry Weirich,894,980
Central,BW-110653,Barry Weirich,504,1289
Central,BW-111102,Bart Watters,1433,701
Central,BW-111104,Bart Watters,3164,229
Central,BW-112002,Ben Wallace,1183,831
Central,BW-112003,Ben Wallace,158,1701
Central,BW-112004,Ben Wallace,12,2044
Central,CA-119652,Carol Adams,2933,265
Central,CA-119654,Carol Adams,851,1004
Central,CA-120552,Cathy Armstrong,3879,153
Central,CA-120553,Cathy Armstrong,35,1950
Central,CA-120554,Cathy Armstrong,348,1427
Central,CA-122652,Christina Anderson,1396,720
Central,CA-122653,Christina Anderson,1396,721
Central,CA-122654,Christina Anderson,339,1440
Central,CA-123102,Christine Abelman,2493,352
Central,CA-123103,Christine Abelman,81,1844
Central,CA-123104,Christine Abelman,377,1395
Central,CA-127752,Cynthia Arntzen,2181,434
Central,CA-127753,Cynthia Arntzen,39,1935
Central,CA-127754,Cynthia Arntzen,822,1030
Central,CB-120252,Cassandra Brandow,1220,817
Central,CB-120253,Cassandra Brandow,87,1832
Central,CB-120254,Cassandra Brandow,2903,269
Central,CB-124152,Christy Brittain,3371,205
Central,CB-124153,Christy Brittain,4413,110
Central,CB-124154,Christy Brittain,117,1763
Central,CB-125352,Claudia Bergmann,2906,268
Central,CB-125353,Claudia Bergmann,1116,866
Central,CC-121002,Chad Cunningham,1927,504
Central,CC-121003,Chad Cunningham,200,1644
Central,CC-121004,Chad Cunningham,288,1512
Central,CC-121452,Charles Crestani,4554,102
Central,CC-121453,Charles Crestani,156,1703
Central,CC-121454,Charles Crestani,91,1821
Central,CC-122202,Chris Cortes,364,1410
Central,CC-122203,Chris Cortes,12,2045
Central,CC-122204,Chris Cortes,1086,883
Central,CC-123702,Christopher Conant,2441,370
Central,CC-123704,Christopher Conant,1,2075
Central,CC-124302,Chuck Clark,57,1890
Central,CC-124303,Chuck Clark,1925,505
Central,CC-124304,Chuck Clark,249,1575
Central,CC-124752,Cindy Chapman,1452,695
Central,CC-124753,Cindy Chapman,241,1586
Central,CC-124754,Cindy Chapman,588,1214
Central,CC-125502,Clay Cheatham,1343,743
Central,CC-125503,Clay Cheatham,845,1010
Central,CC-125504,Clay Cheatham,10,2052
Central,CC-126102,Corey Catlett,6172,40
Central,CC-126104,Corey Catlett,62,1880
Central,CC-126702,Craig Carreira,534,1255
Central,CC-126703,Craig Carreira,296,1501
Central,CC-126704,Craig Carreira,140,1725
Central,CC-126852,Craig Carroll,3413,200
Central,CC-126853,Craig Carroll,304,1484
Central,CC-126854,Craig Carroll,547,1246
Central,CD-119202,Carlos Daly,6558,31
Central,CD-119203,Carlos Daly,683,1124
Central,CD-119204,Carlos Daly,153,1707
Central,CD-119802,Carol Darley,3079,244
Central,CD-119803,Carol Darley,2874,274
Central,CD-119804,Carol Darley,297,1497
Central,CD-122802,Christina DeMoss,2734,306
Central,CD-122803,Christina DeMoss,98,1803
Central,CD-127902,Cynthia Delaney,9501,9
Central,CD-127904,Cynthia Delaney,1059,893
Central,CG-120403,Catherine Glotzbach,13,2040
Central,CG-120404,Catherine Glotzbach,18,2008
Central,CG-125202,Claire Gute,1333,749
Central,CG-125203,Claire Gute,1995,483
Central,CG-125204,Claire Gute,154,1705
Central,CH-120702,Cathy Hwang,5592,57
Central,CH-120704,Cathy Hwang,300,1490
Central,CJ-118752,Carl Jackson,557,1236
Central,CJ-118753,Carl Jackson,758,1081
Central,CJ-120102,Caroline Jumper,1022,916
Central,CJ-120103,Caroline Jumper,2566,341
Central,CJ-120104,Caroline Jumper,1875,531
Central,CK-122053,Chloris Kastensmidt,56,1892
Central,CK-122054,Chloris Kastensmidt,440,1347
Central,CK-123252,Christine Kargatis,743,1097
Central,CK-123253,Christine Kargatis,546,1248
Central,CK-125952,Clytie Kelty,3937,147
Central,CK-125953,Clytie Kelty,933,955
Central,CK-125954,Clytie Kelty,12,2046
Central,CK-127602,Cyma Kinney,1042,903
Central,CK-127603,Cyma Kinney,502,1292
Central,CK-127604,Cyma Kinney,719,1111
Central,CL-118902,Carl Ludwig,2204,426
Central,CL-118903,Carl Ludwig,845,1011
Central,CL-118904,Carl Ludwig,124,1749
Central,CL-125652,Clay Ludtke,1714,598
Central,CL-125653,Clay Ludtke,19,2000
Central,CL-125654,Clay Ludtke,1909,514
Central,CL-127002,Craig Leslie,1800,560
Central,CL-127003,Craig Leslie,674,1137
Central,CL-127004,Craig Leslie,9,2055
Central,CM-118152,Candace McMahon,3952,145
Central,CM-118153,Candace McMahon,1533,656
Central,CM-118154,Candace McMahon,71,1862
Central,CM-118302,Cari MacIntyre,5539,61
Central,CM-118303,Cari MacIntyre,813,1040
Central,CM-119352,Carlos Meador,1777,573
Central,CM-121152,Chad McGuire,578,1221
Central,CM-121153,Chad McGuire,35,1951
Central,CM-121602,Charles McCrossin,1419,711
Central,CM-121603,Charles McCrossin,3447,194
Central,CM-121604,Charles McCrossin,2,2069
Central,CM-121902,Charlotte Melton,5079,76
Central,CM-121903,Charlotte Melton,287,1514
Central,CM-121904,Charlotte Melton,822,1031
Central,CM-122352,Chris McAfee,298,1493
Central,CM-122353,Chris McAfee,683,1125
Central,CM-122354,Chris McAfee,1427,703
Central,CM-123852,Christopher Martinez,138,1727
Central,CM-123853,Christopher Martinez,626,1174
Central,CM-123854,Christopher Martinez,240,1589
Central,CM-124452,Chuck Magee,4281,123
Central,CM-124453,Chuck Magee,618,1185
Central,CM-124454,Chuck Magee,133,1736
Central,CM-126552,Corinna Mitchell,1512,671
Central,CM-126553,Corinna Mitchell,344,1436
Central,CM-126554,Corinna Mitchell,449,1335
Central,CM-127152,Craig Molinari,900,975
Central,CM-127153,Craig Molinari,60,1885
Central,CM-127154,Craig Molinari,2772,296
Central,CP-120852,Cathy Prescott,1327,755
Central,CP-120853,Cathy Prescott,2788,293
Central,CP-120854,Cathy Prescott,4696,96
Central,CP-123402,Christine Phan,1470,684
Central,CP-123403,Christine Phan,1628,627
Central,CR-125802,Clay Rozendal,75,1855
Central,CR-125803,Clay Rozendal,145,1718
Central,CR-125804,Clay Rozendal,240,1590
Central,CR-126252,Corey Roper,660,1146
Central,CR-126253,Corey Roper,366,1406
Central,CR-126254,Corey Roper,19,2001
Central,CR-127302,Craig Reiter,1052,898
Central,CR-127303,Craig Reiter,35,1952
Central,CR-127304,Craig Reiter,444,1342
Central,CR-128202,Cyra Reiten,1225,813
Central,CR-128203,Cyra Reiten,5663,54
Central,CR-128204,Cyra Reiten,702,1117
Central,CS-118452,Cari Sayre,645,1163
Central,CS-118454,Cari Sayre,18,2009
Central,CS-118602,Cari Schnelling,2853,281
Central,CS-118603,Cari Schnelling,2162,436
Central,CS-118604,Cari Schnelling,2,2070
Central,CS-119502,Carlos Soltero,405,1373
Central,CS-119503,Carlos Soltero,113,1773
Central,CS-119504,Carlos Soltero,88,1829
Central,CS-121302,Chad Sievert,2328,397
Central,CS-121304,Chad Sievert,89,1825
Central,CS-121752,Charles Sheldon,134,1733
Central,CS-121754,Charles Sheldon,10,2053
Central,CS-122502,Chris Selesnick,3425,197
Central,CS-122503,Chris Selesnick,1455,693
Central,CS-122504,Chris Selesnick,109,1783
Central,CS-123552,Christine Sundaresam,148,1714
Central,CS-123553,Christine Sundaresam,1017,917
Central,CS-124002,Christopher Schild,1117,865
Central,CS-124003,Christopher Schild,168,1677
Central,CS-124004,Christopher Schild,258,1556
Central,CS-124602,Chuck Sachs,3776,161
Central,CS-124603,Chuck Sachs,4717,94
Central,CS-124902,Cindy Schnelling,328,1455
Central,CS-124903,Cindy Schnelling,953,946
Central,CS-124904,Cindy Schnelling,112,1776
Central,CS-125052,Cindy Stewart,503,1290
Central,CS-125053,Cindy Stewart,547,1247
Central,CT-119952,Carol Triggs,1081,885
Central,CT-119953,Carol Triggs,211,1627
Central,CT-119954,Carol Triggs,746,1094
Central,CV-122952,Christina VanderZanden,302,1487
Central,CV-122953,Christina VanderZanden,46,1919
Central,CV-122954,Christina VanderZanden,1615,630
Central,CV-128052,Cynthia Voltz,2814,286
Central,CV-128054,Cynthia Voltz,1322,758
Central,CW-119052,Carl Weiss,2474,363
Central,CW-119053,Carl Weiss,1635,624
Central,CW-119054,Carl Weiss,142,1723
Central,CY-127452,Craig Yedwab,1422,709
Central,CY-127454,Craig Yedwab,729,1104
Central,Co-126402,Corey-Lock,695,1121
Central,Co-126403,Corey-Lock,930,959
Central,Co-126404,Corey-Lock,539,1252
Central,DA-134502,Dianna Arnett,2101,455
Central,DA-134503,Dianna Arnett,3291,214
Central,DA-134504,Dianna Arnett,16,2022
Central,DB-129102,Daniel Byrd,1228,807
Central,DB-129103,Daniel Byrd,160,1696
Central,DB-129104,Daniel Byrd,15,2027
Central,DB-129702,Darren Budd,5200,73
Central,DB-129703,Darren Budd,204,1637
Central,DB-130602,Dave Brooks,7402,15
Central,DB-130603,Dave Brooks,550,1243
Central,DB-130604,Dave Brooks,780,1067
Central,DB-131202,David Bremer,1908,515
Central,DB-131204,David Bremer,761,1077
Central,DB-132102,Dean Braden,1809,556
Central,DB-132103,Dean Braden,782,1065
Central,DB-132104,Dean Braden,437,1353
Central,DB-132702,Deborah Brumfield,4429,108
Central,DB-132703,Deborah Brumfield,76,1854
Central,DB-132704,Deborah Brumfield,468,1323
Central,DB-133602,Dennis Bolton,1446,696
Central,DB-133603,Dennis Bolton,851,1005
Central,DB-134052,Denny Blanton,2348,391
Central,DB-134053,Denny Blanton,659,1147
Central,DB-134054,Denny Blanton,526,1264
Central,DB-135552,Dorothy Badders,642,1165
Central,DB-135553,Dorothy Badders,43,1924
Central,DB-135554,Dorothy Badders,1407,716
Central,DB-136152,Doug Bickford,3874,154
Central,DB-136602,Duane Benoit,1115,867
Central,DB-136603,Duane Benoit,1476,683
Central,DB-136604,Duane Benoit,17,2015
Central,DC-128502,Dan Campbell,1339,745
Central,DC-128503,Dan Campbell,189,1653
Central,DC-128504,Dan Campbell,563,1233
Central,DC-132852,Debra Catini,7308,16
Central,DC-132853,Debra Catini,3021,251
Central,DC-132854,Debra Catini,145,1719
Central,DD-135702,Dorothy Dickinson,2958,263
Central,DD-135703,Dorothy Dickinson,195,1650
Central,DD-135704,Dorothy Dickinson,92,1818
Central,DE-132552,Deanra Eno,1228,808
Central,DE-132553,Deanra Eno,2145,441
Central,DE-132554,Deanra Eno,1423,708
Central,DF-131352,David Flashing,679,1130
Central,DF-131354,David Flashing,2068,462
Central,DG-133002,Deirdre Greer,752,1087
Central,DG-133003,Deirdre Greer,1012,920
Central,DH-130752,Dave Hallsten,2082,458
Central,DH-130753,Dave Hallsten,1637,623
Central,DH-130754,Dave Hallsten,9,2056
Central,DH-136752,Duane Huffman,1204,821
Central,DH-136753,Duane Huffman,268,1542
Central,DJ-134202,Denny Joy,6293,38
Central,DJ-134203,Denny Joy,174,1669
Central,DJ-134204,Denny Joy,1455,694
Central,DJ-135102,Don Jones,1795,564
Central,DJ-135103,Don Jones,117,1764
Central,DJ-136302,Doug Jacobs,1830,549
Central,DJ-136303,Doug Jacobs,27,1973
Central,DK-128352,Damala Kotsonis,623,1177
Central,DK-128353,Damala Kotsonis,3083,243
Central,DK-128354,Damala Kotsonis,1163,838
Central,DK-128952,Dana Kaydos,2345,392
Central,DK-128953,Dana Kaydos,1424,706
Central,DK-128954,Dana Kaydos,2661,320
Central,DK-129852,Darren Koutras,1975,489
Central,DK-129853,Darren Koutras,2236,418
Central,DK-129854,Darren Koutras,646,1162
Central,DK-130902,Dave Kipp,2116,451
Central,DK-130903,Dave Kipp,540,1251
Central,DK-130904,Dave Kipp,153,1708
Central,DK-131502,David Kendrick,5885,47
Central,DK-131503,David Kendrick,3094,242
Central,DK-131504,David Kendrick,434,1355
Central,DK-132252,Dean Katz,218,1620
Central,DK-132253,Dean Katz,610,1192
Central,DK-132254,Dean Katz,270,1537
Central,DK-133752,Dennis Kane,1608,633
Central,DK-133753,Dennis Kane,215,1621
Central,DK-133754,Dennis Kane,1138,850
Central,DL-128652,Dan Lawera,1879,529
Central,DL-128653,Dan Lawera,18,2010
Central,DL-128654,Dan Lawera,6,2064
Central,DL-129252,Daniel Lacy,117,1765
Central,DL-129254,Daniel Lacy,1035,908
Central,DL-133152,Delfina Latchford,10397,6
Central,DL-133153,Delfina Latchford,1527,660
Central,DL-133154,Delfina Latchford,63,1878
Central,DL-133302,Denise Leinenbach,3457,192
Central,DL-133303,Denise Leinenbach,279,1529
Central,DL-133304,Denise Leinenbach,509,1283
Central,DL-134952,Dionis Lloyd,3665,170
Central,DL-134953,Dionis Lloyd,1531,658
Central,DL-134954,Dionis Lloyd,255,1562
Central,DM-129552,Dario Medina,3417,199
Central,DM-129553,Dario Medina,3177,226
Central,DM-129554,Dario Medina,320,1464
Central,DM-130152,Darrin Martin,1246,796
Central,DM-130153,Darrin Martin,407,1369
Central,DM-130154,Darrin Martin,859,1000
Central,DM-133452,Denise Monton,2120,449
Central,DM-133453,Denise Monton,36,1946
Central,DM-133454,Denise Monton,445,1340
Central,DM-135252,Don Miller,3402,202
Central,DM-135254,Don Miller,52,1902
Central,DN-136904,Duane Noonan,477,1316
Central,DO-134352,Denny Ordway,517,1277
Central,DO-134353,Denny Ordway,88,1830
Central,DO-136452,Doug O'Connell,501,1295
Central,DO-136453,Doug O'Connell,392,1384
Central,DO-136454,Doug O'Connell,77,1852
Central,DP-130002,Darren Powers,4788,90
Central,DP-130003,Darren Powers,1942,500
Central,DP-130004,Darren Powers,533,1257
Central,DP-131052,Dave Poirier,904,972
Central,DP-131053,Dave Poirier,1304,772
Central,DP-131054,Dave Poirier,33,1958
Central,DP-131652,David Philippe,5695,53
Central,DP-131653,David Philippe,439,1348
Central,DP-131654,David Philippe,8,2060
Central,DP-133902,Dennis Pardue,1365,731
Central,DP-133904,Dennis Pardue,471,1321
Central,DR-128802,Dan Reichenbach,1884,526
Central,DR-128803,Dan Reichenbach,300,1491
Central,DR-128804,Dan Reichenbach,796,1054
Central,DR-129402,Daniel Raglin,4031,138
Central,DR-129403,Daniel Raglin,1427,704
Central,DR-129404,Daniel Raglin,622,1178
Central,DS-130302,Darrin Sayre,2082,459
Central,DS-130303,Darrin Sayre,2628,330
Central,DS-131802,David Smith,654,1154
Central,DS-131803,David Smith,4056,135
Central,DS-131804,David Smith,1005,924
Central,DV-130452,Darrin Van Huff,1516,669
Central,DV-130453,Darrin Van Huff,1683,607
Central,DV-134653,Dianna Vittorini,4228,128
Central,DV-134654,Dianna Vittorini,664,1143
Central,DW-131952,David Wiener,756,1083
Central,DW-131953,David Wiener,311,1478
Central,DW-131954,David Wiener,448,1337
Central,DW-134802,Dianna Wilson,2870,275
Central,DW-134803,Dianna Wilson,1321,759
Central,DW-134804,Dianna Wilson,3761,164
Central,DW-135402,Don Weiss,1993,484
Central,DW-135403,Don Weiss,1148,847
Central,DW-135404,Don Weiss,84,1839
Central,DW-135852,Dorothy Wardle,1062,890
Central,DW-135853,Dorothy Wardle,686,1123
Central,Dl-136002,Dorris liebe,2385,379
Central,Dl-136003,Dorris liebe,59,1888
Central,Dl-136004,Dorris liebe,2,2071
Central,Dp-132403,Dean percer,19,2002
Central,Dp-132404,Dean percer,147,1716
Central,EA-140352,Erin Ashbrook,202,1640
Central,EA-140353,Erin Ashbrook,790,1060
Central,EA-140354,Erin Ashbrook,1442,698
Central,EB-137052,Ed Braxton,2456,364
Central,EB-137053,Ed Braxton,836,1020
Central,EB-137054,Ed Braxton,182,1661
Central,EB-137502,Edward Becker,1176,833
Central,EB-137503,Edward Becker,38,1939
Central,EB-137504,Edward Becker,342,1437
Central,EB-138402,Ellis Ballard,5267,69
Central,EB-138403,Ellis Ballard,1028,911
Central,EB-138404,Ellis Ballard,94,1812
Central,EB-138702,Emily Burns,438,1350
Central,EB-138704,Emily Burns,128,1743
Central,EB-139302,Eric Barreto,2019,475
Central,EB-139304,Eric Barreto,583,1218
Central,EB-139752,Erica Bern,211,1628
Central,EB-139753,Erica Bern,1329,751
Central,EB-141102,Eugene Barchas,4957,83
Central,EB-141103,Eugene Barchas,290,1510
Central,EB-141703,Evan Bailliet,699,1118
Central,EB-141704,Evan Bailliet,353,1422
Central,EC-140502,Erin Creighton,125,1748
Central,EC-140504,Erin Creighton,38,1940
Central,ED-138852,Emily Ducich,1794,566
Central,ED-138853,Emily Ducich,3151,231
Central,ED-138854,Emily Ducich,270,1538
Central,EG-139002,Emily Grady,3102,241
Central,EG-139003,Emily Grady,260,1553
Central,EG-139004,Emily Grady,253,1564
Central,EH-137652,Edward Hooks,657,1150
Central,EH-137653,Edward Hooks,186,1656
Central,EH-137654,Edward Hooks,23,1986
Central,EH-139453,Eric Hoffmann,1165,836
Central,EH-139454,Eric Hoffmann,296,1502
Central,EH-139902,Erica Hackney,979,936
Central,EH-139903,Erica Hackney,179,1665
Central,EH-139904,Erica Hackney,151,1709
Central,EH-140052,Erica Hernandez,36,1947
Central,EH-140053,Erica Hernandez,1676,608
Central,EH-140054,Erica Hernandez,270,1539
Central,EH-141252,Eugene Hildebrand,6502,35
Central,EH-141253,Eugene Hildebrand,2538,345
Central,EH-141254,Eugene Hildebrand,703,1116
Central,EH-141852,Evan Henry,3547,178
Central,EH-141854,Evan Henry,7,2062
Central,EJ-137202,Ed Jacobs,312,1476
Central,EJ-137203,Ed Jacobs,48,1912
Central,EJ-137204,Ed Jacobs,93,1815
Central,EJ-141552,Eva Jacobs,843,1012
Central,EJ-141553,Eva Jacobs,44,1923
Central,EK-137952,Eileen Kiefer,2373,383
Central,EK-137953,Eileen Kiefer,19,2003
Central,EK-137954,Eileen Kiefer,25,1979
Central,EL-137352,Ed Ludwig,406,1371
Central,EL-137353,Ed Ludwig,414,1361
Central,EL-137354,Ed Ludwig,87,1833
Central,EM-138102,Eleni McCrary,128,1744
Central,EM-138252,Elizabeth Moffitt,3448,193
Central,EM-138253,Elizabeth Moffitt,1226,811
Central,EM-138254,Elizabeth Moffitt,1622,628
Central,EM-139602,Eric Murdock,67,1868
Central,EM-139604,Eric Murdock,112,1777
Central,EM-140652,Erin Mull,5503,63
Central,EM-140653,Erin Mull,229,1603
Central,EM-140654,Erin Mull,30,1964
Central,EM-140952,Eudokia Martin,2489,356
Central,EM-140953,Eudokia Martin,86,1837
Central,EM-141402,Eugene Moren,455,1330
Central,EM-141403,Eugene Moren,2671,317
Central,EM-141404,Eugene Moren,1283,782
Central,EM-142002,Evan Minnotte,1305,770
Central,EM-142003,Evan Minnotte,244,1583
Central,EM-142004,Evan Minnotte,298,1494
Central,EN-137802,Edward Nazzal,1957,496
Central,EN-137803,Edward Nazzal,163,1689
Central,EN-137804,Edward Nazzal,108,1785
Central,EP-139152,Emily Phan,2273,407
Central,EP-139154,Emily Phan,2548,342
Central,ER-138552,Elpida Rittenbach,118,1761
Central,ER-138553,Elpida Rittenbach,169,1676
Central,ER-138554,Elpida Rittenbach,78,1851
Central,ES-140202,Erica Smith,2358,389
Central,ES-140203,Erica Smith,1103,876
Central,ES-140204,Erica Smith,117,1766
Central,ES-140802,Erin Smith,1834,543
Central,FA-142302,Frank Atkinson,4272,124
Central,FA-142303,Frank Atkinson,669,1139
Central,FA-142304,Frank Atkinson,81,1845
Central,FC-142454,Frank Carlisle,2378,380
Central,FC-143352,Fred Chung,250,1573
Central,FC-143354,Fred Chung,210,1629
Central,FG-142602,Frank Gastineau,2518,349
Central,FG-142604,Frank Gastineau,298,1495
Central,FH-142752,Frank Hawley,1093,880
Central,FH-142754,Frank Hawley,1263,788
Central,FH-143502,Fred Harton,2253,412
Central,FH-143503,Fred Harton,807,1044
Central,FH-143504,Fred Harton,25,1980
Central,FH-143652,Fred Hopkins,202,1641
Central,FH-143653,Fred Hopkins,2449,366
Central,FM-142152,Filia McAdams,3824,157
Central,FM-142153,Filia McAdams,1118,864
Central,FM-142902,Frank Merwin,1318,762
Central,FM-142903,Frank Merwin,118,1762
Central,FM-142904,Frank Merwin,66,1871
Central,FM-143802,Fred McMath,42,1927
Central,FM-143804,Fred McMath,1115,868
Central,FO-143052,Frank Olsen,6602,30
Central,FO-143053,Frank Olsen,567,1230
Central,FO-143054,Frank Olsen,210,1630
Central,FP-143202,Frank Preis,572,1226
Central,FP-143203,Frank Preis,197,1646
Central,FP-143204,Frank Preis,1061,891
Central,FW-143952,Fred Wasserman,2878,273
Central,FW-143953,Fred Wasserman,1104,875
Central,GA-145152,George Ashbrook,2146,440
Central,GA-145153,George Ashbrook,1315,764
Central,GA-145154,George Ashbrook,680,1129
Central,GA-147252,Guy Armstrong,1657,615
Central,GA-147253,Guy Armstrong,38,1941
Central,GA-147254,Guy Armstrong,714,1114
Central,GB-145302,George Bell,31,1961
Central,GB-145303,George Bell,248,1581
Central,GB-145304,George Bell,18,2011
Central,GB-145752,Giulietta Baptist,1701,602
Central,GB-145753,Giulietta Baptist,110,1780
Central,GB-145754,Giulietta Baptist,280,1527
Central,GD-145902,Giulietta Dortch,2060,463
Central,GD-145903,Giulietta Dortch,176,1668
Central,GG-146502,Greg Guthrie,7413,13
Central,GG-146503,Greg Guthrie,226,1605
Central,GG-146504,Greg Guthrie,214,1623
Central,GH-144102,Gary Hansen,2700,313
Central,GH-144103,Gary Hansen,215,1622
Central,GH-144104,Gary Hansen,1832,547
Central,GH-144252,Gary Hwang,4252,126
Central,GH-144253,Gary Hwang,843,1013
Central,GH-144852,Gene Hale,1151,845
Central,GH-144853,Gene Hale,621,1181
Central,GH-144854,Gene Hale,1362,732
Central,GH-146652,Greg Hansen,2962,262
Central,GH-146653,Greg Hansen,458,1328
Central,GH-146654,Greg Hansen,147,1717
Central,GK-146202,Grace Kelly,2528,347
Central,GK-146203,Grace Kelly,122,1752
Central,GK-146204,Grace Kelly,490,1304
Central,GM-144402,Gary McGarr,1508,674
Central,GM-144552,Gary Mitchum,331,1450
Central,GM-144553,Gary Mitchum,122,1753
Central,GM-144554,Gary Mitchum,1199,823
Central,GM-145002,Gene McClure,226,1606
Central,GM-145003,Gene McClure,2836,284
Central,GM-145004,Gene McClure,131,1739
Central,GM-146802,Greg Matthias,2729,307
Central,GM-146803,Greg Matthias,284,1519
Central,GM-146952,Greg Maxwell,2372,384
Central,GM-146953,Greg Maxwell,792,1055
Central,GP-147402,Guy Phonely,814,1036
Central,GP-147403,Guy Phonely,235,1596
Central,GR-145602,Georgia Rosenberg,1588,639
Central,GR-145603,Georgia Rosenberg,221,1615
Central,GT-146352,Grant Thornton,1898,518
Central,GT-146353,Grant Thornton,281,1523
Central,GT-147102,Greg Tran,1577,644
Central,GT-147103,Greg Tran,3683,168
Central,GT-147104,Greg Tran,1196,824
Central,GT-147552,Guy Thornton,1336,747
Central,GT-147553,Guy Thornton,42,1928
Central,GT-147554,Guy Thornton,113,1774
Central,GW-146052,Giulietta Weimer,3133,236
Central,GW-146053,Giulietta Weimer,1014,918
Central,GW-146054,Giulietta Weimer,514,1278
Central,GZ-144702,Gary Zandusky,5556,60
Central,GZ-144703,Gary Zandusky,1263,789
Central,GZ-144704,Gary Zandusky,513,1279
Central,GZ-145452,George Zrebassa,3043,250
Central,GZ-145453,George Zrebassa,496,1298
Central,HA-149053,Helen Abelman,1221,816
Central,HA-149054,Helen Abelman,17,2016
Central,HA-149202,Helen Andreada,297,1498
Central,HA-149203,Helen Andreada,348,1428
Central,HA-149204,Helen Andreada,394,1383
Central,HD-147852,Harold Dahlen,2631,328
Central,HD-147853,Harold Dahlen,1305,771
Central,HD-147854,Harold Dahlen,122,1754
Central,HE-148002,Harold Engle,480,1313
Central,HE-148003,Harold Engle,397,1379
Central,HE-148004,Harold Engle,286,1515
Central,HF-149952,Herbert Flentye,1254,793
Central,HF-149954,Herbert Flentye,43,1925
Central,HG-148452,Harry Greene,10428,5
Central,HG-148453,Harry Greene,3430,196
Central,HG-148454,Harry Greene,349,1425
Central,HG-149652,Henry Goldwyn,792,1056
Central,HG-149653,Henry Goldwyn,956,943
Central,HG-149654,Henry Goldwyn,1891,523
Central,HG-150252,Hunter Glantz,2079,460
Central,HG-150253,Hunter Glantz,1805,557
Central,HG-150254,Hunter Glantz,2133,446
Central,HH-150102,Hilary Holden,1873,533
Central,HH-150103,Hilary Holden,1726,590
Central,HJ-148752,Heather Jas,3816,159
Central,HJ-148753,Heather Jas,71,1863
Central,HJ-148754,Heather Jas,54,1897
Central,HK-148902,Heather Kirkland,3756,165
Central,HK-148903,Heather Kirkland,171,1674
Central,HK-148904,Heather Kirkland,3300,213
Central,HL-150402,Hunter Lopez,1457,692
Central,HL-150403,Hunter Lopez,5919,46
Central,HL-150404,Hunter Lopez,492,1302
Central,HM-148602,Harry Marie,4690,97
Central,HM-148604,Harry Marie,6622,29
Central,HM-149802,Henry MacAllister,3145,234
Central,HM-149803,Henry MacAllister,1631,625
Central,HP-148152,Harold Pawlan,969,940
Central,HP-148153,Harold Pawlan,15,2028
Central,HP-148154,Harold Pawlan,142,1724
Central,HR-147702,Hallie Redmond,173,1672
Central,HR-147703,Hallie Redmond,1099,878
Central,HR-147704,Hallie Redmond,1046,900
Central,HR-148302,Harold Ryan,269,1541
Central,HR-148303,Harold Ryan,947,949
Central,HW-149352,Helen Wasserman,2121,448
Central,HW-149353,Helen Wasserman,81,1846
Central,HW-149354,Helen Wasserman,6100,41
Central,HZ-149502,Henia Zydlo,3004,255
Central,HZ-149504,Henia Zydlo,120,1757
Central,IG-150852,Ivan Gibson,1716,596
Central,IG-150853,Ivan Gibson,1109,871
Central,IL-151002,Ivan Liston,756,1084
Central,IL-151003,Ivan Liston,281,1524
Central,IL-151004,Ivan Liston,1826,550
Central,IM-150552,Ionia McGrath,1303,773
Central,IM-150553,Ionia McGrath,17,2017
Central,IM-150702,Irene Maddox,5464,65
Central,IM-150703,Irene Maddox,1570,648
Central,IM-150704,Irene Maddox,1100,877
Central,JA-159702,Joseph Airdo,1919,509
Central,JA-159703,Joseph Airdo,1820,552
Central,JA-159704,Joseph Airdo,478,1315
Central,JB-154002,Jennifer Braxton,1874,532
Central,JB-154003,Jennifer Braxton,1714,599
Central,JB-154004,Jennifer Braxton,323,1459
Central,JB-159252,Joni Blumstein,3542,179
Central,JB-159253,Joni Blumstein,589,1213
Central,JB-159254,Joni Blumstein,22,1988
Central,JB-160002,Joy Bell-,5028,79
Central,JB-160003,Joy Bell-,1524,662
Central,JB-160004,Joy Bell-,345,1434
Central,JB-160452,Julia Barnett,451,1334
Central,JB-160453,Julia Barnett,653,1156
Central,JC-153402,Jasper Cacioppo,6508,34
Central,JC-153403,Jasper Cacioppo,47,1915
Central,JC-153852,Jenna Caffey,1458,690
Central,JC-153853,Jenna Caffey,482,1310
Central,JC-157752,John Castell,3007,254
Central,JC-157753,John Castell,495,1300
Central,JC-157754,John Castell,470,1322
Central,JC-161052,Julie Creighton,3268,217
Central,JC-161053,Julie Creighton,856,1002
Central,JC-161054,Julie Creighton,67,1869
Central,JD-157902,John Dryer,445,1341
Central,JD-157903,John Dryer,1391,723
Central,JD-157904,John Dryer,51,1905
Central,JD-158952,Jonathan Doherty,2196,430
Central,JD-158953,Jonathan Doherty,1378,727
Central,JD-160152,Joy Daniels,138,1728
Central,JD-160153,Joy Daniels,2664,318
Central,JD-160154,Joy Daniels,111,1778
Central,JD-160602,Julia Dunbar,1533,657
Central,JD-160603,Julia Dunbar,1905,516
Central,JD-160604,Julia Dunbar,484,1307
Central,JD-161502,Justin Deggeller,1159,842
Central,JD-161503,Justin Deggeller,103,1791
Central,JD-161504,Justin Deggeller,2006,479
Central,JE-154752,Jeremy Ellison,721,1108
Central,JE-154753,Jeremy Ellison,262,1548
Central,JE-154754,Jeremy Ellison,60,1886
Central,JE-156102,Jim Epp,750,1090
Central,JE-156103,Jim Epp,94,1813
Central,JE-156104,Jim Epp,438,1351
Central,JE-157152,Joe Elijah,739,1099
Central,JE-157154,Joe Elijah,224,1610
Central,JE-157452,Joel Eaton,609,1194
Central,JE-157453,Joel Eaton,3113,239
Central,JE-157454,Joel Eaton,2757,298
Central,JE-161652,Justin Ellison,2047,467
Central,JE-161653,Justin Ellison,105,1789
Central,JE-161654,Justin Ellison,2658,321
Central,JF-151902,Jamie Frazer,885,989
Central,JF-151903,Jamie Frazer,371,1403
Central,JF-152952,Jason Fortune-,758,1082
Central,JF-152953,Jason Fortune-,921,962
Central,JF-152954,Jason Fortune-,121,1756
Central,JF-153552,Jay Fein,2414,377
Central,JF-153553,Jay Fein,166,1681
Central,JF-153554,Jay Fein,74,1856
Central,JF-154152,Jennifer Ferguson,3970,144
Central,JF-154153,Jennifer Ferguson,831,1023
Central,JF-154154,Jennifer Ferguson,74,1857
Central,JF-154902,Jeremy Farry,1161,839
Central,JF-154903,Jeremy Farry,946,950
Central,JF-154904,Jeremy Farry,192,1651
Central,JF-155652,Jill Fjeld,3982,142
Central,JF-155654,Jill Fjeld,651,1157
Central,JG-151152,Jack Garza,307,1480
Central,JG-151153,Jack Garza,915,966
Central,JG-151602,James Galang,1054,896
Central,JG-151603,James Galang,506,1286
Central,JG-151604,James Galang,769,1073
Central,JG-153102,Jason Gross,2726,308
Central,JG-153103,Jason Gross,611,1191
Central,JG-153104,Jason Gross,620,1183
Central,JG-158052,John Grady,3353,207
Central,JG-158053,John Grady,988,933
Central,JG-158054,John Grady,209,1631
Central,JH-154302,Jennifer Halladay,1853,539
Central,JH-154303,Jennifer Halladay,1508,675
Central,JH-158202,John Huston,6968,21
Central,JH-158203,John Huston,2243,415
Central,JH-158204,John Huston,294,1504
Central,JH-159102,Jonathan Howell,1119,863
Central,JH-159103,Jonathan Howell,201,1643
Central,JH-159104,Jonathan Howell,302,1488
Central,JH-159852,Joseph Holt,725,1106
Central,JH-159853,Joseph Holt,1738,586
Central,JH-159854,Joseph Holt,376,1396
Central,JH-161802,Justin Hirsh,2812,288
Central,JH-161803,Justin Hirsh,1168,835
Central,JJ-154452,Jennifer Jackson,2257,410
Central,JJ-154453,Jennifer Jackson,1693,604
Central,JJ-154454,Jennifer Jackson,62,1881
Central,JJ-157602,Joel Jenkins,6992,20
Central,JJ-157604,Joel Jenkins,120,1758
Central,JK-152052,Jamie Kunitz,2030,471
Central,JK-152053,Jamie Kunitz,833,1021
Central,JK-153252,Jason Klamczynski,2120,450
Central,JK-153253,Jason Klamczynski,1444,697
Central,JK-153254,Jason Klamczynski,270,1540
Central,JK-153702,Jay Kimmel,1321,760
Central,JK-153703,Jay Kimmel,166,1682
Central,JK-156252,Jim Karlsson,259,1554
Central,JK-156253,Jim Karlsson,2150,439
Central,JK-156402,Jim Kriz,4305,121
Central,JK-156403,Jim Kriz,299,1492
Central,JK-157302,Joe Kamberova,1897,519
Central,JK-157303,Joe Kamberova,10,2054
Central,JK-157304,Joe Kamberova,1139,849
Central,JK-160902,Juliana Krohn,1631,626
Central,JK-160903,Juliana Krohn,457,1329
Central,JK-160904,Juliana Krohn,2480,359
Central,JK-161202,Julie Kriz,807,1045
Central,JK-161203,Julie Kriz,391,1385
Central,JK-161204,Julie Kriz,889,985
Central,JL-151302,Jack Lebron,7405,14
Central,JL-151303,Jack Lebron,904,973
Central,JL-151304,Jack Lebron,35,1953
Central,JL-151752,James Lanier,2685,315
Central,JL-151753,James Lanier,1384,725
Central,JL-152352,Janet Lee,2972,261
Central,JL-152353,Janet Lee,676,1136
Central,JL-152354,Janet Lee,105,1790
Central,JL-155052,Jeremy Lonsdale,283,1520
Central,JL-155053,Jeremy Lonsdale,101,1793
Central,JL-155054,Jeremy Lonsdale,101,1794
Central,JL-158352,John Lee,2919,267
Central,JL-158353,John Lee,1581,642
Central,JL-158354,John Lee,1234,804
Central,JL-158502,John Lucas,1291,778
Central,JL-158503,John Lucas,771,1072
Central,JL-158504,John Lucas,27,1974
Central,JM-152502,Janet Martin,2987,257
Central,JM-152504,Janet Martin,955,944
Central,JM-152652,Janet Molinari,797,1053
Central,JM-152653,Janet Molinari,17,2018
Central,JM-152654,Janet Molinari,551,1241
Central,JM-155352,Jessica Myrick,376,1397
Central,JM-155802,Jill Matthias,1899,517
Central,JM-155803,Jill Matthias,1241,799
Central,JM-156552,Jim Mitchum,3067,245
Central,JM-156553,Jim Mitchum,976,938
Central,JM-158652,John Murray,3135,235
Central,JM-158653,John Murray,33,1959
Central,JM-158654,John Murray,345,1435
Central,JM-161952,Justin MacKendrick,292,1507
Central,JM-161953,Justin MacKendrick,1064,888
Central,JO-151452,Jack O'Briant,3626,172
Central,JO-151454,Jack O'Briant,1672,609
Central,JO-152803,Jas O'Carroll,999,928
Central,JO-155502,Jesus Ocampo,90,1824
Central,JO-155503,Jesus Ocampo,50,1908
Central,JO-155504,Jesus Ocampo,24,1984
Central,JP-154602,Jennifer Patt,3125,237
Central,JP-154603,Jennifer Patt,454,1332
Central,JP-154604,Jennifer Patt,264,1546
Central,JP-155202,Jeremy Pistek,3898,152
Central,JP-155203,Jeremy Pistek,1303,774
Central,JP-155204,Jeremy Pistek,1831,548
Central,JP-161352,Julie Prescott,752,1088
Central,JP-161353,Julie Prescott,119,1760
Central,JP-161354,Julie Prescott,20,1996
Central,JR-156702,Jim Radford,2109,453
Central,JR-156703,Jim Radford,526,1265
Central,JR-157002,Jocasta Rupert,892,982
Central,JR-157003,Jocasta Rupert,582,1220
Central,JR-162102,Justin Ritter,605,1198
Central,JR-162103,Justin Ritter,622,1179
Central,JR-162104,Justin Ritter,656,1153
Central,JS-155952,Jill Stevenson,1099,879
Central,JS-155953,Jill Stevenson,482,1311
Central,JS-155954,Jill Stevenson,258,1557
Central,JS-156852,Jim Sink,892,983
Central,JS-156853,Jim Sink,3458,191
Central,JS-158802,John Stevenson,526,1266
Central,JS-158803,John Stevenson,234,1597
Central,JS-158804,John Stevenson,612,1190
Central,JS-159402,Joni Sundaresam,1160,840
Central,JS-159403,Joni Sundaresam,412,1364
Central,JS-159404,Joni Sundaresam,286,1516
Central,JS-160302,Joy Smith,336,1443
Central,JS-160303,Joy Smith,442,1344
Central,JS-160304,Joy Smith,1348,738
Central,JW-152202,Jane Waco,5528,62
Central,JW-152203,Jane Waco,777,1069
Central,JW-159552,Joni Wasserman,3184,225
Central,JW-159553,Joni Wasserman,317,1469
Central,JW-160752,Julia West,7418,12
Central,JW-160753,Julia West,101,1795
Central,JW-160754,Julia West,53,1899
Central,KA-165252,Kelly Andreada,5748,52
Central,KA-165253,Kelly Andreada,914,967
Central,KA-165254,Kelly Andreada,186,1657
Central,KB-162402,Karen Bern,291,1509
Central,KB-162403,Karen Bern,2003,480
Central,KB-162404,Karen Bern,1348,739
Central,KB-163152,Karl Braun,3195,224
Central,KB-163153,Karl Braun,2205,425
Central,KB-163154,Karl Braun,111,1779
Central,KB-164052,Katrina Bavinger,4073,134
Central,KB-164053,Katrina Bavinger,510,1281
Central,KB-165852,Ken Black,3864,156
Central,KB-165853,Ken Black,297,1499
Central,KB-165854,Ken Black,225,1607
Central,KB-166002,Ken Brennan,149,1713
Central,KB-166003,Ken Brennan,2526,348
Central,KB-166004,Ken Brennan,293,1506
Central,KC-162552,Karen Carlisle,1439,699
Central,KC-162553,Karen Carlisle,1127,858
Central,KC-165402,Kelly Collister,997,929
Central,KC-165403,Kelly Collister,2308,400
Central,KC-165404,Kelly Collister,2,2072
Central,KC-166752,Kimberly Carter,4946,84
Central,KC-166753,Kimberly Carter,295,1503
Central,KD-162702,Karen Daniels,3489,185
Central,KD-162703,Karen Daniels,1805,558
Central,KD-162704,Karen Daniels,1639,621
Central,KD-163452,Katherine Ducich,2737,304
Central,KD-163454,Katherine Ducich,775,1070
Central,KD-164952,Keith Dawkins,4946,85
Central,KD-164953,Keith Dawkins,550,1244
Central,KD-164954,Keith Dawkins,1008,922
Central,KD-166152,Ken Dana,5861,49
Central,KE-164202,Katrina Edelman,1834,544
Central,KE-164203,Katrina Edelman,1204,822
Central,KE-164204,Katrina Edelman,316,1471
Central,KF-162852,Karen Ferguson,303,1486
Central,KF-162853,Karen Ferguson,102,1792
Central,KF-162854,Karen Ferguson,640,1167
Central,KH-163302,Katharine Harms,89,1826
Central,KH-163303,Katharine Harms,130,1740
Central,KH-163304,Katharine Harms,622,1180
Central,KH-163602,Katherine Hughes,747,1092
Central,KH-163603,Katherine Hughes,791,1057
Central,KH-163604,Katherine Hughes,1233,806
Central,KH-165102,Keith Herrera,595,1208
Central,KH-165103,Keith Herrera,14,2034
Central,KH-165104,Keith Herrera,97,1807
Central,KH-166302,Ken Heidel,1228,809
Central,KH-166303,Ken Heidel,39,1936
Central,KH-166304,Ken Heidel,87,1834
Central,KH-166902,Kristen Hastings,1767,577
Central,KH-166903,Kristen Hastings,1234,805
Central,KL-165552,Kelly Lampkin,2059,464
Central,KL-165553,Kelly Lampkin,209,1632
Central,KL-165554,Kelly Lampkin,1004,925
Central,KL-166452,Ken Lonsdale,1568,650
Central,KL-166453,Ken Lonsdale,21,1992
Central,KL-166454,Ken Lonsdale,4517,105
Central,KM-162252,Kalyca Meade,14,2035
Central,KM-162254,Kalyca Meade,165,1684
Central,KM-163752,Katherine Murray,6772,25
Central,KM-163753,Katherine Murray,608,1196
Central,KM-163754,Katherine Murray,1570,649
Central,KM-166602,Khloe Miller,3059,247
Central,KM-167202,Kunst Miller,2001,482
Central,KM-167203,Kunst Miller,494,1301
Central,KM-167204,Kunst Miller,697,1120
Central,KN-163902,Katherine Nockton,2492,354
Central,KN-163903,Katherine Nockton,1647,620
Central,KN-163904,Katherine Nockton,69,1865
Central,KN-164502,Kean Nguyen,1133,854
Central,KN-164503,Kean Nguyen,92,1819
Central,KN-164504,Kean Nguyen,49,1910
Central,KN-167052,Kristina Nunn,16,2023
Central,KN-167054,Kristina Nunn,101,1796
Central,KS-163002,Karen Seio,1297,776
Central,KS-163003,Karen Seio,355,1416
Central,KT-164652,Kean Takahito,249,1576
Central,KT-164653,Kean Takahito,651,1158
Central,KT-164654,Kean Takahito,1711,600
Central,KT-164802,Kean Thornton,96,1809
Central,KT-164804,Kean Thornton,1226,812
Central,KW-164352,Katrina Willman,3289,215
Central,KW-164353,Katrina Willman,1082,884
Central,KW-164354,Katrina Willman,107,1787
Central,KW-165702,Kelly Williams,1128,857
Central,KW-165703,Kelly Williams,346,1432
Central,KW-165704,Kelly Williams,241,1587
Central,LA-167802,Laura Armstrong,6400,36
Central,LA-167803,Laura Armstrong,18,2012
Central,LA-167804,Laura Armstrong,5077,77
Central,LB-167352,Larry Blacks,725,1107
Central,LB-167353,Larry Blacks,2049,466
Central,LB-167354,Larry Blacks,2,2073
Central,LB-167952,Laurel Beltran,285,1518
Central,LB-167953,Laurel Beltran,1160,841
Central,LB-167954,Laurel Beltran,3,2067
Central,LC-168702,Lena Cacioppo,1392,722
Central,LC-168703,Lena Cacioppo,728,1105
Central,LC-168704,Lena Cacioppo,449,1336
Central,LC-168852,Lena Creighton,1506,676
Central,LC-168853,Lena Creighton,438,1352
Central,LC-168854,Lena Creighton,1127,859
Central,LC-169302,Linda Cazamias,2200,427
Central,LC-169303,Linda Cazamias,636,1168
Central,LC-169304,Linda Cazamias,1719,594
Central,LC-169602,Lindsay Castell,1884,527
Central,LC-169603,Lindsay Castell,135,1731
Central,LC-170502,Liz Carlisle,4004,139
Central,LC-170503,Liz Carlisle,2477,360
Central,LC-170504,Liz Carlisle,31,1962
Central,LC-171402,Logan Currie,1868,535
Central,LC-171403,Logan Currie,127,1745
Central,LC-171404,Logan Currie,184,1659
Central,LD-168552,Lela Donovan,4835,87
Central,LD-168553,Lela Donovan,1580,643
Central,LD-168554,Lela Donovan,5,2065
Central,LD-170052,Lisa DeCherney,1798,561
Central,LD-170053,Lisa DeCherney,82,1843
Central,LD-170054,Lisa DeCherney,258,1558
Central,LE-168102,Laurel Elliston,2640,326
Central,LE-168104,Laurel Elliston,223,1611
Central,LF-171852,Luke Foster,2576,337
Central,LF-171854,Luke Foster,2681,316
Central,LH-167502,Larry Hughes,842,1015
Central,LH-167503,Larry Hughes,332,1449
Central,LH-169002,Lena Hernandez,531,1259
Central,LH-169003,Lena Hernandez,355,1417
Central,LH-169004,Lena Hernandez,316,1472
Central,LH-170202,Lisa Hazard,1329,752
Central,LH-170203,Lisa Hazard,1245,797
Central,LH-170204,Lisa Hazard,51,1906
Central,LH-171552,Logan Haushalter,4786,91
Central,LH-171554,Logan Haushalter,625,1176
Central,LL-168402,Lauren Leatherbury,3566,175
Central,LL-168403,Lauren Leatherbury,819,1033
Central,LM-170652,Liz MacKendrick,1687,605
Central,LM-170653,Liz MacKendrick,88,1831
Central,LO-171702,Lori Olson,2252,413
Central,LO-171703,Lori Olson,84,1840
Central,LO-171704,Lori Olson,126,1747
Central,LP-170802,Liz Pelletier,366,1407
Central,LP-170803,Liz Pelletier,138,1729
Central,LP-170952,Liz Preis,587,1215
Central,LP-170953,Liz Preis,3609,174
Central,LP-170954,Liz Preis,2488,357
Central,LR-169152,Lena Radford,784,1064
Central,LR-169153,Lena Radford,1721,593
Central,LR-170352,Lisa Ryan,5190,74
Central,LR-170353,Lisa Ryan,2752,301
Central,LR-170354,Lisa Ryan,548,1245
Central,LS-169452,Linda Southworth,1788,568
Central,LS-169453,Linda Southworth,123,1751
Central,LS-169454,Linda Southworth,396,1382
Central,LS-169752,Lindsay Shagiari,704,1115
Central,LS-169754,Lindsay Shagiari,1171,834
Central,LS-172002,Luke Schmidt,2979,260
Central,LS-172003,Luke Schmidt,410,1365
Central,LS-172004,Luke Schmidt,197,1647
Central,LS-172302,Lycoris Saunders,1498,678
Central,LS-172303,Lycoris Saunders,855,1003
Central,LS-172304,Lycoris Saunders,253,1565
Central,LS-172452,Lynn Smith,617,1187
Central,LS-172454,Lynn Smith,337,1442
Central,LT-167652,Larry Tron,1591,638
Central,LT-167653,Larry Tron,4232,127
Central,LT-171102,Liz Thompson,4197,130
Central,LT-171103,Liz Thompson,13,2041
Central,LT-171104,Liz Thompson,634,1171
Central,LW-168252,Laurel Workman,3021,252
Central,LW-168254,Laurel Workman,21,1993
Central,LW-169902,Lindsay Williams,2982,258
Central,LW-169903,Lindsay Williams,35,1954
Central,LW-171252,Liz Willingham,1790,567
Central,LW-171253,Liz Willingham,113,1775
Central,LW-172152,Luke Weiss,160,1697
Central,LW-172153,Luke Weiss,506,1287
Central,LW-172154,Luke Weiss,120,1759
Central,MA-175602,Matt Abelman,1206,819
Central,MA-175603,Matt Abelman,745,1095
Central,MA-175604,Matt Abelman,1310,768
Central,MA-179952,Michelle Arnett,1583,640
Central,MA-179953,Michelle Arnett,19,2004
Central,MA-179954,Michelle Arnett,197,1648
Central,MB-173052,Maria Bertelson,4253,125
Central,MB-173054,Maria Bertelson,321,1461
Central,MB-180852,Mick Brown,1328,754
Central,MB-180854,Mick Brown,316,1473
Central,MC-172752,Marc Crier,2843,282
Central,MC-172753,Marc Crier,1152,844
Central,MC-174252,Mark Cousins,391,1386
Central,MC-174253,Mark Cousins,2426,374
Central,MC-174254,Mark Cousins,730,1103
Central,MC-175752,Matt Collins,2102,454
Central,MC-175753,Matt Collins,502,1293
Central,MC-175754,Matt Collins,36,1948
Central,MC-175902,Matt Collister,743,1098
Central,MC-175903,Matt Collister,2353,390
Central,MC-175904,Matt Collister,1408,715
Central,MC-176052,Matt Connell,1886,525
Central,MC-176053,Matt Connell,828,1025
Central,MC-176054,Matt Connell,1181,832
Central,MC-176352,Matthew Clasen,1520,665
Central,MC-176353,Matthew Clasen,2162,437
Central,MC-176354,Matthew Clasen,283,1521
Central,MC-178452,Michael Chen,1695,603
Central,MC-178453,Michael Chen,658,1149
Central,MC-178454,Michael Chen,358,1413
Central,MC-181002,Mick Crebagga,2476,361
Central,MC-181003,Mick Crebagga,61,1884
Central,MC-181004,Mick Crebagga,1112,869
Central,MC-181302,Mike Caudle,1509,672
Central,MC-181303,Mike Caudle,360,1412
Central,MD-173502,Maribeth Dona,294,1505
Central,MD-173503,Maribeth Dona,1666,612
Central,MD-173504,Maribeth Dona,933,956
Central,MD-178602,Michael Dominguez,1359,733
Central,MD-178603,Michael Dominguez,996,930
Central,MD-178604,Michael Dominguez,1023,915
Central,ME-173202,Maria Etezadi,2372,385
Central,ME-173204,Maria Etezadi,1738,587
Central,ME-177252,Max Engle,801,1049
Central,ME-177253,Max Engle,220,1618
Central,ME-177254,Max Engle,798,1051
Central,ME-180102,Michelle Ellison,4688,98
Central,ME-180103,Michelle Ellison,98,1804
Central,ME-180104,Michelle Ellison,5,2066
Central,MF-176652,Maureen Fritzler,2938,264
Central,MF-176653,Maureen Fritzler,1778,572
Central,MF-182502,Monica Federle,6681,27
Central,MF-182503,Monica Federle,53,1900
Central,MF-182504,Monica Federle,305,1482
Central,MG-176502,Matthew Grinstein,2645,324
Central,MG-176503,Matthew Grinstein,603,1199
Central,MG-176504,Matthew Grinstein,2018,476
Central,MG-176802,Maureen Gastineau,2615,331
Central,MG-176803,Maureen Gastineau,25,1981
Central,MG-176952,Maureen Gnade,3560,176
Central,MG-176954,Maureen Gnade,145,1720
Central,MG-178752,Michael Grace,4344,116
Central,MG-178753,Michael Grace,536,1254
Central,MG-178754,Michael Grace,807,1046
Central,MG-178902,Michael Granlund,1413,713
Central,MG-178903,Michael Granlund,1499,677
Central,MG-178904,Michael Granlund,9,2057
Central,MG-181452,Mike Gockenbach,3537,180
Central,MG-181453,Mike Gockenbach,1931,503
Central,MG-181454,Mike Gockenbach,891,984
Central,MG-182052,Mitch Gastineau,3443,195
Central,MG-182053,Mitch Gastineau,307,1481
Central,MH-172902,Marc Harrigan,2792,291
Central,MH-172903,Marc Harrigan,849,1008
Central,MH-174402,Mark Haberlin,2610,333
Central,MH-174403,Mark Haberlin,40,1932
Central,MH-174404,Mark Haberlin,242,1585
Central,MH-174552,Mark Hamilton,2858,279
Central,MH-174553,Mark Hamilton,334,1444
Central,MH-174554,Mark Hamilton,1825,551
Central,MH-176202,Matt Hagelstein,2708,312
Central,MH-176203,Matt Hagelstein,527,1262
Central,MH-176204,Matt Hagelstein,7,2063
Central,MH-177852,Maya Herman,1764,578
Central,MH-177853,Maya Herman,66,1872
Central,MH-177854,Maya Herman,9,2058
Central,MH-180252,Michelle Huthwaite,3146,233
Central,MH-180253,Michelle Huthwaite,557,1237
Central,MH-180254,Michelle Huthwaite,2,2074
Central,MH-181152,Mick Hernandez,417,1360
Central,MH-181153,Mick Hernandez,889,986
Central,MH-181154,Mick Hernandez,2656,322
Central,MJ-177402,Max Jones,2088,456
Central,MJ-177403,Max Jones,1576,645
Central,MJ-177404,Max Jones,896,978
Central,MK-179052,Michael Kennedy,1612,631
Central,MK-179053,Michael Kennedy,937,953
Central,MK-179054,Michael Kennedy,841,1016
Central,MK-181602,Mike Kennedy,1382,726
Central,MK-181603,Mike Kennedy,168,1678
Central,ML-173952,Marina Lichtenstein,56,1893
Central,ML-173953,Marina Lichtenstein,761,1078
Central,ML-174102,Maris LaWare,1924,506
Central,ML-174103,Maris LaWare,230,1602
Central,ML-174104,Maris LaWare,534,1256
Central,ML-177552,Max Ludwig,4142,133
Central,ML-177553,Max Ludwig,138,1730
Central,ML-177554,Max Ludwig,521,1271
Central,ML-180402,Michelle Lonsdale,3558,177
Central,ML-180403,Michelle Lonsdale,19,2005
Central,ML-180404,Michelle Lonsdale,67,1870
Central,ML-182652,Muhammed Lee,7028,18
Central,ML-182653,Muhammed Lee,533,1258
Central,MM-172602,Magdelene Morse,1912,512
Central,MM-172603,Magdelene Morse,4347,115
Central,MM-179202,Michael Moore,5646,55
Central,MM-179203,Michael Moore,3254,219
Central,MM-179204,Michael Moore,824,1028
Central,MM-180552,Michelle Moray,5071,78
Central,MM-180553,Michelle Moray,164,1688
Central,MM-180554,Michelle Moray,1242,798
Central,MM-182802,Muhammed MacIntyre,1469,685
Central,MM-182803,Muhammed MacIntyre,163,1690
Central,MM-182804,Muhammed MacIntyre,361,1411
Central,MN-179352,Michael Nguyen,1859,538
Central,MN-179353,Michael Nguyen,955,945
Central,MN-179354,Michael Nguyen,595,1209
Central,MO-175002,Mary O'Rourke,4004,140
Central,MO-175004,Mary O'Rourke,151,1710
Central,MO-178002,Meg O'Connel,355,1418
Central,MO-178003,Meg O'Connel,2140,443
Central,MO-178004,Meg O'Connel,376,1398
Central,MO-179502,Michael Oakman,1846,540
Central,MO-179503,Michael Oakman,101,1797
Central,MO-179504,Michael Oakman,130,1741
Central,MP-174702,Mark Packer,3257,218
Central,MP-174703,Mark Packer,2073,461
Central,MP-174704,Mark Packer,1195,825
Central,MP-179652,Michael Paige,5571,59
Central,MP-179653,Michael Paige,80,1847
Central,MP-179654,Michael Paige,2493,353
Central,MP-181752,Mike Pelletier,4361,112
Central,MP-181753,Mike Pelletier,14,2036
Central,MP-181754,Mike Pelletier,2238,416
Central,MR-175452,Mathew Reese,10249,7
Central,MR-175453,Mathew Reese,667,1142
Central,MR-175454,Mathew Reese,8,2061
Central,MS-173652,Maribeth Schnelling,591,1211
Central,MS-173653,Maribeth Schnelling,4499,106
Central,MS-173654,Maribeth Schnelling,679,1131
Central,MS-175302,MaryBeth Skach,1137,851
Central,MS-175303,MaryBeth Skach,381,1391
Central,MS-177102,Maurice Satty,442,1345
Central,MS-177103,Maurice Satty,259,1555
Central,MS-177104,Maurice Satty,560,1235
Central,MS-177702,Maxwell Schwartz,1638,622
Central,MS-177703,Maxwell Schwartz,452,1333
Central,MS-177704,Maxwell Schwartz,280,1528
Central,MS-178302,Melanie Seite,2427,373
Central,MS-178303,Melanie Seite,2803,289
Central,MS-178304,Melanie Seite,40,1933
Central,MS-179802,Michael Stewart,6679,28
Central,MS-179803,Michael Stewart,371,1404
Central,MS-179804,Michael Stewart,181,1662
Central,MT-178152,Meg Tillman,3351,208
Central,MT-178153,Meg Tillman,232,1600
Central,MT-178154,Meg Tillman,34,1955
Central,MT-180702,Michelle Tran,3823,158
Central,MT-180703,Michelle Tran,40,1934
Central,MT-180704,Michelle Tran,497,1297
Central,MV-174852,Mark Van Huff,2294,403
Central,MV-174854,Mark Van Huff,143,1722
Central,MV-181902,Mike Vittorini,1566,651
Central,MV-181903,Mike Vittorini,378,1393
Central,MV-181904,Mike Vittorini,273,1535
Central,MW-182202,Mitch Webber,520,1272
Central,MW-182203,Mitch Webber,419,1359
Central,MW-182204,Mitch Webber,503,1291
Central,MW-182352,Mitch Willingham,1509,673
Central,MW-182353,Mitch Willingham,2002,481
Central,MY-173802,Maribeth Yedwab,511,1280
Central,MY-173803,Maribeth Yedwab,573,1225
Central,MY-173804,Maribeth Yedwab,73,1859
Central,MY-182952,Muhammed Yedwab,6525,32
Central,MY-182953,Muhammed Yedwab,4047,137
Central,MY-182954,Muhammed Yedwab,1527,661
Central,MZ-173352,Maria Zettner,3424,198
Central,MZ-173353,Maria Zettner,2238,417
Central,MZ-175152,Mary Zewe,1974,490
Central,MZ-175153,Mary Zewe,162,1692
Central,MZ-175154,Mary Zewe,22,1989
Central,NB-185802,Nicole Brennan,1339,746
Central,NB-185803,Nicole Brennan,166,1683
Central,NB-186552,Nona Balk,1287,780
Central,NB-186553,Nona Balk,369,1405
Central,NB-186554,Nona Balk,530,1260
Central,NC-183402,Nat Carroll,1754,580
Central,NC-183403,Nat Carroll,520,1273
Central,NC-183404,Nat Carroll,2338,395
Central,NC-184152,Nathan Cano,2335,396
Central,NC-184153,Nathan Cano,2226,422
Central,NC-184154,Nathan Cano,1747,584
Central,NC-185352,Nick Crebassa,13,2042
Central,NC-185353,Nick Crebassa,27,1975
Central,NC-185354,Nick Crebassa,58,1889
Central,NC-186252,Noah Childs,798,1052
Central,NC-186253,Noah Childs,236,1595
Central,NC-186254,Noah Childs,966,941
Central,ND-183702,Natalie DeCherney,1130,856
Central,ND-183703,Natalie DeCherney,1134,853
Central,ND-183704,Natalie DeCherney,62,1882
Central,ND-184602,Neil Ducich,1078,886
Central,ND-184603,Neil Ducich,1602,636
Central,NF-183852,Natalie Fritzler,6369,37
Central,NF-183853,Natalie Fritzler,65,1875
Central,NF-183854,Natalie Fritzler,843,1014
Central,NF-184752,Neil Französisch,6067,43
Central,NF-184753,Neil Französisch,403,1374
Central,NF-184754,Neil Französisch,281,1525
Central,NF-185952,Nicole Fjeld,837,1019
Central,NF-185953,Nicole Fjeld,38,1942
Central,NF-185954,Nicole Fjeld,73,1860
Central,NG-183552,Nat Gilpin,1969,493
Central,NG-183554,Nat Gilpin,509,1284
Central,NG-184302,Nathan Gelder,763,1076
Central,NG-184304,Nathan Gelder,1279,784
Central,NH-186102,Nicole Hansen,4807,89
Central,NH-186104,Nicole Hansen,785,1063
Central,NK-184902,Neil Knudson,951,948
Central,NK-184903,Neil Knudson,594,1210
Central,NK-184904,Neil Knudson,74,1858
Central,NL-183102,Nancy Lomonaco,250,1574
Central,NL-183103,Nancy Lomonaco,256,1561
Central,NM-184452,Nathan Mautz,609,1195
Central,NM-184453,Nathan Mautz,1612,632
Central,NM-184454,Nathan Mautz,1075,887
Central,NM-185202,Neoma Murray,753,1086
Central,NM-185204,Neoma Murray,95,1810
Central,NP-183252,Naresj Patel,2276,405
Central,NP-183253,Naresj Patel,38,1943
Central,NP-186702,Nora Paige,6288,39
Central,NP-186704,Nora Paige,1056,895
Central,NP-186852,Nora Pelletier,420,1358
Central,NP-186853,Nora Pelletier,874,994
Central,NP-186854,Nora Pelletier,1000,927
Central,NP-187002,Nora Preis,2570,339
Central,NP-187004,Nora Preis,274,1533
Central,NR-185502,Nick Radford,365,1408
Central,NR-185503,Nick Radford,2199,428
Central,NR-185504,Nick Radford,636,1169
Central,NS-185052,Neola Schneider,2137,444
Central,NS-185054,Neola Schneider,791,1058
Central,NS-186402,Noel Staavos,2136,445
Central,NS-186403,Noel Staavos,2753,300
Central,NS-186404,Noel Staavos,615,1189
Central,NW-184002,Natalie Webber,893,981
Central,NW-184003,Natalie Webber,544,1250
Central,NW-184004,Natalie Webber,30,1965
Central,NZ-185652,Nick Zandusky,3517,181
Central,NZ-185654,Nick Zandusky,1037,906
Central,ON-187152,Odella Nelson,6911,23
Central,ON-187153,Odella Nelson,585,1216
Central,ON-187154,Odella Nelson,110,1781
Central,OT-187302,Olvera Toch,1439,700
Central,OT-187303,Olvera Toch,496,1299
Central,OT-187304,Olvera Toch,181,1663
Central,PA-190602,Pete Armstrong,1193,826
Central,PA-190603,Pete Armstrong,161,1694
Central,PA-190604,Pete Armstrong,659,1148
Central,PB-188052,Patrick Bzostek,4341,117
Central,PB-188053,Patrick Bzostek,2545,343
Central,PB-191052,Peter Bühler,600,1203
Central,PB-191054,Peter Bühler,617,1188
Central,PB-191502,Philip Brown,944,951
Central,PB-191503,Philip Brown,1290,779
Central,PB-192102,Phillip Breyer,1982,487
Central,PB-192103,Phillip Breyer,446,1339
Central,PB-192104,Phillip Breyer,70,1864
Central,PC-187452,Pamela Coakley,657,1151
Central,PC-187453,Pamela Coakley,791,1059
Central,PC-190002,Pauline Chand,2756,299
Central,PF-191202,Peter Fuller,1666,613
Central,PF-191203,Peter Fuller,333,1448
Central,PF-191204,Peter Fuller,847,1009
Central,PF-191652,Philip Fox,4433,107
Central,PF-191654,Philip Fox,618,1186
Central,PF-192252,Phillip Flathmann,2855,280
Central,PF-192253,Phillip Flathmann,134,1734
Central,PG-188202,Patrick Gardner,779,1068
Central,PG-188203,Patrick Gardner,237,1594
Central,PG-188204,Patrick Gardner,401,1375
Central,PG-188952,Paul Gonzalez,2992,256
Central,PG-188953,Paul Gonzalez,1088,882
Central,PG-188954,Paul Gonzalez,251,1568
Central,PH-187902,Patricia Hirasaki,408,1367
Central,PH-187903,Patricia Hirasaki,1803,559
Central,PJ-188352,Patrick Jones,80,1848
Central,PJ-188353,Patrick Jones,298,1496
Central,PJ-188354,Patrick Jones,47,1916
Central,PJ-190152,Pauline Johnson,323,1460
Central,PJ-190153,Pauline Johnson,476,1318
Central,PK-189102,Paul Knutson,802,1048
Central,PK-189103,Paul Knutson,1915,510
Central,PK-190752,Pete Kriz,1051,899
Central,PK-190753,Pete Kriz,809,1043
Central,PK-190754,Pete Kriz,1325,756
Central,PL-189252,Paul Lucas,1729,589
Central,PL-189253,Paul Lucas,977,937
Central,PL-189254,Paul Lucas,17,2019
Central,PM-189402,Paul MacIntyre,3471,190
Central,PM-189403,Paul MacIntyre,271,1536
Central,PM-189404,Paul MacIntyre,348,1429
Central,PM-191352,Peter McVee,275,1531
Central,PM-191353,Peter McVee,222,1614
Central,PM-191354,Peter McVee,91,1822
Central,PN-187752,Parhena Norris,1883,528
Central,PN-187754,Parhena Norris,564,1232
Central,PO-188502,Patrick O'Brill,5445,66
Central,PO-188503,Patrick O'Brill,1110,870
Central,PO-188504,Patrick O'Brill,1265,787
Central,PO-188652,Patrick O'Donnell,6768,26
Central,PO-188653,Patrick O'Donnell,249,1577
Central,PO-188654,Patrick O'Donnell,551,1242
Central,PO-191802,Philisse Overcash,682,1126
Central,PO-191803,Philisse Overcash,397,1380
Central,PO-191804,Philisse Overcash,3911,151
Central,PO-191953,Phillina Ober,19,2006
Central,PO-191954,Phillina Ober,289,1511
Central,PP-189552,Paul Prost,5217,72
Central,PP-189553,Paul Prost,442,1346
Central,PP-189554,Paul Prost,865,998
Central,PR-188802,Patrick Ryan,1961,494
Central,PR-188803,Patrick Ryan,354,1419
Central,PR-188804,Patrick Ryan,158,1702
Central,PS-187602,Pamela Stobb,5006,80
Central,PS-187603,Pamela Stobb,69,1866
Central,PS-187604,Pamela Stobb,648,1160
Central,PS-189702,Paul Stevenson,2301,401
Central,PS-189703,Paul Stevenson,1656,617
Central,PS-189704,Paul Stevenson,249,1578
Central,PS-190452,Penelope Sewall,7012,19
Central,PS-190453,Penelope Sewall,4289,122
Central,PS-190454,Penelope Sewall,79,1849
Central,PT-190902,Pete Takahito,1492,680
Central,PT-190903,Pete Takahito,317,1470
Central,PT-190904,Pete Takahito,100,1799
Central,PV-189852,Paul Van Hugh,2225,423
Central,PV-189853,Paul Van Hugh,409,1366
Central,PV-189854,Paul Van Hugh,1043,902
Central,PW-190302,Pauline Webber,1670,611
Central,PW-190303,Pauline Webber,330,1452
Central,PW-190304,Pauline Webber,116,1768
Central,PW-192402,Pierre Wener,851,1006
Central,PW-192403,Pierre Wener,135,1732
Central,PW-192404,Pierre Wener,408,1368
Central,QJ-192552,Quincy Jones,378,1394
Central,QJ-192553,Quincy Jones,1834,545
Central,QJ-192554,Quincy Jones,334,1445
Central,RA-192852,Ralph Arnett,2980,259
Central,RA-192853,Ralph Arnett,83,1842
Central,RA-192854,Ralph Arnett,18,2013
Central,RA-198852,Ruben Ausman,2389,378
Central,RA-198853,Ruben Ausman,2142,442
Central,RA-199152,Russell Applegate,668,1141
Central,RA-199154,Russell Applegate,1944,499
Central,RA-199452,Ryan Akin,2743,302
Central,RA-199453,Ryan Akin,262,1549
Central,RA-199454,Ryan Akin,321,1462
Central,RB-193302,Randy Bradley,4529,104
Central,RB-193304,Randy Bradley,338,1441
Central,RB-193602,Raymond Buch,3479,189
Central,RB-193603,Raymond Buch,28,1970
Central,RB-193604,Raymond Buch,20,1997
Central,RB-194352,Richard Bierner,21,1994
Central,RB-194353,Richard Bierner,825,1027
Central,RB-194354,Richard Bierner,145,1721
Central,RB-194652,Rick Bensley,1024,914
Central,RB-194653,Rick Bensley,657,1152
Central,RB-194654,Rick Bensley,1894,522
Central,RB-195702,Rob Beeghly,1366,729
Central,RB-195703,Rob Beeghly,984,934
Central,RB-195704,Rob Beeghly,428,1357
Central,RB-196452,Robert Barroso,879,992
Central,RB-196453,Robert Barroso,1109,872
Central,RB-197052,Roger Barcio,101,1798
Central,RB-197053,Roger Barcio,1349,737
Central,RB-197054,Roger Barcio,275,1532
Central,RB-197952,Ross Baird,812,1041
Central,RB-197953,Ross Baird,1534,655
Central,RB-197954,Ross Baird,15,2029
Central,RC-198252,Roy Collins,2444,368
Central,RC-198253,Roy Collins,539,1253
Central,RC-198254,Roy Collins,328,1456
Central,RC-199602,Ryan Crowe,1860,536
Central,RC-199603,Ryan Crowe,261,1551
Central,RC-199604,Ryan Crowe,234,1598
Central,RD-194802,Rick Duston,3914,149
Central,RD-194803,Rick Duston,2299,402
Central,RD-194804,Rick Duston,162,1693
Central,RD-195852,Rob Dowd,1895,521
Central,RD-195853,Rob Dowd,505,1288
Central,RD-195854,Rob Dowd,481,1312
Central,RD-196602,Robert Dilbeck,2447,367
Central,RD-196603,Robert Dilbeck,282,1522
Central,RD-196604,Robert Dilbeck,2275,406
Central,RD-197202,Roger Demir,3983,141
Central,RD-197204,Roger Demir,223,1612
Central,RD-198102,Ross DeVincentis,752,1089
Central,RD-198103,Ross DeVincentis,717,1113
Central,RD-198104,Ross DeVincentis,681,1128
Central,RD-199004,Ruben Dartt,899,976
Central,RD-199302,Russell D'Ascenzo,15,2030
Central,RD-199303,Russell D'Ascenzo,2499,351
Central,RD-199304,Russell D'Ascenzo,347,1430
Central,RE-194053,Ricardo Emerson,1336,748
Central,RE-194502,Richard Eichhorn,2266,409
Central,RE-194504,Richard Eichhorn,674,1138
Central,RF-193452,Randy Ferguson,1520,666
Central,RF-193453,Randy Ferguson,518,1275
Central,RF-193454,Randy Ferguson,12,2047
Central,RF-197352,Roland Fjeld,354,1420
Central,RF-197353,Roland Fjeld,98,1805
Central,RF-197354,Roland Fjeld,1572,647
Central,RF-198402,Roy Französisch,6943,22
Central,RF-198403,Roy Französisch,1123,861
Central,RF-198404,Roy Französisch,50,1909
Central,RH-194952,Rick Hansen,2236,419
Central,RH-194953,Rick Hansen,318,1466
Central,RH-194954,Rick Hansen,20,1998
Central,RH-195102,Rick Huthwaite,520,1274
Central,RH-195103,Rick Huthwaite,165,1685
Central,RH-195104,Rick Huthwaite,274,1534
Central,RH-195552,Ritsa Hightower,1281,783
Central,RH-195553,Ritsa Hightower,115,1771
Central,RH-196002,Rob Haberlin,918,963
Central,RH-196003,Rob Haberlin,679,1132
Central,RH-196004,Rob Haberlin,1306,769
Central,RK-193002,Ralph Kennedy,596,1207
Central,RK-193003,Ralph Kennedy,524,1269
Central,RK-193004,Ralph Kennedy,1238,802
Central,RL-196152,Rob Lucas,133,1737
Central,RL-196153,Rob Lucas,851,1007
Central,RL-196154,Rob Lucas,3173,228
Central,RM-193752,Raymond Messe,3380,204
Central,RM-193753,Raymond Messe,3772,163
Central,RM-193754,Raymond Messe,47,1917
Central,RM-196752,Robert Marley,1189,829
Central,RM-196753,Robert Marley,264,1547
Central,RM-197502,Roland Murray,2311,399
Central,RM-197503,Roland Murray,30,1966
Central,RO-197802,Rose O'Brian,1333,750
Central,RO-197803,Rose O'Brian,122,1755
Central,RO-197804,Rose O'Brian,1772,575
Central,RP-192702,Rachel Payne,2736,305
Central,RP-192703,Rachel Payne,347,1431
Central,RP-192704,Rachel Payne,468,1324
Central,RP-193902,Resi Pölking,43,1926
Central,RP-193903,Resi Pölking,84,1841
Central,RP-193904,Resi Pölking,2861,277
Central,RP-198552,Roy Phan,2285,404
Central,RP-198554,Roy Phan,1543,653
Central,RR-193152,Ralph Ritter,910,971
Central,RR-193153,Ralph Ritter,1354,734
Central,RR-193154,Ralph Ritter,608,1197
Central,RR-195252,Rick Reed,2429,372
Central,RR-195253,Rick Reed,571,1227
Central,RR-195254,Rick Reed,374,1400
Central,RS-194202,Ricardo Sperren,3486,187
Central,RS-194203,Ricardo Sperren,841,1017
Central,RS-197652,Roland Schwarz,2814,287
Central,RS-197653,Roland Schwarz,455,1331
Central,RS-197654,Roland Schwarz,1,2076
Central,RS-198702,Roy Skaria,2687,314
Central,RS-198703,Roy Skaria,872,995
Central,RS-198704,Roy Skaria,12,2048
Central,RW-195402,Rick Wilson,1896,520
Central,RW-195403,Rick Wilson,439,1349
Central,RW-195404,Rick Wilson,2050,465
Central,RW-196302,Rob Williams,912,969
Central,RW-196303,Rob Williams,95,1811
Central,RW-196304,Rob Williams,477,1317
Central,RW-196902,Robert Waldorf,318,1467
Central,RW-196903,Robert Waldorf,502,1294
Central,RW-196904,Robert Waldorf,1092,881
Central,SA-208302,Sue Ann Reed,1317,763
Central,SA-208303,Sue Ann Reed,106,1788
Central,SA-208304,Sue Ann Reed,2743,303
Central,SB-201702,Sarah Bern,1797,563
Central,SB-201704,Sarah Bern,39,1937
Central,SB-201852,Sarah Brown,1887,524
Central,SB-201853,Sarah Brown,895,979
Central,SB-201854,Sarah Brown,1988,486
Central,SB-202902,Sean Braxton,914,968
Central,SB-202903,Sean Braxton,94,1814
Central,SB-202904,Sean Braxton,5580,58
Central,SC-200202,Sam Craven,928,960
Central,SC-200203,Sam Craven,620,1184
Central,SC-200204,Sam Craven,2786,294
Central,SC-200502,Sample Company A,431,1356
Central,SC-200503,Sample Company A,1401,719
Central,SC-200504,Sample Company A,401,1376
Central,SC-200952,Sanjit Chand,5246,71
Central,SC-200953,Sanjit Chand,527,1263
Central,SC-200954,Sanjit Chand,9900,8
Central,SC-202302,Scot Coram,1060,892
Central,SC-202304,Scot Coram,912,970
Central,SC-202604,Scott Cohen,66,1873
Central,SC-203052,Sean Christensen,1957,497
Central,SC-203053,Sean Christensen,932,958
Central,SC-203054,Sean Christensen,669,1140
Central,SC-203802,Shahid Collister,739,1100
Central,SC-203803,Shahid Collister,1256,791
Central,SC-203804,Shahid Collister,591,1212
Central,SC-204403,Shaun Chance,268,1543
Central,SC-205752,Sonia Cooley,2709,311
Central,SC-205753,Sonia Cooley,350,1424
Central,SC-205754,Sonia Cooley,650,1159
Central,SC-206802,Steve Carroll,1105,874
Central,SC-206803,Steve Carroll,41,1930
Central,SC-206804,Steve Carroll,952,947
Central,SC-206952,Steve Chapman,1798,562
Central,SC-206953,Steve Chapman,1566,652
Central,SC-206954,Steve Chapman,1938,501
Central,SC-207252,Steven Cartwright,4829,88
Central,SC-207253,Steven Cartwright,826,1026
Central,SC-207254,Steven Cartwright,1841,542
Central,SC-207702,Stewart Carmichael,546,1249
Central,SC-207703,Stewart Carmichael,20,1999
Central,SC-207704,Stewart Carmichael,769,1074
Central,SC-208002,Stuart Calhoun,4357,113
Central,SC-208004,Stuart Calhoun,208,1635
Central,SC-208452,Sung Chung,3240,223
Central,SC-208453,Sung Chung,165,1686
Central,SC-208454,Sung Chung,14,2037
Central,SD-204852,Shirley Daniels,1515,670
Central,SD-204854,Shirley Daniels,4725,93
Central,SE-201102,Sanjit Engle,6521,33
Central,SE-201103,Sanjit Engle,518,1276
Central,SE-201104,Sanjit Engle,621,1182
Central,SF-200652,Sandra Flanagan,1872,534
Central,SF-200654,Sandra Flanagan,45,1922
Central,SF-202002,Sarah Foster,1366,730
Central,SF-202003,Sarah Foster,2342,394
Central,SF-202004,Sarah Foster,292,1508
Central,SF-209652,Sylvia Foulston,320,1465
Central,SF-209654,Sylvia Foulston,1787,569
Central,SG-200802,Sandra Glassco,476,1319
Central,SG-200803,Sandra Glassco,1106,873
Central,SG-200804,Sandra Glassco,839,1018
Central,SG-204702,Sheri Gordon,1184,830
Central,SG-204703,Sheri Gordon,2045,468
Central,SG-206052,Speros Goranitis,1036,907
Central,SG-206053,Speros Goranitis,768,1075
Central,SG-206054,Speros Goranitis,379,1392
Central,SG-208902,Susan Gilcrest,154,1706
Central,SG-208903,Susan Gilcrest,1834,546
Central,SG-208904,Susan Gilcrest,38,1944
Central,SH-199752,Sally Hughsby,1063,889
Central,SH-199753,Sally Hughsby,820,1032
Central,SH-199754,Sally Hughsby,994,931
Central,SH-203952,Shahid Hopkins,3278,216
Central,SH-203953,Shahid Hopkins,1193,827
Central,SH-206352,Stefanie Holloman,4623,99
Central,SH-206353,Stefanie Holloman,444,1343
Central,SJ-201252,Sanjit Jacobs,2418,376
Central,SJ-201253,Sanjit Jacobs,1054,897
Central,SJ-201254,Sanjit Jacobs,1977,488
Central,SJ-202152,Sarah Jordon,1351,735
Central,SJ-202153,Sarah Jordon,167,1679
Central,SJ-202154,Sarah Jordon,887,987
Central,SJ-205002,Shirley Jackson,4592,100
Central,SJ-205003,Shirley Jackson,2236,420
Central,SJ-205004,Shirley Jackson,97,1808
Central,SK-199902,Sally Knutson,2838,283
Central,SK-199903,Sally Knutson,1486,681
Central,SL-201552,Sara Luxemburg,642,1166
Central,SL-201553,Sara Luxemburg,1781,571
Central,SL-201554,Sara Luxemburg,1744,585
Central,SM-200052,Sally Matthias,1820,553
Central,SM-200053,Sally Matthias,223,1613
Central,SM-200054,Sally Matthias,77,1853
Central,SM-203202,Sean Miller,1277,785
Central,SM-203203,Sean Miller,155,1704
Central,SM-203204,Sean Miller,526,1267
Central,SM-209052,Susan MacKendrick,2184,433
Central,SM-209053,Susan MacKendrick,62,1883
Central,SM-209502,Suzanne McNair,799,1050
Central,SM-209504,Suzanne McNair,880,990
Central,SN-205602,Skye Norling,321,1463
Central,SN-205603,Skye Norling,258,1559
Central,SN-205604,Skye Norling,1311,767
Central,SN-207102,Steve Nguyen,2189,431
Central,SN-207103,Steve Nguyen,1319,761
Central,SN-207104,Steve Nguyen,1813,555
Central,SO-203352,Sean O'Donnell,2573,338
Central,SO-203353,Sean O'Donnell,600,1204
Central,SP-205452,Sibella Parks,786,1062
Central,SP-205453,Sibella Parks,234,1599
Central,SP-205454,Sibella Parks,213,1624
Central,SP-206202,Stefania Perrino,406,1372
Central,SP-206203,Stefania Perrino,414,1362
Central,SP-206204,Stefania Perrino,610,1193
Central,SP-206502,Stephanie Phelps,63,1879
Central,SP-206504,Stephanie Phelps,334,1446
Central,SP-208602,Sung Pak,4707,95
Central,SP-208604,Sung Pak,92,1820
Central,SP-209202,Susan Pistek,10735,3
Central,SP-209203,Susan Pistek,39,1938
Central,SP-209204,Susan Pistek,24,1985
Central,SR-204252,Sharelle Roach,4181,131
Central,SR-204253,Sharelle Roach,69,1867
Central,SR-204254,Sharelle Roach,213,1625
Central,SR-207402,Steven Roelle,1027,913
Central,SR-207403,Steven Roelle,1315,765
Central,SR-207404,Steven Roelle,318,1468
Central,SS-201402,Saphhira Shifley,1223,814
Central,SS-201403,Saphhira Shifley,760,1079
Central,SS-201404,Saphhira Shifley,56,1894
Central,SS-204102,Shahid Shariari,7809,11
Central,SS-204103,Shahid Shariari,232,1601
Central,SS-204104,Shahid Shariari,677,1134
Central,SS-205152,Shirley Schmidt,1722,592
Central,SS-205153,Shirley Schmidt,251,1569
Central,SS-205154,Shirley Schmidt,48,1913
Central,SS-205902,Sonia Sunley,1749,582
Central,SS-205903,Sonia Sunley,114,1772
Central,SS-205904,Sonia Sunley,46,1920
Central,SS-208752,Sung Shariari,397,1381
Central,SS-208753,Sung Shariari,203,1639
Central,SS-208754,Sung Shariari,116,1769
Central,ST-205302,Shui Tom,304,1485
Central,ST-205303,Shui Tom,4962,82
Central,ST-205304,Shui Tom,16,2024
Central,SU-206652,Stephanie Ulpright,805,1047
Central,SU-206653,Stephanie Ulpright,599,1205
Central,SU-206654,Stephanie Ulpright,1521,663
Central,SV-203652,Seth Vernon,2018,477
Central,SV-203653,Seth Vernon,861,999
Central,SV-203654,Seth Vernon,1191,828
Central,SV-207852,Stewart Visinsky,2832,285
Central,SV-207853,Stewart Visinsky,301,1489
Central,SV-207854,Stewart Visinsky,32,1960
Central,SV-208152,Stuart Van,1685,606
Central,SV-208153,Stuart Van,93,1816
Central,SV-208154,Stuart Van,1228,810
Central,SV-209352,Susan Vittorini,499,1296
Central,SV-209353,Susan Vittorini,54,1898
Central,SV-209354,Susan Vittorini,16,2025
Central,SW-202452,Scot Wooten,3406,201
Central,SW-202454,Scot Wooten,239,1592
Central,SW-202752,Scott Williamson,788,1061
Central,SW-202753,Scott Williamson,1029,910
Central,SW-202754,Scott Williamson,22,1990
Central,SW-203502,Sean Wendt,288,1513
Central,SW-203503,Sean Wendt,251,1570
Central,SW-203504,Sean Wendt,552,1239
Central,SW-204552,Shaun Weien,644,1164
Central,SW-207552,Steven Ward,4864,86
Central,SW-207553,Steven Ward,3147,232
Central,SZ-200352,Sam Zeldin,57,1891
Central,SZ-200353,Sam Zeldin,1031,909
Central,SZ-200354,Sam Zeldin,2371,386
Central,TA-213852,Tom Ashbrook,5882,48
Central,TA-213854,Tom Ashbrook,872,996
Central,TB-210552,Ted Butterfield,4207,129
Central,TB-210553,Ted Butterfield,467,1325
Central,TB-211752,Thomas Boland,3809,160
Central,TB-211753,Thomas Boland,1405,717
Central,TB-211754,Thomas Boland,60,1887
Central,TB-211902,Thomas Brumley,569,1228
Central,TB-211903,Thomas Brumley,252,1566
Central,TB-212502,Tim Brockman,3505,182
Central,TB-212503,Tim Brockman,491,1303
Central,TB-212504,Tim Brockman,160,1698
Central,TB-212802,Toby Braunhardt,167,1680
Central,TB-212803,Toby Braunhardt,814,1037
Central,TB-212804,Toby Braunhardt,1287,781
Central,TB-213553,Todd Boyes,1604,634
Central,TB-213554,Todd Boyes,209,1633
Central,TB-214002,Tom Boeckenhauer,938,952
Central,TB-214003,Tom Boeckenhauer,933,957
Central,TB-214004,Tom Boeckenhauer,1041,904
Central,TB-215202,Tracy Blumstein,983,935
Central,TB-215203,Tracy Blumstein,1915,511
Central,TB-215204,Tracy Blumstein,150,1711
Central,TB-215952,Troy Blackwell,466,1326
Central,TB-215953,Troy Blackwell,204,1638
Central,TB-215954,Troy Blackwell,782,1066
Central,TB-216252,Trudy Brown,2611,332
Central,TB-216253,Trudy Brown,602,1200
Central,TB-216254,Trudy Brown,244,1584
Central,TC-209802,Tamara Chand,5425,67
Central,TC-209803,Tamara Chand,3484,188
Central,TC-209804,Tamara Chand,18436,1
Central,TC-211452,Theresa Coyne,747,1093
Central,TC-211453,Theresa Coyne,1768,576
Central,TC-212952,Toby Carlisle,8299,10
Central,TC-212953,Toby Carlisle,1773,574
Central,TC-212954,Toby Carlisle,22,1991
Central,TC-214752,Tony Chapman,2606,334
Central,TC-214754,Tony Chapman,53,1901
Central,TC-215352,Tracy Collins,598,1206
Central,TC-215353,Tracy Collins,1256,792
Central,TD-209952,Tamara Dahlen,2320,398
Central,TD-209953,Tamara Dahlen,509,1285
Central,TD-209954,Tamara Dahlen,108,1786
Central,TG-213102,Toby Gnade,4402,111
Central,TG-213103,Toby Gnade,127,1746
Central,TG-216402,Trudy Glocke,3362,206
Central,TG-216403,Trudy Glocke,529,1261
Central,TG-216404,Trudy Glocke,249,1579
Central,TH-211002,Thea Hendricks,5961,45
Central,TH-211003,Thea Hendricks,34,1956
Central,TH-211152,Thea Hudgings,903,974
Central,TH-211153,Thea Hudgings,383,1389
Central,TH-211154,Thea Hudgings,2027,472
Central,TH-212352,Tiffany House,5608,56
Central,TH-212353,Tiffany House,2491,355
Central,TH-212354,Tiffany House,602,1201
Central,TH-215502,Tracy Hopkins,174,1670
Central,TH-215503,Tracy Hopkins,1817,554
Central,TH-215504,Tracy Hopkins,565,1231
Central,TM-210102,Tamara Manning,4324,119
Central,TM-210103,Tamara Manning,41,1931
Central,TM-210104,Tamara Manning,161,1695
Central,TM-214902,Tony Molinari,4965,81
Central,TM-214903,Tony Molinari,225,1608
Central,TM-214904,Tony Molinari,326,1457
Central,TN-210402,Tanja Norvell,386,1387
Central,TN-210403,Tanja Norvell,26,1977
Central,TN-210404,Tanja Norvell,286,1517
Central,TP-211302,Theone Pippenger,2438,371
Central,TP-211303,Theone Pippenger,1460,687
Central,TP-211304,Theone Pippenger,2863,276
Central,TP-214152,Tom Prescott,407,1370
Central,TP-214153,Tom Prescott,174,1671
Central,TP-214154,Tom Prescott,577,1223
Central,TP-215652,Tracy Poddar,2596,335
Central,TP-215653,Tracy Poddar,334,1447
Central,TP-215654,Tracy Poddar,134,1735
Central,TR-213252,Toby Ritter,1276,786
Central,TR-213253,Toby Ritter,30,1967
Central,TR-213254,Toby Ritter,278,1530
Central,TS-210852,Thais Sissman,2533,346
Central,TS-210853,Thais Sissman,1652,619
Central,TS-211602,Theresa Swint,917,964
Central,TS-211603,Theresa Swint,738,1101
Central,TS-211604,Theresa Swint,251,1571
Central,TS-212052,Thomas Seio,116,1770
Central,TS-212054,Thomas Seio,28,1971
Central,TS-213402,Toby Swindell,2360,388
Central,TS-213403,Toby Swindell,754,1085
Central,TS-213404,Toby Swindell,1,2077
Central,TS-213702,Todd Sumrall,3124,238
Central,TS-213703,Todd Sumrall,2008,478
Central,TS-213704,Todd Sumrall,2800,290
Central,TS-214302,Tom Stivers,1782,570
Central,TS-214303,Tom Stivers,1737,588
Central,TS-214304,Tom Stivers,30,1968
Central,TS-215052,Tony Sayre,3253,220
Central,TS-215053,Tony Sayre,1045,901
Central,TS-216102,Troy Staebel,4051,136
Central,TS-216103,Troy Staebel,99,1801
Central,TS-216104,Troy Staebel,179,1666
Central,TS-216552,Trudy Schmidt,525,1268
Central,TS-216553,Trudy Schmidt,49,1911
Central,TS-216554,Trudy Schmidt,2345,393
Central,TT-210702,Ted Trevino,1860,537
Central,TT-212202,Thomas Thornton,1010,921
Central,TT-212203,Thomas Thornton,1846,541
Central,TT-212204,Thomas Thornton,630,1173
Central,TT-212653,Tim Taslimi,569,1229
Central,TT-212654,Tim Taslimi,55,1896
Central,TT-214602,Tonja Turnell,5134,75
Central,TT-214603,Tonja Turnell,480,1314
Central,TT-214604,Tonja Turnell,5302,68
Central,TW-210252,Tamara Willingham,2718,309
Central,TW-210253,Tamara Willingham,159,1700
Central,TZ-214452,Tom Zandusky,1323,757
Central,TZ-214453,Tom Zandusky,1165,837
Central,TZ-215802,Tracy Zic,3305,212
Central,TZ-215803,Tracy Zic,124,1750
Central,VB-217452,Victoria Brennan,1212,818
Central,VB-217453,Victoria Brennan,772,1071
Central,VB-217454,Victoria Brennan,574,1224
Central,VD-216702,Valerie Dominguez,484,1308
Central,VD-216703,Valerie Dominguez,2663,319
Central,VD-216704,Valerie Dominguez,972,939
Central,VF-217152,Vicky Freymann,305,1483
Central,VF-217153,Vicky Freymann,281,1526
Central,VF-217154,Vicky Freymann,679,1133
Central,VG-217902,Vivek Gonzalez,1879,530
Central,VG-217903,Vivek Gonzalez,738,1102
Central,VG-218052,Vivek Grady,1910,513
Central,VG-218053,Vivek Grady,185,1658
Central,VG-218054,Vivek Grady,354,1421
Central,VM-216852,Valerie Mitchum,4589,101
Central,VM-216853,Valerie Mitchum,87,1835
Central,VM-216854,Valerie Mitchum,3,2068
Central,VM-218352,Vivian Mathis,663,1144
Central,VM-218353,Vivian Mathis,308,1479
Central,VM-218354,Vivian Mathis,16,2026
Central,VP-217302,Victor Preis,1145,848
Central,VP-217303,Victor Preis,266,1544
Central,VP-217304,Victor Preis,19,2007
Central,VP-217602,Victoria Pisteka,1496,679
Central,VP-217603,Victoria Pisteka,165,1687
Central,VP-217604,Victoria Pisteka,634,1172
Central,VS-218202,Vivek Sundaresam,1127,860
Central,VS-218204,Vivek Sundaresam,698,1119
Central,VT-217002,Valerie Takahito,1237,803
Central,VT-217004,Valerie Takahito,100,1800
Central,VW-217752,Victoria Wilson,1038,905
Central,VW-217754,Victoria Wilson,1223,815
Central,WB-218502,William Brown,213,1626
Central,WB-218503,William Brown,1582,641
Central,WB-218504,William Brown,160,1699
Central,XP-218652,Xylona Preis,189,1654
Central,XP-218653,Xylona Preis,2859,278
Central,XP-218654,Xylona Preis,991,932
Central,YC-218952,Yoseph Carroll,4335,118
Central,YC-218953,Yoseph Carroll,52,1903
Central,YC-218954,Yoseph Carroll,1123,862
Central,YS-218802,Yana Sorensen,3160,230
Central,YS-218803,Yana Sorensen,2517,350
Central,ZC-219102,Zuschuss Carroll,7202,17
Central,ZC-219103,Zuschuss Carroll,487,1306
Central,ZC-219104,Zuschuss Carroll,3869,155
Central,ZD-219252,Zuschuss Donatelli,3052,248
Central,ZD-219254,Zuschuss Donatelli,331,1451
Central Asia,AA-103151,Alex Avila,545,333
Central Asia,AA-103751,Allen Armold,1261,200
Central Asia,AA-106451,Anna Andreadi,1378,184
Central Asia,AB-100151,Aaron Bergman,1919,126
Central Asia,AB-101051,Adrian Barton,1349,190
Central Asia,AB-101651,Alan Barnes,304,402
Central Asia,AB-102551,Alejandro Ballentine,49,538
Central Asia,AB-106001,Ann Blume,3809,49
Central Asia,AC-104501,Amy Cox,6640,9
Central Asia,AC-106151,Ann Chong,1350,189
Central Asia,AD-101801,Alan Dominguez,46,540
Central Asia,AF-108701,Art Ferguson,4033,43
Central Asia,AF-108851,Art Foster,6232,11
Central Asia,AG-102701,Alejandro Grove,97,492
Central Asia,AG-104951,Andrew Gjertsen,570,325
Central Asia,AG-105251,Andy Gerbode,324,397
Central Asia,AG-107651,Anthony Garverick,536,335
Central Asia,AG-109001,Arthur Gainer,4311,38
Central Asia,AH-100301,Aaron Hawkins,360,387
Central Asia,AH-100751,Adam Hart,1637,156
Central Asia,AH-101951,Alan Haines,1168,210
Central Asia,AH-104651,Amy Hunt,522,340
Central Asia,AH-105851,Angele Hood,637,304
Central Asia,AH-106901,Anna Häberlin,978,235
Central Asia,AJ-107801,Anthony Jacobs,5498,19
Central Asia,AJ-107951,Anthony Johnson,327,395
Central Asia,AJ-109451,Ashley Jarboe,1147,213
Central Asia,AJ-109601,Astrea Jones,64,525
Central Asia,AM-103601,Alice McCarthy,1859,132
Central Asia,AO-108101,Anthony O'Donnell,1656,152
Central Asia,AP-107201,Anne Pryor,3986,46
Central Asia,AP-109151,Arthur Prichep,1195,207
Central Asia,AR-103451,Alex Russell,679,295
Central Asia,AR-104051,Allen Rosenblatt,768,272
Central Asia,AR-105101,Andrew Roberts,298,404
Central Asia,AR-105401,Andy Reiter,612,313
Central Asia,AR-105701,Anemone Ratner,2152,111
Central Asia,AR-108251,Anthony Rawles,255,417
Central Asia,AS-100901,Adam Shillingsburg,404,370
Central Asia,AS-101351,Adrian Shami,2895,78
Central Asia,AS-102251,Alan Schoenberger,5109,25
Central Asia,AS-102401,Alan Shonely,584,321
Central Asia,AS-102851,Alejandro Savely,3548,56
Central Asia,AS-106301,Ann Steele,169,452
Central Asia,AT-104351,Alyssa Tate,177,449
Central Asia,AW-108401,Anthony Witt,843,258
Central Asia,AW-109301,Arthur Wiediger,31,555
Central Asia,AY-105551,Andy Yotov,506,343
Central Asia,BB-109901,Barry Blumstein,704,290
Central Asia,BD-113201,Bill Donatelli,55,533
Central Asia,BD-115001,Bradley Drucker,33,554
Central Asia,BD-115601,Brendan Dodson,201,439
Central Asia,BD-116051,Brian Dahlen,448,356
Central Asia,BD-116201,Brian DeCherney,864,254
Central Asia,BD-116351,Brian Derr,1385,183
Central Asia,BD-117251,Bruce Degenhardt,1128,216
Central Asia,BD-117701,Bryan Davis,716,287
Central Asia,BE-113351,Bill Eplett,107,488
Central Asia,BE-114101,Bobby Elias,36,550
Central Asia,BE-114551,Brad Eason,902,246
Central Asia,BF-109751,Barbara Fisher,119,480
Central Asia,BF-110051,Barry Franz,9365,3
Central Asia,BF-110201,Barry Französisch,1335,194
Central Asia,BF-110801,Bart Folk,848,257
Central Asia,BF-111701,Ben Ferrer,52,536
Central Asia,BF-112151,Benjamin Farhat,1524,170
Central Asia,BG-110351,Barry Gonzalez,1959,124
Central Asia,BG-116951,Brooke Gillingham,820,266
Central Asia,BG-117401,Bruce Geld,437,360
Central Asia,BK-112601,Berenike Kampe,5110,24
Central Asia,BM-117851,Bryan Mills,2930,77
Central Asia,BN-114701,Brad Norvell,726,284
Central Asia,BN-115151,Bradley Nguyen,270,412
Central Asia,BO-113501,Bill Overfelt,1715,146
Central Asia,BO-114251,Bobby Odegard,312,400
Central Asia,BP-110501,Barry Pond,17,566
Central Asia,BP-112301,Benjamin Patterson,2021,120
Central Asia,BP-112901,Beth Paige,25,559
Central Asia,BS-113651,Bill Shonely,1041,223
Central Asia,BS-115901,Brendan Sweed,41,545
Central Asia,BS-116651,Brian Stugart,556,331
Central Asia,BS-117551,Bruce Stewart,736,282
Central Asia,BT-114851,Brad Thomas,566,328
Central Asia,BT-115301,Bradley Talbott,5555,18
Central Asia,BW-110651,Barry Weirich,56,531
Central Asia,BW-111101,Bart Watters,2733,85
Central Asia,BW-112001,Ben Wallace,118,481
Central Asia,CA-120551,Cathy Armstrong,2388,95
Central Asia,CA-122651,Christina Anderson,88,496
Central Asia,CA-123101,Christine Abelman,889,247
Central Asia,CA-127751,Cynthia Arntzen,10462,1
Central Asia,CB-120251,Cassandra Brandow,1231,204
Central Asia,CC-121001,Chad Cunningham,997,233
Central Asia,CC-121451,Charles Crestani,2060,117
Central Asia,CC-122201,Chris Cortes,86,500
Central Asia,CC-123701,Christopher Conant,4714,30
Central Asia,CC-124301,Chuck Clark,822,265
Central Asia,CC-124751,Cindy Chapman,1273,198
Central Asia,CC-125501,Clay Cheatham,122,478
Central Asia,CC-126101,Corey Catlett,167,455
Central Asia,CC-126701,Craig Carreira,2230,103
Central Asia,CC-126851,Craig Carroll,2352,96
Central Asia,CD-122801,Christina DeMoss,3993,45
Central Asia,CG-120401,Catherine Glotzbach,143,465
Central Asia,CG-125201,Claire Gute,231,425
Central Asia,CJ-118751,Carl Jackson,267,414
Central Asia,CJ-120101,Caroline Jumper,298,405
Central Asia,CK-122051,Chloris Kastensmidt,169,453
Central Asia,CK-123251,Christine Kargatis,140,467
Central Asia,CL-118901,Carl Ludwig,490,352
Central Asia,CL-127001,Craig Leslie,6175,14
Central Asia,CM-118151,Candace McMahon,3790,50
Central Asia,CM-118301,Cari MacIntyre,39,546
Central Asia,CM-121151,Chad McGuire,638,303
Central Asia,CM-121901,Charlotte Melton,1091,220
Central Asia,CM-122351,Chris McAfee,218,432
Central Asia,CM-123851,Christopher Martinez,2222,105
Central Asia,CM-126551,Corinna Mitchell,71,518
Central Asia,CM-127151,Craig Molinari,198,440
Central Asia,CP-123401,Christine Phan,6196,13
Central Asia,CR-125801,Clay Rozendal,601,317
Central Asia,CR-126251,Corey Roper,3698,54
Central Asia,CR-127301,Craig Reiter,1727,145
Central Asia,CR-128201,Cyra Reiten,5128,23
Central Asia,CS-118451,Cari Sayre,6969,7
Central Asia,CS-119501,Carlos Soltero,28,557
Central Asia,CS-121301,Chad Sievert,754,276
Central Asia,CS-121751,Charles Sheldon,3082,70
Central Asia,CS-122501,Chris Selesnick,717,286
Central Asia,CS-124601,Chuck Sachs,6825,8
Central Asia,CS-124901,Cindy Schnelling,76,509
Central Asia,CS-125051,Cindy Stewart,1019,228
Central Asia,CT-119951,Carol Triggs,83,503
Central Asia,CV-128051,Cynthia Voltz,180,448
Central Asia,CW-119051,Carl Weiss,1710,148
Central Asia,CY-127451,Craig Yedwab,1847,133
Central Asia,Co-126401,Corey-Lock,2068,115
Central Asia,DA-134501,Dianna Arnett,2270,100
Central Asia,DB-131201,David Bremer,182,447
Central Asia,DB-132101,Dean Braden,85,501
Central Asia,DB-134051,Denny Blanton,2134,113
Central Asia,DB-135551,Dorothy Badders,146,461
Central Asia,DB-136151,Doug Bickford,2031,118
Central Asia,DB-136601,Duane Benoit,738,281
Central Asia,DC-128501,Dan Campbell,578,322
Central Asia,DC-132851,Debra Catini,393,376
Central Asia,DE-132551,Deanra Eno,231,426
Central Asia,DF-131351,David Flashing,680,294
Central Asia,DG-133001,Deirdre Greer,1539,167
Central Asia,DH-130751,Dave Hallsten,129,476
Central Asia,DH-136751,Duane Huffman,2854,79
Central Asia,DJ-134201,Denny Joy,1768,142
Central Asia,DJ-135101,Don Jones,26,558
Central Asia,DJ-136301,Doug Jacobs,1024,226
Central Asia,DK-128351,Damala Kotsonis,397,375
Central Asia,DK-129851,Darren Koutras,3842,48
Central Asia,DK-130901,Dave Kipp,518,341
Central Asia,DK-131501,David Kendrick,809,269
Central Asia,DK-132251,Dean Katz,82,505
Central Asia,DK-133751,Dennis Kane,71,519
Central Asia,DL-128651,Dan Lawera,24,560
Central Asia,DL-129251,Daniel Lacy,46,541
Central Asia,DL-133301,Denise Leinenbach,3754,52
Central Asia,DL-134951,Dionis Lloyd,3146,67
Central Asia,DM-129551,Dario Medina,2008,122
Central Asia,DM-133451,Denise Monton,5209,21
Central Asia,DM-135251,Don Miller,1804,139
Central Asia,DO-134351,Denny Ordway,5309,20
Central Asia,DP-131651,David Philippe,4748,29
Central Asia,DP-133901,Dennis Pardue,282,410
Central Asia,DR-128801,Dan Reichenbach,840,259
Central Asia,DR-129401,Daniel Raglin,1786,141
Central Asia,DS-130301,Darrin Sayre,1418,181
Central Asia,DV-130451,Darrin Van Huff,1832,135
Central Asia,DV-134651,Dianna Vittorini,1236,203
Central Asia,DW-131951,David Wiener,4619,35
Central Asia,DW-134801,Dianna Wilson,2268,101
Central Asia,DW-135851,Dorothy Wardle,1823,138
Central Asia,Dl-136001,Dorris liebe,284,409
Central Asia,Dp-132401,Dean percer,861,255
Central Asia,EB-138701,Emily Burns,38,548
Central Asia,EB-139751,Erica Bern,297,406
Central Asia,EB-141101,Eugene Barchas,77,508
Central Asia,EB-141701,Evan Bailliet,611,314
Central Asia,EC-140501,Erin Creighton,1943,125
Central Asia,ED-138851,Emily Ducich,1377,186
Central Asia,EG-139001,Emily Grady,1310,196
Central Asia,EH-139451,Eric Hoffmann,169,454
Central Asia,EH-139901,Erica Hackney,2753,84
Central Asia,EH-140051,Erica Hernandez,23,561
Central Asia,EH-141251,Eugene Hildebrand,831,262
Central Asia,EH-141851,Evan Henry,189,444
Central Asia,EK-137951,Eileen Kiefer,408,368
Central Asia,EL-137351,Ed Ludwig,502,344
Central Asia,EM-138101,Eleni McCrary,3169,65
Central Asia,EM-138251,Elizabeth Moffitt,344,392
Central Asia,EM-139601,Eric Murdock,3030,71
Central Asia,EM-140651,Erin Mull,616,311
Central Asia,EM-141401,Eugene Moren,6986,6
Central Asia,EM-142001,Evan Minnotte,106,489
Central Asia,EN-137801,Edward Nazzal,500,346
Central Asia,EP-139151,Emily Phan,1877,131
Central Asia,ER-138551,Elpida Rittenbach,831,263
Central Asia,ES-140201,Erica Smith,568,326
Central Asia,FA-142301,Frank Atkinson,542,334
Central Asia,FG-142601,Frank Gastineau,4156,40
Central Asia,FH-142751,Frank Hawley,1345,192
Central Asia,FH-143651,Fred Hopkins,493,349
Central Asia,FW-143951,Fred Wasserman,3296,61
Central Asia,GB-145301,George Bell,238,424
Central Asia,GB-145751,Giulietta Baptist,536,336
Central Asia,GG-146501,Greg Guthrie,98,491
Central Asia,GH-144101,Gary Hansen,363,386
Central Asia,GH-144251,Gary Hwang,1010,229
Central Asia,GH-144851,Gene Hale,1631,158
Central Asia,GH-146651,Greg Hansen,326,396
Central Asia,GK-146201,Grace Kelly,614,312
Central Asia,GM-144401,Gary McGarr,589,320
Central Asia,GM-144551,Gary Mitchum,3083,69
Central Asia,GM-146951,Greg Maxwell,400,374
Central Asia,GP-147401,Guy Phonely,4303,39
Central Asia,GR-145601,Georgia Rosenberg,402,372
Central Asia,GT-146351,Grant Thornton,1418,182
Central Asia,GT-147101,Greg Tran,632,308
Central Asia,GT-147551,Guy Thornton,720,285
Central Asia,GW-146051,Giulietta Weimer,1246,202
Central Asia,GZ-144701,Gary Zandusky,2852,80
Central Asia,GZ-145451,George Zrebassa,1663,151
Central Asia,HA-149051,Helen Abelman,2024,119
Central Asia,HD-147851,Harold Dahlen,633,307
Central Asia,HG-148451,Harry Greene,1655,153
Central Asia,HG-149651,Henry Goldwyn,3684,55
Central Asia,HG-150251,Hunter Glantz,1026,225
Central Asia,HH-150101,Hilary Holden,2697,86
Central Asia,HJ-148751,Heather Jas,883,250
Central Asia,HL-150401,Hunter Lopez,5207,22
Central Asia,HP-148151,Harold Pawlan,955,243
Central Asia,HR-147701,Hallie Redmond,65,524
Central Asia,HR-148301,Harold Ryan,551,332
Central Asia,HW-149351,Helen Wasserman,135,472
Central Asia,HZ-149501,Henia Zydlo,137,471
Central Asia,IL-151001,Ivan Liston,1565,163
Central Asia,IM-150701,Irene Maddox,73,516
Central Asia,JB-154001,Jennifer Braxton,89,495
Central Asia,JB-159251,Joni Blumstein,733,283
Central Asia,JB-160451,Julia Barnett,143,466
Central Asia,JC-153401,Jasper Cacioppo,1544,166
Central Asia,JC-153851,Jenna Caffey,429,363
Central Asia,JC-157751,John Castell,378,383
Central Asia,JC-161051,Julie Creighton,754,277
Central Asia,JD-158951,Jonathan Doherty,171,450
Central Asia,JD-160151,Joy Daniels,281,411
Central Asia,JE-156101,Jim Epp,2320,97
Central Asia,JE-157151,Joe Elijah,473,354
Central Asia,JF-151901,Jamie Frazer,1437,179
Central Asia,JF-153551,Jay Fein,72,517
Central Asia,JF-154151,Jennifer Ferguson,226,429
Central Asia,JF-154901,Jeremy Farry,403,371
Central Asia,JF-155651,Jill Fjeld,117,484
Central Asia,JG-151151,Jack Garza,208,436
Central Asia,JG-151601,James Galang,601,318
Central Asia,JG-153101,Jason Gross,1143,215
Central Asia,JG-158051,John Grady,1357,188
Central Asia,JH-154301,Jennifer Halladay,31,556
Central Asia,JH-158201,John Huston,971,237
Central Asia,JH-159101,Jonathan Howell,816,268
Central Asia,JH-161801,Justin Hirsh,1463,174
Central Asia,JJ-154451,Jennifer Jackson,2461,93
Central Asia,JJ-157601,Joel Jenkins,149,459
Central Asia,JK-153251,Jason Klamczynski,578,323
Central Asia,JK-156251,Jim Karlsson,653,298
Central Asia,JK-157301,Joe Kamberova,369,384
Central Asia,JK-160901,Juliana Krohn,2985,74
Central Asia,JK-161201,Julie Kriz,193,442
Central Asia,JL-152351,Janet Lee,1248,201
Central Asia,JL-155051,Jeremy Lonsdale,76,510
Central Asia,JM-152501,Janet Martin,66,522
Central Asia,JM-152651,Janet Molinari,2150,112
Central Asia,JM-155351,Jessica Myrick,2164,110
Central Asia,JM-155801,Jill Matthias,919,244
Central Asia,JM-156551,Jim Mitchum,56,532
Central Asia,JM-158651,John Murray,1912,128
Central Asia,JM-161951,Justin MacKendrick,527,338
Central Asia,JO-151451,Jack O'Briant,513,342
Central Asia,JO-152801,Jas O'Carroll,1650,154
Central Asia,JO-155501,Jesus Ocampo,67,520
Central Asia,JP-154601,Jennifer Patt,245,420
Central Asia,JP-161351,Julie Prescott,145,462
Central Asia,JR-157001,Jocasta Rupert,4679,33
Central Asia,JR-162101,Justin Ritter,1029,224
Central Asia,JS-156851,Jim Sink,2828,81
Central Asia,JS-158801,John Stevenson,1337,193
Central Asia,JS-159401,Joni Sundaresam,22,562
Central Asia,JS-160301,Joy Smith,3483,58
Central Asia,JW-152201,Jane Waco,3747,53
Central Asia,JW-159551,Joni Wasserman,437,361
Central Asia,JW-160751,Julia West,837,260
Central Asia,KA-165251,Kelly Andreada,45,542
Central Asia,KB-162401,Karen Bern,994,234
Central Asia,KB-164051,Katrina Bavinger,417,365
Central Asia,KB-165851,Ken Black,1552,165
Central Asia,KB-166001,Ken Brennan,4509,37
Central Asia,KC-162551,Karen Carlisle,415,366
Central Asia,KD-163451,Katherine Ducich,5092,26
Central Asia,KD-164951,Keith Dawkins,1647,155
Central Asia,KD-166151,Ken Dana,61,528
Central Asia,KE-164201,Katrina Edelman,557,330
Central Asia,KH-163301,Katharine Harms,2799,82
Central Asia,KH-163601,Katherine Hughes,692,293
Central Asia,KH-165101,Keith Herrera,4541,36
Central Asia,KH-166901,Kristen Hastings,382,379
Central Asia,KM-166601,Khloe Miller,83,504
Central Asia,KN-163901,Katherine Nockton,90,494
Central Asia,KN-164501,Kean Nguyen,1461,175
Central Asia,KS-163001,Karen Seio,88,497
Central Asia,KT-164651,Kean Takahito,662,297
Central Asia,KT-164801,Kean Thornton,442,358
Central Asia,KW-165701,Kelly Williams,1477,172
Central Asia,LA-167801,Laura Armstrong,917,245
Central Asia,LB-167351,Larry Blacks,1349,191
Central Asia,LB-167951,Laurel Beltran,7798,5
Central Asia,LC-168701,Lena Cacioppo,2214,107
Central Asia,LC-168851,Lena Creighton,1636,157
Central Asia,LC-169301,Linda Cazamias,884,249
Central Asia,LC-169601,Lindsay Castell,1272,199
Central Asia,LC-171401,Logan Currie,1092,219
Central Asia,LD-170051,Lisa DeCherney,3134,68
Central Asia,LE-168101,Laurel Elliston,150,458
Central Asia,LF-171851,Luke Foster,2577,88
Central Asia,LH-169001,Lena Hernandez,536,337
Central Asia,LH-170201,Lisa Hazard,677,296
Central Asia,LH-171551,Logan Haushalter,380,380
Central Asia,LL-168401,Lauren Leatherbury,36,551
Central Asia,LO-171701,Lori Olson,1461,176
Central Asia,LP-170951,Liz Preis,1219,205
Central Asia,LR-169151,Lena Radford,5787,16
Central Asia,LR-170351,Lisa Ryan,2219,106
Central Asia,LS-169751,Lindsay Shagiari,1914,127
Central Asia,LS-172001,Luke Schmidt,479,353
Central Asia,LS-172301,Lycoris Saunders,360,388
Central Asia,LT-167651,Larry Tron,6213,12
Central Asia,LT-171101,Liz Thompson,820,267
Central Asia,LW-168251,Laurel Workman,1020,227
Central Asia,LW-169901,Lindsay Williams,296,407
Central Asia,MA-175601,Matt Abelman,245,421
Central Asia,MA-179951,Michelle Arnett,1178,209
Central Asia,MB-173051,Maria Bertelson,75,512
Central Asia,MC-172751,Marc Crier,889,248
Central Asia,MC-174251,Mark Cousins,63,526
Central Asia,MC-175751,Matt Collins,558,329
Central Asia,MC-176351,Matthew Clasen,602,316
Central Asia,MC-178451,Michael Chen,1889,129
Central Asia,MC-181001,Mick Crebagga,1059,222
Central Asia,MC-181301,Mike Caudle,54,534
Central Asia,MD-178601,Michael Dominguez,3188,63
Central Asia,ME-177251,Max Engle,1794,140
Central Asia,MF-182501,Monica Federle,85,502
Central Asia,MG-176801,Maureen Gastineau,879,252
Central Asia,MG-176951,Maureen Gnade,1826,137
Central Asia,MG-178751,Michael Grace,54,535
Central Asia,MG-178901,Michael Granlund,3147,66
Central Asia,MG-181451,Mike Gockenbach,2573,90
Central Asia,MG-182051,Mitch Gastineau,5734,17
Central Asia,MH-172901,Marc Harrigan,1320,195
Central Asia,MH-174401,Mark Haberlin,263,415
Central Asia,MH-174551,Mark Hamilton,1735,143
Central Asia,MH-177851,Maya Herman,44,543
Central Asia,MH-181151,Mick Hernandez,1712,147
Central Asia,MJ-177401,Max Jones,771,271
Central Asia,MK-179051,Michael Kennedy,118,482
Central Asia,MK-181601,Mike Kennedy,3240,62
Central Asia,ML-173951,Marina Lichtenstein,135,473
Central Asia,ML-174101,Maris LaWare,762,274
Central Asia,ML-177551,Max Ludwig,406,369
Central Asia,ML-182651,Muhammed Lee,1553,164
Central Asia,MM-172601,Magdelene Morse,744,279
Central Asia,MM-179201,Michael Moore,1147,214
Central Asia,MM-182801,Muhammed MacIntyre,463,355
Central Asia,MN-179351,Michael Nguyen,145,463
Central Asia,MP-181751,Mike Pelletier,252,418
Central Asia,MR-175451,Mathew Reese,999,232
Central Asia,MS-175301,MaryBeth Skach,87,498
Central Asia,MS-177101,Maurice Satty,20,565
Central Asia,MS-177701,Maxwell Schwartz,336,393
Central Asia,MS-179801,Michael Stewart,3865,47
Central Asia,MT-178151,Meg Tillman,1215,206
Central Asia,MT-180701,Michelle Tran,699,291
Central Asia,MV-174851,Mark Van Huff,393,377
Central Asia,MV-181901,Mike Vittorini,6365,10
Central Asia,MW-182351,Mitch Willingham,960,241
Central Asia,MY-173801,Maribeth Yedwab,1305,197
Central Asia,MZ-175151,Mary Zewe,957,242
Central Asia,NC-183401,Nat Carroll,2175,108
Central Asia,NC-186251,Noah Childs,4041,42
Central Asia,ND-183701,Natalie DeCherney,231,427
Central Asia,ND-184601,Neil Ducich,224,430
Central Asia,NF-183851,Natalie Fritzler,2576,89
Central Asia,NF-184751,Neil Französisch,228,428
Central Asia,NG-184301,Nathan Gelder,2102,114
Central Asia,NH-186101,Nicole Hansen,1685,150
Central Asia,NK-184901,Neil Knudson,440,359
Central Asia,NL-183101,Nancy Lomonaco,636,305
Central Asia,NM-184451,Nathan Mautz,1068,221
Central Asia,NM-185201,Neoma Murray,1729,144
Central Asia,NP-183251,Naresj Patel,291,408
Central Asia,NP-186851,Nora Pelletier,95,493
Central Asia,NP-187001,Nora Preis,354,389
Central Asia,NW-184001,Natalie Webber,63,527
Central Asia,NZ-185651,Nick Zandusky,4632,34
Central Asia,ON-187151,Odella Nelson,853,256
Central Asia,OT-187301,Olvera Toch,307,401
Central Asia,PB-188051,Patrick Bzostek,2971,76
Central Asia,PC-187451,Pamela Coakley,268,413
Central Asia,PC-190001,Pauline Chand,75,513
Central Asia,PF-191651,Philip Fox,1835,134
Central Asia,PF-192251,Phillip Flathmann,110,485
Central Asia,PG-188201,Patrick Gardner,134,474
Central Asia,PG-188951,Paul Gonzalez,140,468
Central Asia,PH-187901,Patricia Hirasaki,313,399
Central Asia,PJ-190151,Pauline Johnson,9,570
Central Asia,PK-189101,Paul Knutson,369,385
Central Asia,PK-190751,Pete Kriz,76,511
Central Asia,PN-187751,Parhena Norris,707,289
Central Asia,PO-188501,Patrick O'Brill,1375,187
Central Asia,PO-188651,Patrick O'Donnell,966,239
Central Asia,PO-191801,Philisse Overcash,1620,159
Central Asia,PO-191951,Phillina Ober,75,514
Central Asia,PR-188801,Patrick Ryan,631,309
Central Asia,PS-187601,Pamela Stobb,1168,211
Central Asia,PS-189701,Paul Stevenson,491,351
Central Asia,PS-190451,Penelope Sewall,635,306
Central Asia,PV-189851,Paul Van Hugh,652,300
Central Asia,PW-190301,Pauline Webber,211,435
Central Asia,PW-192401,Pierre Wener,219,431
Central Asia,RA-192851,Ralph Arnett,2766,83
Central Asia,RA-198851,Ruben Ausman,694,292
Central Asia,RB-193301,Randy Bradley,523,339
Central Asia,RB-193601,Raymond Buch,1525,169
Central Asia,RB-194351,Richard Bierner,4009,44
Central Asia,RB-194651,Rick Bensley,3309,60
Central Asia,RB-195701,Rob Beeghly,1188,208
Central Asia,RB-197951,Ross Baird,205,437
Central Asia,RD-194801,Rick Duston,133,475
Central Asia,RD-195851,Rob Dowd,716,288
Central Asia,RD-199001,Ruben Dartt,3765,51
Central Asia,RD-199301,Russell D'Ascenzo,836,261
Central Asia,RE-194501,Richard Eichhorn,961,240
Central Asia,RF-193451,Randy Ferguson,152,457
Central Asia,RF-197351,Roland Fjeld,303,403
Central Asia,RF-198401,Roy Französisch,1887,130
Central Asia,RH-195101,Rick Huthwaite,1163,212
Central Asia,RH-195551,Ritsa Hightower,34,552
Central Asia,RK-193001,Ralph Kennedy,185,446
Central Asia,RL-196151,Rob Lucas,1594,161
Central Asia,RM-193751,Raymond Messe,3026,72
Central Asia,RM-197501,Roland Murray,259,416
Central Asia,RO-197801,Rose O'Brian,3498,57
Central Asia,RP-192701,Rachel Payne,110,486
Central Asia,RP-193901,Resi Pölking,1423,180
Central Asia,RP-198551,Roy Phan,106,490
Central Asia,RR-193151,Ralph Ritter,2654,87
Central Asia,RS-194201,Ricardo Sperren,593,319
Central Asia,RS-197651,Roland Schwarz,212,434
Central Asia,RS-198701,Roy Skaria,492,350
Central Asia,RW-195401,Rick Wilson,74,515
Central Asia,RW-196301,Rob Williams,2064,116
Central Asia,RW-196901,Robert Waldorf,2009,121
Central Asia,SA-208301,Sue Ann Reed,58,530
Central Asia,SB-202901,Sean Braxton,430,362
Central Asia,SC-200201,Sam Craven,2315,98
Central Asia,SC-200501,Sample Company A,497,347
Central Asia,SC-200951,Sanjit Chand,49,539
Central Asia,SC-202301,Scot Coram,4958,27
Central Asia,SC-202601,Scott Cohen,653,299
Central Asia,SC-203051,Sean Christensen,445,357
Central Asia,SC-203801,Shahid Collister,198,441
Central Asia,SC-204401,Shaun Chance,21,564
Central Asia,SC-206801,Steve Carroll,79,507
Central Asia,SC-206951,Steve Chapman,1992,123
Central Asia,SC-207251,Steven Cartwright,17,567
Central Asia,SC-207701,Stewart Carmichael,978,236
Central Asia,SC-208001,Stuart Calhoun,4137,41
Central Asia,SC-208451,Sung Chung,203,438
Central Asia,SE-201101,Sanjit Engle,16,568
Central Asia,SF-200651,Sandra Flanagan,153,456
Central Asia,SF-202001,Sarah Foster,1701,149
Central Asia,SG-200801,Sandra Glassco,2482,92
Central Asia,SG-204701,Sheri Gordon,2539,91
Central Asia,SG-208901,Susan Gilcrest,379,381
Central Asia,SH-206351,Stefanie Holloman,108,487
Central Asia,SJ-201251,Sanjit Jacobs,52,537
Central Asia,SJ-202151,Sarah Jordon,81,506
Central Asia,SJ-205001,Shirley Jackson,243,423
Central Asia,SL-201551,Sara Luxemburg,379,382
Central Asia,SM-200051,Sally Matthias,39,547
Central Asia,SM-203201,Sean Miller,186,445
Central Asia,SM-209051,Susan MacKendrick,1470,173
Central Asia,SN-205601,Skye Norling,5935,15
Central Asia,SO-203351,Sean O'Donnell,617,310
Central Asia,SP-205451,Sibella Parks,1459,177
Central Asia,SP-206201,Stefania Perrino,7894,4
Central Asia,SP-206501,Stephanie Phelps,37,549
Central Asia,SP-208601,Sung Pak,22,563
Central Asia,SP-209201,Susan Pistek,87,499
Central Asia,SR-207401,Steven Roelle,60,529
Central Asia,SS-201401,Saphhira Shifley,1831,136
Central Asia,SS-204101,Shahid Shariari,610,315
Central Asia,SS-205901,Sonia Sunley,2229,104
Central Asia,SS-208751,Sung Shariari,148,460
Central Asia,ST-205301,Shui Tom,740,280
Central Asia,SU-206651,Stephanie Ulpright,322,398
Central Asia,SV-203651,Seth Vernon,121,479
Central Asia,SV-208151,Stuart Van,2447,94
Central Asia,SV-209351,Susan Vittorini,865,253
Central Asia,SW-202451,Scot Wooten,1003,231
Central Asia,SW-202751,Scott Williamson,2980,75
Central Asia,SW-203501,Sean Wendt,66,523
Central Asia,SW-207551,Steven Ward,646,301
Central Asia,SZ-200351,Sam Zeldin,763,273
Central Asia,TA-213851,Tom Ashbrook,191,443
Central Asia,TB-210551,Ted Butterfield,332,394
Central Asia,TB-211751,Thomas Boland,639,302
Central Asia,TB-211901,Thomas Brumley,4780,28
Central Asia,TB-212501,Tim Brockman,245,422
Central Asia,TB-214001,Tom Boeckenhauer,34,553
Central Asia,TB-215201,Tracy Blumstein,346,391
Central Asia,TB-215951,Troy Blackwell,968,238
Central Asia,TB-216251,Trudy Brown,575,324
Central Asia,TC-209801,Tamara Chand,1512,171
Central Asia,TC-211451,Theresa Coyne,140,469
Central Asia,TC-212951,Toby Carlisle,1009,230
Central Asia,TC-214751,Tony Chapman,502,345
Central Asia,TD-209951,Tamara Dahlen,118,483
Central Asia,TG-213101,Toby Gnade,170,451
Central Asia,TG-216401,Trudy Glocke,418,364
Central Asia,TH-211001,Thea Hendricks,43,544
Central Asia,TH-211151,Thea Hudgings,2312,99
Central Asia,TH-212351,Tiffany House,401,373
Central Asia,TM-210101,Tamara Manning,1581,162
Central Asia,TM-214901,Tony Molinari,383,378
Central Asia,TN-210401,Tanja Norvell,1443,178
Central Asia,TP-211301,Theone Pippenger,14,569
Central Asia,TP-214151,Tom Prescott,882,251
Central Asia,TP-215651,Tracy Poddar,138,470
Central Asia,TR-213251,Toby Ritter,1378,185
Central Asia,TS-212051,Thomas Seio,144,464
Central Asia,TS-213401,Toby Swindell,826,264
Central Asia,TS-213701,Todd Sumrall,2248,102
Central Asia,TS-214301,Tom Stivers,755,275
Central Asia,TS-215051,Tony Sayre,784,270
Central Asia,TS-216101,Troy Staebel,411,367
Central Asia,TS-216551,Trudy Schmidt,251,419
Central Asia,TT-210701,Ted Trevino,3311,59
Central Asia,TT-214601,Tonja Turnell,750,278
Central Asia,TZ-215801,Tracy Zic,67,521
Central Asia,VB-217451,Victoria Brennan,2173,109
Central Asia,VF-217151,Vicky Freymann,567,327
Central Asia,VG-217901,Vivek Gonzalez,351,390
Central Asia,VG-218051,Vivek Grady,10058,2
Central Asia,VM-216851,Valerie Mitchum,218,433
Central Asia,VM-218351,Vivian Mathis,494,348
Central Asia,VP-217301,Victor Preis,3179,64
Central Asia,VP-217601,Victoria Pisteka,1123,217
Central Asia,VT-217001,Valerie Takahito,4704,31
Central Asia,VW-217751,Victoria Wilson,1603,160
Central Asia,WB-218501,William Brown,3026,73
Central Asia,YC-218951,Yoseph Carroll,1531,168
Central Asia,YS-218801,Yana Sorensen,123,477
Central Asia,ZC-219101,Zuschuss Carroll,4698,32
Central Asia,ZD-219251,Zuschuss Donatelli,1098,218
EMEA,AA-3152,Alex Avila,2234,95
EMEA,AA-3753,Allen Armold,261,593
EMEA,AA-4803,Andrew Allen,482,480
EMEA,AA-6452,Anna Andreadi,465,491
EMEA,AB-1053,Adrian Barton,1996,114
EMEA,AB-1501,Aimee Bixby,3145,50
EMEA,AB-152,Aaron Bergman,2481,81
EMEA,AB-1653,Alan Barnes,828,339
EMEA,AB-2553,Alejandro Ballentine,313,568
EMEA,AB-6002,Ann Blume,4027,22
EMEA,AB-602,Adam Bellavance,287,580
EMEA,AC-4202,Alyssa Crouse,849,334
EMEA,AC-4503,Amy Cox,210,621
EMEA,AC-6152,Ann Chong,593,422
EMEA,AC-6602,Anna Chung,10,753
EMEA,AD-1802,Alan Dominguez,669,390
EMEA,AF-8703,Art Ferguson,901,312
EMEA,AF-8852,Art Foster,215,619
EMEA,AG-2703,Alejandro Grove,486,475
EMEA,AG-3002,Aleksandra Gannaway,835,338
EMEA,AG-3302,Alex Grayson,20,746
EMEA,AG-3902,Allen Goldenen,59,711
EMEA,AG-4953,Andrew Gjertsen,482,481
EMEA,AG-5252,Andy Gerbode,2067,106
EMEA,AG-6752,Anna Gayman,1595,162
EMEA,AG-7652,Anthony Garverick,1090,254
EMEA,AH-1202,Adrian Hane,2,760
EMEA,AH-1953,Alan Haines,2483,80
EMEA,AH-2102,Alan Hwang,187,637
EMEA,AH-302,Aaron Hawkins,1248,217
EMEA,AH-4652,Amy Hunt,112,679
EMEA,AH-5852,Angele Hood,1343,202
EMEA,AH-6902,Anna Häberlin,869,325
EMEA,AH-753,Adam Hart,45,725
EMEA,AI-8552,Arianne Irving,891,314
EMEA,AJ-7803,Anthony Jacobs,942,303
EMEA,AJ-7952,Anthony Johnson,2119,103
EMEA,AJ-9452,Ashley Jarboe,1045,271
EMEA,AJ-9602,Astrea Jones,556,444
EMEA,AM-3602,Alice McCarthy,1601,161
EMEA,AM-7053,Anne McFarland,411,508
EMEA,AO-8103,Anthony O'Donnell,76,698
EMEA,AP-7202,Anne Pryor,576,431
EMEA,AP-9152,Arthur Prichep,517,461
EMEA,AR-3452,Alex Russell,1058,267
EMEA,AR-4052,Allen Rosenblatt,426,500
EMEA,AR-5102,Andrew Roberts,2267,92
EMEA,AR-5402,Andy Reiter,236,601
EMEA,AR-5702,Anemone Ratner,1075,260
EMEA,AR-8252,Anthony Rawles,324,557
EMEA,AS-1352,Adrian Shami,3792,32
EMEA,AS-2253,Alan Schoenberger,189,635
EMEA,AS-2402,Alan Shonely,1681,148
EMEA,AS-2852,Alejandro Savely,2881,61
EMEA,AS-452,Aaron Smayling,379,524
EMEA,AS-6302,Ann Steele,93,692
EMEA,AT-4352,Alyssa Tate,748,366
EMEA,AT-7352,Annie Thurman,393,520
EMEA,AW-8401,Anthony Witt,1946,120
EMEA,AW-9302,Arthur Wiediger,370,529
EMEA,AY-5552,Andy Yotov,2436,85
EMEA,AZ-7503,Annie Zypern,672,389
EMEA,BB-15452,Brenda Bowman,77,697
EMEA,BB-9902,Barry Blumstein,315,566
EMEA,BC-11252,Becky Castell,311,571
EMEA,BD-13202,Bill Donatelli,1829,131
EMEA,BD-15602,Brendan Dodson,1427,189
EMEA,BD-16052,Brian Dahlen,481,484
EMEA,BD-16202,Brian DeCherney,2494,79
EMEA,BD-16352,Brian Derr,5095,9
EMEA,BD-17252,Bruce Degenhardt,2229,96
EMEA,BD-17702,Bryan Davis,1775,139
EMEA,BE-13352,Bill Eplett,615,414
EMEA,BE-14102,Bobby Elias,141,653
EMEA,BE-14552,Brad Eason,403,512
EMEA,BF-10052,Barry Franz,33,733
EMEA,BF-10202,Barry Französisch,789,350
EMEA,BF-10803,Bart Folk,58,714
EMEA,BF-11702,Ben Ferrer,637,410
EMEA,BF-12752,Beth Fritzler,985,285
EMEA,BF-9752,Barbara Fisher,722,374
EMEA,BG-10351,Barry Gonzalez,124,672
EMEA,BG-16952,Brooke Gillingham,76,699
EMEA,BG-17402,Bruce Geld,547,452
EMEA,BH-17102,Brosina Hoffman,3251,47
EMEA,BK-12602,Berenike Kampe,78,696
EMEA,BM-11402,Becky Martin,1772,140
EMEA,BM-15752,Brendan Murry,334,544
EMEA,BM-16503,Brian Moss,2180,100
EMEA,BM-17852,Bryan Mills,149,651
EMEA,BN-14702,Brad Norvell,1498,177
EMEA,BN-15152,Bradley Nguyen,1834,129
EMEA,BO-13502,Bill Overfelt,140,654
EMEA,BO-14252,Bobby Odegard,1111,246
EMEA,BP-10502,Barry Pond,2031,108
EMEA,BP-10952,Bart Pistole,1346,201
EMEA,BP-11553,Becky Pak,850,332
EMEA,BP-11852,Ben Peterman,850,333
EMEA,BP-12302,Benjamin Patterson,642,406
EMEA,BP-12902,Beth Paige,318,563
EMEA,BS-13652,Bill Shonely,152,650
EMEA,BS-13802,Bill Stewart,310,572
EMEA,BS-15902,Brendan Sweed,784,351
EMEA,BS-16652,Brian Stugart,4088,21
EMEA,BS-17552,Bruce Stewart,3,759
EMEA,BS-18002,Bryan Spruell,2203,98
EMEA,BT-13052,Beth Thompson,391,521
EMEA,BT-13952,Bill Tyler,244,597
EMEA,BT-14402,Bobby Trafton,1594,163
EMEA,BT-14852,Brad Thomas,2630,71
EMEA,BT-15303,Bradley Talbott,599,420
EMEA,BT-16802,Brian Thompson,326,554
EMEA,BV-12451,Benjamin Venier,685,384
EMEA,BW-11103,Bart Watters,1268,212
EMEA,BW-12002,Ben Wallace,109,682
EMEA,CA-19652,Carol Adams,2448,83
EMEA,CA-20552,Cathy Armstrong,600,419
EMEA,CA-22652,Christina Anderson,3042,53
EMEA,CA-23102,Christine Abelman,414,507
EMEA,CA-27752,Cynthia Arntzen,743,367
EMEA,CB-20251,Cassandra Brandow,1841,128
EMEA,CB-24152,Christy Brittain,1169,234
EMEA,CB-25352,Claudia Bergmann,32,735
EMEA,CC-21002,Chad Cunningham,507,466
EMEA,CC-21452,Charles Crestani,486,476
EMEA,CC-22203,Chris Cortes,1662,152
EMEA,CC-23702,Christopher Conant,5544,4
EMEA,CC-24302,Chuck Clark,889,316
EMEA,CC-24753,Cindy Chapman,519,460
EMEA,CC-25502,Clay Cheatham,1112,245
EMEA,CC-26101,Corey Catlett,782,353
EMEA,CC-26702,Craig Carreira,870,324
EMEA,CC-26852,Craig Carroll,65,705
EMEA,CD-19202,Carlos Daly,219,616
EMEA,CD-19803,Carol Darley,229,607
EMEA,CD-22802,Christina DeMoss,638,409
EMEA,CD-27902,Cynthia Delaney,121,675
EMEA,CG-20402,Catherine Glotzbach,483,478
EMEA,CG-25202,Claire Gute,938,305
EMEA,CH-20702,Cathy Hwang,4018,23
EMEA,CJ-18752,Carl Jackson,1020,279
EMEA,CK-22052,Chloris Kastensmidt,947,300
EMEA,CK-23252,Christine Kargatis,2867,63
EMEA,CK-25952,Clytie Kelty,547,453
EMEA,CK-27602,Cyma Kinney,1937,121
EMEA,CL-18903,Carl Ludwig,181,640
EMEA,CL-25652,Clay Ludtke,63,708
EMEA,CL-27002,Craig Leslie,39,730
EMEA,CM-18152,Candace McMahon,40,729
EMEA,CM-18302,Cari MacIntyre,1716,144
EMEA,CM-19352,Carlos Meador,298,576
EMEA,CM-21152,Chad McGuire,604,418
EMEA,CM-21602,Charles McCrossin,102,686
EMEA,CM-21902,Charlotte Melton,134,662
EMEA,CM-22352,Chris McAfee,235,602
EMEA,CM-23852,Christopher Martinez,27,740
EMEA,CM-24452,Chuck Magee,1401,193
EMEA,CM-26552,Corinna Mitchell,979,288
EMEA,CM-27152,Craig Molinari,2210,97
EMEA,CP-20853,Cathy Prescott,2814,66
EMEA,CP-23402,Christine Phan,909,310
EMEA,CR-25802,Clay Rozendal,264,591
EMEA,CR-26253,Corey Roper,3763,34
EMEA,CR-27302,Craig Reiter,374,527
EMEA,CR-28202,Cyra Reiten,588,424
EMEA,CS-18452,Cari Sayre,1390,196
EMEA,CS-18602,Cari Schnelling,760,363
EMEA,CS-19503,Carlos Soltero,101,689
EMEA,CS-21303,Chad Sievert,877,322
EMEA,CS-21752,Charles Sheldon,1960,118
EMEA,CS-22502,Chris Selesnick,1739,142
EMEA,CS-23552,Christine Sundaresam,381,523
EMEA,CS-24002,Christopher Schild,552,446
EMEA,CS-24602,Chuck Sachs,964,294
EMEA,CS-24902,Cindy Schnelling,1650,154
EMEA,CS-25052,Cindy Stewart,91,694
EMEA,CT-19951,Carol Triggs,424,502
EMEA,CV-22952,Christina VanderZanden,896,313
EMEA,CV-28052,Cynthia Voltz,2021,112
EMEA,CW-19052,Carl Weiss,514,463
EMEA,CY-27452,Craig Yedwab,31,737
EMEA,Co-26402,Corey-Lock,14,750
EMEA,DA-34502,Dianna Arnett,975,289
EMEA,DB-29103,Daniel Byrd,1080,257
EMEA,DB-29702,Darren Budd,332,545
EMEA,DB-30602,Dave Brooks,1441,187
EMEA,DB-32102,Dean Braden,17,749
EMEA,DB-32702,Deborah Brumfield,225,609
EMEA,DB-34051,Denny Blanton,548,450
EMEA,DB-35552,Dorothy Badders,840,336
EMEA,DB-36152,Doug Bickford,137,657
EMEA,DB-36602,Duane Benoit,1479,179
EMEA,DC-28503,Dan Campbell,564,442
EMEA,DC-32852,Debra Catini,227,608
EMEA,DD-35702,Dorothy Dickinson,506,467
EMEA,DE-32552,Deanra Eno,2573,75
EMEA,DF-31352,David Flashing,252,595
EMEA,DG-33002,Deirdre Greer,33,734
EMEA,DH-30752,Dave Hallsten,476,487
EMEA,DH-36753,Duane Huffman,1220,225
EMEA,DJ-34202,Denny Joy,158,647
EMEA,DJ-35103,Don Jones,3376,39
EMEA,DJ-36302,Doug Jacobs,1048,270
EMEA,DK-28352,Damala Kotsonis,1542,173
EMEA,DK-28952,Dana Kaydos,1039,273
EMEA,DK-30902,Dave Kipp,207,622
EMEA,DK-31502,David Kendrick,1246,218
EMEA,DK-32252,Dean Katz,585,429
EMEA,DK-33753,Dennis Kane,2022,111
EMEA,DL-28653,Dan Lawera,321,560
EMEA,DL-29252,Daniel Lacy,478,486
EMEA,DL-33152,Delfina Latchford,1031,276
EMEA,DL-33303,Denise Leinenbach,989,284
EMEA,DL-34952,Dionis Lloyd,118,677
EMEA,DM-29553,Dario Medina,1420,191
EMEA,DM-30152,Darrin Martin,1141,239
EMEA,DM-33452,Denise Monton,4664,12
EMEA,DM-35253,Don Miller,763,361
EMEA,DN-36903,Duane Noonan,133,663
EMEA,DO-34352,Denny Ordway,1256,215
EMEA,DO-36453,Doug O'Connell,326,555
EMEA,DP-30003,Darren Powers,956,297
EMEA,DP-31052,Dave Poirier,1113,244
EMEA,DP-31652,David Philippe,153,648
EMEA,DP-33903,Dennis Pardue,571,435
EMEA,DR-28802,Dan Reichenbach,1201,229
EMEA,DR-29402,Daniel Raglin,224,611
EMEA,DS-30302,Darrin Sayre,947,301
EMEA,DS-31802,David Smith,7,756
EMEA,DV-30452,Darrin Van Huff,3374,40
EMEA,DV-34652,Dianna Vittorini,3876,27
EMEA,DW-31952,David Wiener,1187,231
EMEA,DW-34803,Dianna Wilson,3311,43
EMEA,DW-35403,Don Weiss,763,362
EMEA,Dl-36002,Dorris liebe,1815,132
EMEA,Dp-32403,Dean percer,98,691
EMEA,EA-40351,Erin Ashbrook,131,667
EMEA,EB-37052,Ed Braxton,422,503
EMEA,EB-37502,Edward Becker,766,359
EMEA,EB-38403,Ellis Ballard,346,536
EMEA,EB-38702,Emily Burns,101,690
EMEA,EB-39302,Eric Barreto,972,291
EMEA,EB-39752,Erica Bern,640,407
EMEA,EB-41102,Eugene Barchas,943,302
EMEA,EB-41702,Evan Bailliet,396,518
EMEA,EC-40502,Erin Creighton,765,360
EMEA,ED-38853,Emily Ducich,346,537
EMEA,EG-39002,Emily Grady,1398,194
EMEA,EH-37652,Edward Hooks,405,510
EMEA,EH-39453,Eric Hoffmann,1053,268
EMEA,EH-39902,Erica Hackney,37,731
EMEA,EH-40052,Erica Hernandez,1654,153
EMEA,EH-41252,Eugene Hildebrand,3926,25
EMEA,EH-41852,Evan Henry,1714,145
EMEA,EJ-37202,Ed Jacobs,525,459
EMEA,EJ-41552,Eva Jacobs,792,348
EMEA,EK-37952,Eileen Kiefer,1355,200
EMEA,EL-37352,Ed Ludwig,1718,143
EMEA,EM-38102,Eleni McCrary,865,326
EMEA,EM-38253,Elizabeth Moffitt,325,556
EMEA,EM-39603,Eric Murdock,1585,167
EMEA,EM-40653,Erin Mull,1300,210
EMEA,EM-40953,Eudokia Martin,881,319
EMEA,EM-41402,Eugene Moren,1262,214
EMEA,EM-42002,Evan Minnotte,663,394
EMEA,EN-37802,Edward Nazzal,557,443
EMEA,EP-39152,Emily Phan,193,631
EMEA,ER-38552,Elpida Rittenbach,3271,45
EMEA,ES-40203,Erica Smith,790,349
EMEA,ES-40802,Erin Smith,965,292
EMEA,FA-42302,Frank Atkinson,643,405
EMEA,FC-42452,Frank Carlisle,594,421
EMEA,FC-43352,Fred Chung,425,501
EMEA,FG-42603,Frank Gastineau,198,629
EMEA,FH-42752,Frank Hawley,79,695
EMEA,FH-43502,Fred Harton,65,706
EMEA,FH-43652,Fred Hopkins,2561,76
EMEA,FM-42152,Filia McAdams,941,304
EMEA,FM-42902,Frank Merwin,1676,150
EMEA,FM-43802,Fred McMath,795,347
EMEA,FO-43052,Frank Olsen,2017,113
EMEA,FP-43202,Frank Preis,656,401
EMEA,FW-43952,Fred Wasserman,537,457
EMEA,GA-45152,George Ashbrook,1070,263
EMEA,GA-47251,Guy Armstrong,1462,183
EMEA,GB-45303,George Bell,130,668
EMEA,GB-45752,Giulietta Baptist,449,495
EMEA,GD-45902,Giulietta Dortch,655,402
EMEA,GG-46502,Greg Guthrie,974,290
EMEA,GH-44102,Gary Hansen,644,404
EMEA,GH-44253,Gary Hwang,812,344
EMEA,GH-46653,Greg Hansen,696,381
EMEA,GK-46202,Grace Kelly,116,678
EMEA,GM-44402,Gary McGarr,140,655
EMEA,GM-44552,Gary Mitchum,281,583
EMEA,GM-45002,Gene McClure,628,411
EMEA,GM-46802,Greg Matthias,1068,265
EMEA,GM-46952,Greg Maxwell,317,564
EMEA,GP-47402,Guy Phonely,1196,230
EMEA,GR-45602,Georgia Rosenberg,483,479
EMEA,GT-46352,Grant Thornton,32,736
EMEA,GT-47102,Greg Tran,858,329
EMEA,GT-47553,Guy Thornton,734,368
EMEA,GW-46052,Giulietta Weimer,1265,213
EMEA,GZ-44703,Gary Zandusky,1154,238
EMEA,GZ-45453,George Zrebassa,3585,36
EMEA,HA-49052,Helen Abelman,962,295
EMEA,HA-49202,Helen Andreada,571,436
EMEA,HD-47852,Harold Dahlen,14,751
EMEA,HE-48002,Harold Engle,863,327
EMEA,HF-49952,Herbert Flentye,689,383
EMEA,HG-48452,Harry Greene,1223,223
EMEA,HG-49653,Henry Goldwyn,26,742
EMEA,HG-50252,Hunter Glantz,420,504
EMEA,HH-50102,Hilary Holden,201,626
EMEA,HJ-48752,Heather Jas,890,315
EMEA,HK-48903,Heather Kirkland,1018,280
EMEA,HL-50402,Hunter Lopez,452,494
EMEA,HM-48602,Harry Marie,784,352
EMEA,HM-49802,Henry MacAllister,340,541
EMEA,HP-48152,Harold Pawlan,588,425
EMEA,HR-47703,Hallie Redmond,2620,72
EMEA,HR-48302,Harold Ryan,62,709
EMEA,HW-49352,Helen Wasserman,732,370
EMEA,HZ-49502,Henia Zydlo,304,573
EMEA,IG-50852,Ivan Gibson,1618,156
EMEA,IL-51002,Ivan Liston,685,385
EMEA,IM-50552,Ionia McGrath,1207,228
EMEA,IM-50702,Irene Maddox,1896,124
EMEA,JA-59702,Joseph Airdo,187,638
EMEA,JB-54002,Jennifer Braxton,506,468
EMEA,JB-59252,Joni Blumstein,662,395
EMEA,JB-60002,Joy Bell-,1098,251
EMEA,JB-60452,Julia Barnett,1178,232
EMEA,JC-53402,Jasper Cacioppo,178,641
EMEA,JC-53852,Jenna Caffey,2291,91
EMEA,JC-57752,John Castell,1398,195
EMEA,JC-61052,Julie Creighton,3855,29
EMEA,JD-57902,John Dryer,362,532
EMEA,JD-58953,Jonathan Doherty,375,526
EMEA,JD-60152,Joy Daniels,1464,180
EMEA,JD-60602,Julia Dunbar,74,700
EMEA,JD-61502,Justin Deggeller,3652,35
EMEA,JE-54752,Jeremy Ellison,734,369
EMEA,JE-56102,Jim Epp,145,652
EMEA,JE-57152,Joe Elijah,74,701
EMEA,JE-57452,Joel Eaton,1776,138
EMEA,JE-61652,Justin Ellison,213,620
EMEA,JF-51902,Jamie Frazer,3383,38
EMEA,JF-52953,Jason Fortune-,1664,151
EMEA,JF-53552,Jay Fein,2900,60
EMEA,JF-54152,Jennifer Ferguson,1758,141
EMEA,JF-54902,Jeremy Farry,779,355
EMEA,JF-55652,Jill Fjeld,410,509
EMEA,JG-51152,Jack Garza,2072,105
EMEA,JG-51602,James Galang,315,567
EMEA,JG-53101,Jason Gross,836,337
EMEA,JG-58052,John Grady,128,669
EMEA,JH-54303,Jennifer Halladay,66,704
EMEA,JH-58202,John Huston,1438,188
EMEA,JH-59103,Jonathan Howell,1618,157
EMEA,JH-59852,Joseph Holt,538,456
EMEA,JH-61803,Justin Hirsh,3857,28
EMEA,JJ-54452,Jennifer Jackson,539,455
EMEA,JJ-57602,Joel Jenkins,980,287
EMEA,JK-52052,Jamie Kunitz,996,283
EMEA,JK-53702,Jay Kimmel,861,328
EMEA,JK-56253,Jim Karlsson,132,666
EMEA,JK-56402,Jim Kriz,266,590
EMEA,JK-57302,Joe Kamberova,3097,51
EMEA,JK-60903,Juliana Krohn,21,745
EMEA,JK-61203,Julie Kriz,1014,281
EMEA,JL-51303,Jack Lebron,3787,33
EMEA,JL-51752,James Lanier,662,396
EMEA,JL-52352,Janet Lee,566,439
EMEA,JL-55052,Jeremy Lonsdale,1803,135
EMEA,JL-58352,John Lee,2657,69
EMEA,JL-58502,John Lucas,1405,192
EMEA,JM-52502,Janet Martin,467,490
EMEA,JM-55352,Jessica Myrick,774,356
EMEA,JM-55802,Jill Matthias,165,645
EMEA,JM-56553,Jim Mitchum,102,687
EMEA,JM-58653,John Murray,498,471
EMEA,JM-61952,Justin MacKendrick,666,392
EMEA,JO-51452,Jack O'Briant,650,403
EMEA,JO-52801,Jas O'Carroll,1696,146
EMEA,JO-55502,Jesus Ocampo,2325,90
EMEA,JP-54603,Jennifer Patt,2680,68
EMEA,JP-55203,Jeremy Pistek,881,320
EMEA,JP-61352,Julie Prescott,4201,20
EMEA,JR-56702,Jim Radford,1106,249
EMEA,JR-57002,Jocasta Rupert,263,592
EMEA,JR-62103,Justin Ritter,248,596
EMEA,JS-55953,Jill Stevenson,608,415
EMEA,JS-56852,Jim Sink,1681,149
EMEA,JS-58802,John Stevenson,772,357
EMEA,JS-59403,Joni Sundaresam,2158,102
EMEA,JS-60303,Joy Smith,19,747
EMEA,JW-52202,Jane Waco,1011,282
EMEA,JW-59552,Joni Wasserman,58,715
EMEA,JW-60752,Julia West,102,688
EMEA,KA-65252,Kelly Andreada,1022,278
EMEA,KB-62402,Karen Bern,1077,259
EMEA,KB-63152,Karl Braun,1846,127
EMEA,KB-64051,Katrina Bavinger,239,599
EMEA,KB-65851,Ken Black,217,618
EMEA,KB-66003,Ken Brennan,531,458
EMEA,KC-62552,Karen Carlisle,395,519
EMEA,KC-65402,Kelly Collister,331,547
EMEA,KC-66752,Kimberly Carter,373,528
EMEA,KD-62701,Karen Daniels,813,342
EMEA,KD-63452,Katherine Ducich,173,642
EMEA,KD-64952,Keith Dawkins,517,462
EMEA,KE-64202,Katrina Edelman,51,722
EMEA,KF-62852,Karen Ferguson,2808,67
EMEA,KH-63302,Katharine Harms,2058,107
EMEA,KH-63602,Katherine Hughes,608,416
EMEA,KH-65102,Keith Herrera,72,702
EMEA,KH-66302,Ken Heidel,1456,185
EMEA,KH-66903,Kristen Hastings,1241,219
EMEA,KL-65552,Kelly Lampkin,781,354
EMEA,KL-66452,Ken Lonsdale,235,603
EMEA,KM-62252,Kalyca Meade,884,318
EMEA,KM-63753,Katherine Murray,572,434
EMEA,KM-66602,Khloe Miller,170,643
EMEA,KM-67201,Kunst Miller,2928,58
EMEA,KN-63902,Katherine Nockton,201,627
EMEA,KN-64502,Kean Nguyen,548,451
EMEA,KN-67052,Kristina Nunn,4514,14
EMEA,KS-63002,Karen Seio,109,683
EMEA,KT-64653,Kean Takahito,545,454
EMEA,KT-64802,Kean Thornton,400,514
EMEA,KW-65702,Kelly Williams,2028,109
EMEA,LA-67802,Laura Armstrong,3030,54
EMEA,LB-67353,Larry Blacks,1041,272
EMEA,LB-67952,Laurel Beltran,1550,171
EMEA,LC-68702,Lena Cacioppo,926,308
EMEA,LC-68853,Lena Creighton,23,744
EMEA,LC-69302,Linda Cazamias,1096,253
EMEA,LC-69602,Lindsay Castell,583,430
EMEA,LC-70502,Liz Carlisle,5284,7
EMEA,LC-71403,Logan Currie,725,373
EMEA,LD-68552,Lela Donovan,1119,242
EMEA,LD-70053,Lisa DeCherney,282,581
EMEA,LE-68101,Laurel Elliston,1050,269
EMEA,LF-71852,Luke Foster,205,624
EMEA,LH-67502,Larry Hughes,433,498
EMEA,LH-69002,Lena Hernandez,25,743
EMEA,LH-70202,Lisa Hazard,4,758
EMEA,LH-71553,Logan Haushalter,2937,57
EMEA,LL-68402,Lauren Leatherbury,570,438
EMEA,LM-70652,Liz MacKendrick,4665,11
EMEA,LO-71702,Lori Olson,933,306
EMEA,LP-70802,Liz Pelletier,207,623
EMEA,LP-70953,Liz Preis,769,358
EMEA,LR-69152,Lena Radford,419,505
EMEA,LR-70352,Lisa Ryan,813,343
EMEA,LS-69453,Linda Southworth,1210,227
EMEA,LS-69753,Lindsay Shagiari,49,724
EMEA,LS-72001,Luke Schmidt,341,540
EMEA,LS-72302,Lycoris Saunders,660,398
EMEA,LT-67653,Larry Tron,57,717
EMEA,LT-71102,Liz Thompson,379,525
EMEA,LW-68252,Laurel Workman,550,449
EMEA,LW-69902,Lindsay Williams,1696,147
EMEA,LW-71252,Liz Willingham,664,393
EMEA,LW-72153,Luke Weiss,349,534
EMEA,MA-75602,Matt Abelman,1070,264
EMEA,MA-79953,Michelle Arnett,240,598
EMEA,MB-73052,Maria Bertelson,662,397
EMEA,MB-80852,Mick Brown,1566,170
EMEA,MC-72752,Marc Crier,2979,55
EMEA,MC-74252,Mark Cousins,111,680
EMEA,MC-75752,Matt Collins,2859,65
EMEA,MC-75902,Matt Collister,1073,261
EMEA,MC-76052,Matt Connell,190,634
EMEA,MC-76352,Matthew Clasen,59,712
EMEA,MC-78452,Michael Chen,608,417
EMEA,MC-81001,Mick Crebagga,659,399
EMEA,MC-81302,Mike Caudle,480,485
EMEA,MD-73503,Maribeth Dona,616,413
EMEA,MD-78601,Michael Dominguez,6855,2
EMEA,ME-73202,Maria Etezadi,1302,209
EMEA,ME-77253,Max Engle,1366,198
EMEA,MF-76652,Maureen Fritzler,104,684
EMEA,MF-82502,Monica Federle,1492,178
EMEA,MG-76802,Maureen Gastineau,1421,190
EMEA,MG-76952,Maureen Gnade,1547,172
EMEA,MG-78901,Michael Granlund,19,748
EMEA,MG-81452,Mike Gockenbach,348,535
EMEA,MG-82053,Mitch Gastineau,277,586
EMEA,MH-74403,Mark Haberlin,268,589
EMEA,MH-74552,Mark Hamilton,4290,16
EMEA,MH-76203,Matt Hagelstein,678,388
EMEA,MH-77852,Maya Herman,336,543
EMEA,MH-80253,Michelle Huthwaite,623,412
EMEA,MH-81152,Mick Hernandez,319,562
EMEA,MJ-77402,Max Jones,56,718
EMEA,MK-79053,Michael Kennedy,712,375
EMEA,MK-81603,Mike Kennedy,1307,206
EMEA,ML-73952,Marina Lichtenstein,553,445
EMEA,ML-74101,Maris LaWare,193,632
EMEA,ML-77553,Max Ludwig,122,674
EMEA,ML-80403,Michelle Lonsdale,104,685
EMEA,ML-82652,Muhammed Lee,187,639
EMEA,MM-72603,Magdelene Morse,5177,8
EMEA,MM-79202,Michael Moore,382,522
EMEA,MM-80552,Michelle Moray,1239,220
EMEA,MM-82802,Muhammed MacIntyre,2922,59
EMEA,MN-79352,Michael Nguyen,2104,104
EMEA,MO-75002,Mary O'Rourke,231,606
EMEA,MO-78002,Meg O'Connel,2411,89
EMEA,MO-79502,Michael Oakman,222,614
EMEA,MP-79652,Michael Paige,271,587
EMEA,MP-81752,Mike Pelletier,1225,222
EMEA,MR-75452,Mathew Reese,363,530
EMEA,MS-73652,Maribeth Schnelling,133,664
EMEA,MS-75302,MaryBeth Skach,887,317
EMEA,MS-77102,Maurice Satty,1366,199
EMEA,MS-77702,Maxwell Schwartz,322,559
EMEA,MS-78302,Melanie Seite,4017,24
EMEA,MS-79802,Michael Stewart,983,286
EMEA,MT-78152,Meg Tillman,1157,237
EMEA,MT-80702,Michelle Tran,2025,110
EMEA,MV-74852,Mark Van Huff,317,565
EMEA,MV-81902,Mike Vittorini,551,448
EMEA,MW-82202,Mitch Webber,2252,93
EMEA,MW-82352,Mitch Willingham,397,516
EMEA,MY-73802,Maribeth Yedwab,1589,165
EMEA,MY-82952,Muhammed Yedwab,1081,256
EMEA,MZ-73352,Maria Zettner,3314,42
EMEA,MZ-75153,Mary Zewe,1809,133
EMEA,NB-85803,Nicole Brennan,327,553
EMEA,NB-86552,Nona Balk,303,575
EMEA,NC-83403,Nat Carroll,199,628
EMEA,NC-84152,Nathan Cano,1215,226
EMEA,NC-85352,Nick Crebassa,469,489
EMEA,ND-83702,Natalie DeCherney,2431,87
EMEA,ND-84603,Neil Ducich,708,377
EMEA,NF-83853,Natalie Fritzler,1305,207
EMEA,NF-84753,Neil Französisch,587,426
EMEA,NF-85952,Nicole Fjeld,931,307
EMEA,NG-83553,Nat Gilpin,1987,116
EMEA,NG-84303,Nathan Gelder,2591,74
EMEA,NH-86103,Nicole Hansen,1085,255
EMEA,NL-83102,Nancy Lomonaco,29,739
EMEA,NM-84453,Nathan Mautz,3845,30
EMEA,NM-85201,Neoma Murray,1541,174
EMEA,NP-83253,Naresj Patel,587,427
EMEA,NP-86702,Nora Paige,919,309
EMEA,NP-86852,Nora Pelletier,340,542
EMEA,NP-87002,Nora Preis,552,447
EMEA,NR-85502,Nick Radford,1593,164
EMEA,NS-85052,Neola Schneider,62,710
EMEA,NS-86402,Noel Staavos,1079,258
EMEA,NW-84003,Natalie Webber,1614,158
EMEA,NZ-85651,Nick Zandusky,329,548
EMEA,ON-87152,Odella Nelson,1162,235
EMEA,OT-87302,Olvera Toch,44,726
EMEA,PA-90602,Pete Armstrong,448,496
EMEA,PB-88053,Patrick Bzostek,1913,123
EMEA,PB-91051,Peter Bühler,1809,134
EMEA,PB-91502,Philip Brown,3085,52
EMEA,PB-92102,Phillip Breyer,5031,10
EMEA,PC-87452,Pamela Coakley,1161,236
EMEA,PF-91203,Peter Fuller,847,335
EMEA,PF-91652,Philip Fox,476,488
EMEA,PF-92252,Phillip Flathmann,1117,243
EMEA,PG-88202,Patrick Gardner,1387,197
EMEA,PG-88952,Paul Gonzalez,1500,176
EMEA,PH-87902,Patricia Hirasaki,1570,168
EMEA,PJ-88352,Patrick Jones,220,615
EMEA,PJ-90152,Pauline Johnson,5990,3
EMEA,PK-89101,Paul Knutson,948,299
EMEA,PK-90752,Pete Kriz,459,492
EMEA,PL-89252,Paul Lucas,498,472
EMEA,PM-89402,Paul MacIntyre,587,428
EMEA,PM-91352,Peter McVee,684,386
EMEA,PN-87752,Parhena Norris,499,470
EMEA,PO-88502,Patrick O'Brill,358,533
EMEA,PO-88653,Patrick O'Donnell,161,646
EMEA,PO-91803,Philisse Overcash,727,372
EMEA,PO-91953,Phillina Ober,403,513
EMEA,PP-89552,Paul Prost,128,670
EMEA,PR-88803,Patrick Ryan,279,584
EMEA,PS-87602,Pamela Stobb,1175,233
EMEA,PS-89702,Paul Stevenson,1339,204
EMEA,PS-90452,Penelope Sewall,489,474
EMEA,PT-90902,Pete Takahito,3881,26
EMEA,PV-89852,Paul Van Hugh,3235,48
EMEA,PW-90302,Pauline Webber,574,432
EMEA,PW-92402,Pierre Wener,140,656
EMEA,QJ-92552,Quincy Jones,223,612
EMEA,RA-92853,Ralph Arnett,3170,49
EMEA,RA-98853,Ruben Ausman,291,578
EMEA,RA-99152,Russell Applegate,219,617
EMEA,RA-99452,Ryan Akin,1034,275
EMEA,RB-93302,Randy Bradley,2458,82
EMEA,RB-93602,Raymond Buch,233,605
EMEA,RB-94352,Richard Bierner,2964,56
EMEA,RB-94652,Rick Bensley,3257,46
EMEA,RB-95702,Rob Beeghly,320,561
EMEA,RB-96452,Robert Barroso,135,661
EMEA,RB-97053,Roger Barcio,1464,181
EMEA,RB-97952,Ross Baird,188,636
EMEA,RC-98251,Roy Collins,37,732
EMEA,RC-99602,Ryan Crowe,31,738
EMEA,RD-94803,Rick Duston,363,531
EMEA,RD-96603,Robert Dilbeck,258,594
EMEA,RD-97202,Roger Demir,1136,241
EMEA,RD-98102,Ross DeVincentis,192,633
EMEA,RD-99002,Ruben Dartt,4558,13
EMEA,RD-99302,Russell D'Ascenzo,4339,15
EMEA,RE-94052,Ricardo Emerson,1098,252
EMEA,RE-94502,Richard Eichhorn,4267,18
EMEA,RF-93453,Randy Ferguson,2506,78
EMEA,RF-97351,Roland Fjeld,951,298
EMEA,RF-98402,Roy Französisch,400,515
EMEA,RH-94952,Rick Hansen,225,610
EMEA,RH-95102,Rick Huthwaite,1252,216
EMEA,RH-95552,Ritsa Hightower,4275,17
EMEA,RH-96003,Rob Haberlin,92,693
EMEA,RK-93002,Ralph Kennedy,136,659
EMEA,RL-96152,Rob Lucas,2251,94
EMEA,RM-93752,Raymond Messe,1532,175
EMEA,RM-96753,Robert Marley,1305,208
EMEA,RM-97502,Roland Murray,876,323
EMEA,RO-97802,Rose O'Brian,482,482
EMEA,RP-92702,Rachel Payne,1037,274
EMEA,RP-93902,Resi Pölking,1073,262
EMEA,RP-98552,Roy Phan,1226,221
EMEA,RR-93152,Ralph Ritter,1795,136
EMEA,RR-95252,Rick Reed,702,379
EMEA,RS-94203,Ricardo Sperren,42,728
EMEA,RS-97652,Roland Schwarz,565,440
EMEA,RS-98702,Roy Skaria,565,441
EMEA,RW-95402,Rick Wilson,878,321
EMEA,RW-96902,Robert Waldorf,1103,250
EMEA,SA-108303,Sue Ann Reed,312,569
EMEA,SB-101702,Sarah Bern,329,549
EMEA,SB-101852,Sarah Brown,332,546
EMEA,SB-102901,Sean Braxton,1976,117
EMEA,SC-100202,Sam Craven,428,499
EMEA,SC-100502,Sample Company A,819,341
EMEA,SC-100952,Sanjit Chand,203,625
EMEA,SC-102302,Scot Coram,1619,155
EMEA,SC-102602,Scott Cohen,2533,77
EMEA,SC-103052,Sean Christensen,857,330
EMEA,SC-103802,Shahid Collister,110,681
EMEA,SC-104402,Shaun Chance,282,582
EMEA,SC-105751,Sonia Cooley,328,551
EMEA,SC-106802,Steve Carroll,3835,31
EMEA,SC-106952,Steve Chapman,133,665
EMEA,SC-107252,Steven Cartwright,807,345
EMEA,SC-107703,Stewart Carmichael,1953,119
EMEA,SC-108002,Stuart Calhoun,27,741
EMEA,SC-108452,Sung Chung,754,365
EMEA,SD-104852,Shirley Daniels,43,727
EMEA,SE-101102,Sanjit Engle,342,538
EMEA,SF-100652,Sandra Flanagan,3276,44
EMEA,SF-102002,Sarah Foster,1587,166
EMEA,SF-109652,Sylvia Foulston,1608,160
EMEA,SG-100803,Sandra Glassco,235,604
EMEA,SG-104702,Sheri Gordon,2420,88
EMEA,SG-106052,Speros Goranitis,1849,126
EMEA,SG-108902,Susan Gilcrest,965,293
EMEA,SH-103953,Shahid Hopkins,10,754
EMEA,SH-106351,Stefanie Holloman,658,400
EMEA,SH-99752,Sally Hughsby,7537,1
EMEA,SJ-101253,Sanjit Jacobs,1887,125
EMEA,SJ-102153,Sarah Jordon,1276,211
EMEA,SJ-105001,Shirley Jackson,454,493
EMEA,SK-99902,Sally Knutson,1327,205
EMEA,SL-101553,Sara Luxemburg,906,311
EMEA,SM-100052,Sally Matthias,2194,99
EMEA,SM-103202,Sean Miller,53,720
EMEA,SM-109052,Susan MacKendrick,136,660
EMEA,SM-109502,Suzanne McNair,1223,224
EMEA,SN-105603,Skye Norling,312,570
EMEA,SN-107102,Steve Nguyen,510,465
EMEA,SO-103352,Sean O'Donnell,701,380
EMEA,SP-106202,Stefania Perrino,223,613
EMEA,SP-106502,Stephanie Phelps,342,539
EMEA,SP-109202,Susan Pistek,731,371
EMEA,SR-104253,Sharelle Roach,52,721
EMEA,SR-107402,Steven Roelle,1996,115
EMEA,SS-101403,Saphhira Shifley,3316,41
EMEA,SS-104103,Shahid Shariari,329,550
EMEA,SS-105152,Shirley Schmidt,51,723
EMEA,SS-105902,Sonia Sunley,56,719
EMEA,SS-108752,Sung Shariari,67,703
EMEA,ST-105302,Shui Tom,166,644
EMEA,SU-106652,Stephanie Ulpright,1568,169
EMEA,SV-103652,Seth Vernon,496,473
EMEA,SV-107852,Stewart Visinsky,137,658
EMEA,SV-108153,Stuart Van,2863,64
EMEA,SW-102452,Scot Wooten,482,483
EMEA,SW-102753,Scott Williamson,290,579
EMEA,SW-103502,Sean Wendt,501,469
EMEA,SW-104552,Shaun Weien,827,340
EMEA,SW-107553,Steven Ward,958,296
EMEA,SZ-100352,Sam Zeldin,756,364
EMEA,TA-113852,Tom Ashbrook,2594,73
EMEA,TB-110552,Ted Butterfield,2163,101
EMEA,TB-111752,Thomas Boland,323,558
EMEA,TB-111902,Thomas Brumley,691,382
EMEA,TB-112502,Tim Brockman,5314,5
EMEA,TB-112803,Toby Braunhardt,415,506
EMEA,TB-113552,Todd Boyes,128,671
EMEA,TB-114002,Tom Boeckenhauer,1343,203
EMEA,TB-115202,Tracy Blumstein,1451,186
EMEA,TB-115952,Troy Blackwell,712,376
EMEA,TB-116252,Trudy Brown,854,331
EMEA,TC-109802,Tamara Chand,2650,70
EMEA,TC-111452,Theresa Coyne,3384,37
EMEA,TC-112953,Toby Carlisle,6,757
EMEA,TC-114753,Tony Chapman,639,408
EMEA,TC-115352,Tracy Collins,405,511
EMEA,TD-109953,Tamara Dahlen,589,423
EMEA,TG-113103,Toby Gnade,571,437
EMEA,TG-116403,Trudy Glocke,2876,62
EMEA,TH-111002,Thea Hendricks,1832,130
EMEA,TH-111153,Thea Hudgings,65,707
EMEA,TH-112352,Tiffany House,2447,84
EMEA,TH-115503,Tracy Hopkins,11,752
EMEA,TM-110102,Tamara Manning,239,600
EMEA,TM-114902,Tony Molinari,1779,137
EMEA,TP-111302,Theone Pippenger,513,464
EMEA,TP-115652,Tracy Poddar,573,433
EMEA,TR-113252,Toby Ritter,123,673
EMEA,TS-110853,Thais Sissman,669,391
EMEA,TS-111602,Theresa Swint,484,477
EMEA,TS-112052,Thomas Seio,58,716
EMEA,TS-113403,Toby Swindell,296,577
EMEA,TS-113702,Todd Sumrall,4243,19
EMEA,TS-114302,Tom Stivers,5288,6
EMEA,TS-115052,Tony Sayre,8,755
EMEA,TS-116102,Troy Staebel,1614,159
EMEA,TS-116552,Trudy Schmidt,278,585
EMEA,TT-112202,Thomas Thornton,681,387
EMEA,TT-112652,Tim Taslimi,2433,86
EMEA,TT-114602,Tonja Turnell,1462,184
EMEA,TW-110252,Tamara Willingham,198,630
EMEA,TZ-114453,Tom Zandusky,434,497
EMEA,TZ-115802,Tracy Zic,271,588
EMEA,VB-117452,Victoria Brennan,397,517
EMEA,VD-116702,Valerie Dominguez,1107,247
EMEA,VF-117152,Vicky Freymann,59,713
EMEA,VG-117902,Vivek Gonzalez,120,676
EMEA,VG-118052,Vivek Grady,1107,248
EMEA,VM-116852,Valerie Mitchum,801,346
EMEA,VP-117302,Victor Preis,304,574
EMEA,VP-117602,Victoria Pisteka,1463,182
EMEA,VS-118202,Vivek Sundaresam,1066,266
EMEA,VT-117002,Valerie Takahito,1030,277
EMEA,VW-117752,Victoria Wilson,328,552
EMEA,WB-118502,William Brown,153,649
EMEA,XP-118652,Xylona Preis,708,378
EMEA,YS-118802,Yana Sorensen,1138,240
EMEA,ZD-119252,Zuschuss Donatelli,1937,122
East,AA-103154,Alex Avila,30,621
East,AA-103754,Allen Armold,207,466
East,AA-104804,Andrew Allen,27,626
East,AA-106454,Anna Andreadi,1435,144
East,AB-100604,Adam Bellavance,4488,24
East,AB-101054,Adrian Barton,118,528
East,AB-101504,Aimee Bixby,799,257
East,AB-101654,Alan Barnes,119,527
East,AB-102554,Alejandro Ballentine,121,526
East,AC-104204,Alyssa Crouse,58,585
East,AC-104504,Amy Cox,70,569
East,AC-106154,Ann Chong,2445,67
East,AC-106604,Anna Chung,191,476
East,AD-101804,Alan Dominguez,1152,187
East,AF-108704,Art Ferguson,1562,128
East,AF-108854,Art Foster,490,357
East,AG-102704,Alejandro Grove,153,501
East,AG-103004,Aleksandra Gannaway,82,557
East,AG-103904,Allen Goldenen,47,599
East,AG-104954,Andrew Gjertsen,115,529
East,AG-105254,Andy Gerbode,654,303
East,AG-107654,Anthony Garverick,6,662
East,AG-109004,Arthur Gainer,260,442
East,AH-100304,Aaron Hawkins,331,416
East,AH-100754,Adam Hart,2215,75
East,AH-101954,Alan Haines,162,495
East,AH-102104,Alan Hwang,802,255
East,AH-104654,Amy Hunt,563,325
East,AH-106904,Anna Häberlin,71,566
East,AI-108554,Arianne Irving,71,567
East,AJ-107804,Anthony Jacobs,4487,25
East,AJ-107954,Anthony Johnson,5,668
East,AJ-109604,Astrea Jones,618,312
East,AM-103604,Alice McCarthy,130,518
East,AM-107054,Anne McFarland,2117,79
East,AP-107204,Anne Pryor,514,346
East,AR-103454,Alex Russell,791,261
East,AR-104054,Allen Rosenblatt,1689,115
East,AR-105104,Andrew Roberts,195,472
East,AR-105404,Andy Reiter,86,549
East,AR-108254,Anthony Rawles,765,268
East,AS-100454,Aaron Smayling,66,573
East,AS-100904,Adam Shillingsburg,1955,90
East,AS-101354,Adrian Shami,54,590
East,AS-102254,Alan Schoenberger,27,627
East,AS-102404,Alan Shonely,140,509
East,AS-102854,Alejandro Savely,24,630
East,AS-106304,Ann Steele,6,663
East,AT-104354,Alyssa Tate,17,641
East,AT-107354,Annie Thurman,3126,44
East,AW-108404,Anthony Witt,321,419
East,AW-109304,Arthur Wiediger,5,669
East,AY-105554,Andy Yotov,8,659
East,AZ-107504,Annie Zypern,404,393
East,BB-109904,Barry Blumstein,17,642
East,BB-115454,Brenda Bowman,2257,71
East,BC-111254,Becky Castell,670,296
East,BD-113204,Bill Donatelli,563,326
East,BD-116054,Brian Dahlen,193,473
East,BD-116204,Brian DeCherney,149,502
East,BD-116354,Brian Derr,512,348
East,BD-117254,Bruce Degenhardt,47,600
East,BD-117704,Bryan Davis,429,383
East,BE-113354,Bill Eplett,491,356
East,BE-114104,Bobby Elias,30,622
East,BE-114554,Brad Eason,1540,133
East,BF-109754,Barbara Fisher,50,595
East,BF-110204,Barry Französisch,1036,210
East,BF-110804,Bart Folk,259,446
East,BF-111704,Ben Ferrer,1852,98
East,BF-112154,Benjamin Farhat,57,587
East,BG-116954,Brooke Gillingham,966,220
East,BG-117404,Bruce Geld,60,582
East,BH-117104,Brosina Hoffman,1130,192
East,BK-112604,Berenike Kampe,163,493
East,BM-111404,Becky Martin,612,313
East,BM-115754,Brendan Murry,545,338
East,BM-116504,Brian Moss,3525,36
East,BM-117854,Bryan Mills,175,485
East,BN-114704,Brad Norvell,13,650
East,BN-115154,Bradley Nguyen,937,227
East,BO-113504,Bill Overfelt,503,353
East,BO-114254,Bobby Odegard,6,664
East,BP-110504,Barry Pond,926,228
East,BP-110954,Bart Pistole,1154,185
East,BP-111554,Becky Pak,531,343
East,BP-111854,Ben Peterman,1243,168
East,BP-112304,Benjamin Patterson,1023,212
East,BP-112904,Beth Paige,507,352
East,BS-113654,Bill Shonely,10022,3
East,BS-113804,Bill Stewart,1716,114
East,BS-115904,Brendan Sweed,439,377
East,BS-116654,Brian Stugart,86,550
East,BS-117554,Bruce Stewart,1012,214
East,BS-118004,Bryan Spruell,762,270
East,BT-113954,Bill Tyler,20,637
East,BT-114404,Bobby Trafton,441,375
East,BT-114854,Brad Thomas,415,387
East,BT-115304,Bradley Talbott,381,400
East,BT-116804,Brian Thompson,1283,161
East,BV-112454,Benjamin Venier,405,391
East,BW-110654,Barry Weirich,340,412
East,BW-111104,Bart Watters,343,411
East,BW-112004,Ben Wallace,512,349
East,CA-119654,Carol Adams,2024,85
East,CA-120554,Cathy Armstrong,315,423
East,CA-122654,Christina Anderson,402,394
East,CA-123104,Christine Abelman,551,333
East,CA-127754,Cynthia Arntzen,1792,104
East,CB-120254,Cassandra Brandow,409,390
East,CB-124154,Christy Brittain,1772,107
East,CB-125354,Claudia Bergmann,1926,94
East,CC-121004,Chad Cunningham,170,489
East,CC-122204,Chris Cortes,1931,93
East,CC-123704,Christopher Conant,8765,6
East,CC-124304,Chuck Clark,1677,117
East,CC-124754,Cindy Chapman,318,422
East,CC-126104,Corey Catlett,267,439
East,CC-126704,Craig Carreira,260,443
East,CC-126854,Craig Carroll,1884,95
East,CD-119204,Carlos Daly,1585,126
East,CD-119804,Carol Darley,319,420
East,CD-122804,Christina DeMoss,796,258
East,CD-127904,Cynthia Delaney,73,564
East,CG-120404,Catherine Glotzbach,568,324
East,CH-120704,Cathy Hwang,109,533
East,CJ-118754,Carl Jackson,17,643
East,CJ-120104,Caroline Jumper,5442,13
East,CK-122054,Chloris Kastensmidt,1134,191
East,CK-123254,Christine Kargatis,1449,141
East,CK-125954,Clytie Kelty,899,239
East,CK-127604,Cyma Kinney,431,380
East,CL-118904,Carl Ludwig,1121,193
East,CL-125654,Clay Ludtke,2547,63
East,CL-127004,Craig Leslie,450,372
East,CM-121154,Chad McGuire,801,256
East,CM-121604,Charles McCrossin,527,344
East,CM-121904,Charlotte Melton,131,516
East,CM-122354,Chris McAfee,699,286
East,CM-126554,Corinna Mitchell,4000,29
East,CM-127154,Craig Molinari,68,571
East,CP-120854,Cathy Prescott,187,479
East,CP-123404,Christine Phan,4166,27
East,CR-125804,Clay Rozendal,11,654
East,CR-126254,Corey Roper,334,415
East,CR-127304,Craig Reiter,1156,184
East,CR-128204,Cyra Reiten,682,291
East,CS-118604,Cari Schnelling,31,616
East,CS-119504,Carlos Soltero,1317,160
East,CS-121754,Charles Sheldon,196,471
East,CS-122504,Chris Selesnick,65,575
East,CS-123554,Christine Sundaresam,877,244
East,CS-124004,Christopher Schild,744,277
East,CS-124604,Chuck Sachs,239,456
East,CS-124904,Cindy Schnelling,402,395
East,CS-125054,Cindy Stewart,5017,17
East,CT-119954,Carol Triggs,1586,125
East,CV-122954,Christina VanderZanden,148,503
East,CV-128054,Cynthia Voltz,728,282
East,CW-119054,Carl Weiss,901,236
East,CY-127454,Craig Yedwab,896,241
East,Co-126404,Corey-Lock,5,670
East,DA-134504,Dianna Arnett,131,517
East,DB-129703,Darren Budd,1434,145
East,DB-130604,Dave Brooks,2041,83
East,DB-131204,David Bremer,1737,112
East,DB-132104,Dean Braden,1547,131
East,DB-132704,Deborah Brumfield,2844,52
East,DB-133604,Dennis Bolton,864,245
East,DB-134054,Denny Blanton,1099,198
East,DB-135554,Dorothy Badders,637,306
East,DB-136604,Duane Benoit,260,444
East,DC-128504,Dan Campbell,325,417
East,DD-135704,Dorothy Dickinson,3,672
East,DE-132554,Deanra Eno,99,541
East,DF-131354,David Flashing,213,464
East,DG-133004,Deirdre Greer,2594,57
East,DH-130754,Dave Hallsten,1446,142
East,DH-136754,Duane Huffman,85,552
East,DJ-135104,Don Jones,240,454
East,DJ-136304,Doug Jacobs,3037,47
East,DK-128354,Damala Kotsonis,168,490
East,DK-130904,Dave Kipp,649,304
East,DK-131504,David Kendrick,364,405
East,DK-132254,Dean Katz,1589,123
East,DK-133754,Dennis Kane,1193,175
East,DL-128654,Dan Lawera,224,460
East,DL-129254,Daniel Lacy,734,280
East,DL-133154,Delfina Latchford,1176,181
East,DL-133304,Denise Leinenbach,12,652
East,DL-134954,Dionis Lloyd,1865,97
East,DM-129554,Dario Medina,795,259
East,DM-130154,Darrin Martin,4951,18
East,DM-133454,Denise Monton,631,307
East,DM-135254,Don Miller,1083,202
East,DN-136904,Duane Noonan,711,283
East,DO-134354,Denny Ordway,570,323
East,DO-136454,Doug O'Connell,517,345
East,DP-130004,Darren Powers,126,521
East,DP-131054,Dave Poirier,1729,113
East,DP-131654,David Philippe,1051,204
East,DP-133904,Dennis Pardue,17,644
East,DR-128804,Dan Reichenbach,2069,81
East,DR-129404,Daniel Raglin,6938,10
East,DS-130304,Darrin Sayre,400,396
East,DS-131804,David Smith,901,237
East,DV-130454,Darrin Van Huff,189,478
East,DV-134654,Dianna Vittorini,1259,165
East,DW-135404,Don Weiss,88,546
East,DW-135854,Dorothy Wardle,788,262
East,Dl-136004,Dorris liebe,674,292
East,Dp-132404,Dean percer,3123,45
East,EA-140354,Erin Ashbrook,989,216
East,EB-137054,Ed Braxton,1411,149
East,EB-137504,Edward Becker,2034,84
East,EB-138404,Ellis Ballard,213,465
East,EB-138704,Emily Burns,655,302
East,EB-141104,Eugene Barchas,1978,87
East,EC-140504,Erin Creighton,31,617
East,ED-138854,Emily Ducich,2621,56
East,EG-139004,Emily Grady,1382,152
East,EH-137654,Edward Hooks,2842,53
East,EH-139454,Eric Hoffmann,159,498
East,EH-139904,Erica Hackney,392,398
East,EH-140054,Erica Hernandez,168,491
East,EH-141254,Eugene Hildebrand,1572,127
East,EH-141854,Evan Henry,665,298
East,EJ-137204,Ed Jacobs,423,384
East,EJ-141554,Eva Jacobs,1517,135
East,EL-137354,Ed Ludwig,38,612
East,EM-138104,Eleni McCrary,510,350
East,EM-138254,Elizabeth Moffitt,345,410
East,EM-139604,Eric Murdock,62,579
East,EM-140654,Erin Mull,177,484
East,EM-140954,Eudokia Martin,65,576
East,EM-141404,Eugene Moren,807,253
East,EN-137804,Edward Nazzal,2092,80
East,EP-139154,Emily Phan,1959,88
East,ES-140204,Erica Smith,240,455
East,ES-140804,Erin Smith,2253,72
East,FC-142454,Frank Carlisle,175,486
East,FC-143354,Fred Chung,52,591
East,FG-142604,Frank Gastineau,903,235
East,FH-142754,Frank Hawley,1369,156
East,FH-143504,Fred Harton,190,477
East,FH-143654,Fred Hopkins,1506,136
East,FM-142154,Filia McAdams,1484,138
East,FM-142904,Frank Merwin,1804,102
East,FM-143804,Fred McMath,167,492
East,FO-143054,Frank Olsen,683,290
East,FP-143204,Frank Preis,2504,66
East,FW-143954,Fred Wasserman,44,605
East,GA-145154,George Ashbrook,450,373
East,GA-147254,Guy Armstrong,77,560
East,GB-145304,George Bell,891,242
East,GB-145754,Giulietta Baptist,260,445
East,GD-145904,Giulietta Dortch,737,279
East,GG-146504,Greg Guthrie,57,588
East,GH-144104,Gary Hansen,178,482
East,GK-146204,Grace Kelly,1794,103
East,GM-144404,Gary McGarr,584,317
East,GM-144554,Gary Mitchum,1879,96
East,GM-145004,Gene McClure,815,252
East,GM-146804,Greg Matthias,1141,190
East,GP-147404,Guy Phonely,237,457
East,GR-145604,Georgia Rosenberg,1272,163
East,GT-146354,Grant Thornton,1184,178
East,GT-147104,Greg Tran,9384,4
East,GW-146054,Giulietta Weimer,911,234
East,GZ-144704,Gary Zandusky,2588,60
East,GZ-145454,George Zrebassa,46,602
East,HA-149054,Helen Abelman,1037,209
East,HA-149204,Helen Andreada,14,648
East,HD-147854,Harold Dahlen,129,520
East,HE-148004,Harold Engle,598,316
East,HF-149954,Herbert Flentye,431,381
East,HG-148454,Harry Greene,366,404
East,HG-149654,Henry Goldwyn,290,433
East,HG-150254,Hunter Glantz,350,409
East,HK-148904,Heather Kirkland,450,374
East,HL-150404,Hunter Lopez,10523,2
East,HM-148604,Harry Marie,1173,182
East,HM-149804,Henry MacAllister,5,671
East,HP-148154,Harold Pawlan,1496,137
East,HR-147704,Hallie Redmond,6,665
East,HR-148304,Harold Ryan,1231,169
East,HW-149354,Helen Wasserman,355,408
East,HZ-149504,Henia Zydlo,43,607
East,IG-150854,Ivan Gibson,370,403
East,IL-151004,Ivan Liston,1847,100
East,IM-150704,Irene Maddox,628,310
East,JA-159704,Joseph Airdo,4844,20
East,JB-154004,Jennifer Braxton,746,276
East,JB-159254,Joni Blumstein,629,309
East,JB-160004,Joy Bell-,198,470
East,JB-160454,Julia Barnett,540,339
East,JC-153404,Jasper Cacioppo,14,649
East,JC-157754,John Castell,538,340
East,JC-161054,Julie Creighton,143,507
East,JD-157904,John Dryer,228,459
East,JD-158954,Jonathan Doherty,3382,39
East,JD-160154,Joy Daniels,246,451
East,JD-161504,Justin Deggeller,3258,41
East,JE-154754,Jeremy Ellison,271,438
East,JE-156104,Jim Epp,293,431
East,JE-157154,Joe Elijah,2589,58
East,JE-157454,Joel Eaton,766,266
East,JF-151904,Jamie Frazer,1560,129
East,JF-153554,Jay Fein,123,523
East,JF-154154,Jennifer Ferguson,134,514
East,JF-154904,Jeremy Farry,219,462
East,JF-155654,Jill Fjeld,900,238
East,JG-151604,James Galang,1848,99
East,JG-153104,Jason Gross,1112,194
East,JG-158054,John Grady,1257,166
East,JH-154304,Jennifer Halladay,60,583
East,JH-158204,John Huston,217,463
East,JH-159104,Jonathan Howell,6,666
East,JH-161804,Justin Hirsh,1216,173
East,JJ-154454,Jennifer Jackson,611,314
East,JK-152054,Jamie Kunitz,371,401
East,JK-153254,Jason Klamczynski,23,632
East,JK-153704,Jay Kimmel,1100,196
East,JK-156254,Jim Karlsson,1426,146
East,JK-156404,Jim Kriz,494,355
East,JK-157304,Joe Kamberova,1614,120
East,JK-161204,Julie Kriz,1100,197
East,JL-151304,Jack Lebron,58,586
East,JL-152354,Janet Lee,1091,200
East,JL-155054,Jeremy Lonsdale,510,351
East,JL-158354,John Lee,2870,50
East,JL-158504,John Lucas,315,424
East,JM-152504,Janet Martin,1407,151
East,JM-152654,Janet Molinari,1045,205
East,JM-155354,Jessica Myrick,1273,162
East,JM-155804,Jill Matthias,25,628
East,JM-156554,Jim Mitchum,456,370
East,JM-158654,John Murray,4770,22
East,JM-161954,Justin MacKendrick,251,448
East,JO-151454,Jack O'Briant,285,436
East,JO-152804,Jas O'Carroll,1,674
East,JO-155504,Jesus Ocampo,571,322
East,JP-154604,Jennifer Patt,1371,154
East,JP-161354,Julie Prescott,583,318
East,JR-156704,Jim Radford,553,332
East,JR-162104,Justin Ritter,9,658
East,JS-155954,Jill Stevenson,362,407
East,JS-156854,Jim Sink,478,358
East,JS-158804,John Stevenson,172,487
East,JS-159404,Joni Sundaresam,185,480
East,JS-160304,Joy Smith,19,638
East,JW-152204,Jane Waco,319,421
East,JW-159554,Joni Wasserman,463,366
East,JW-160754,Julia West,88,547
East,KA-165254,Kelly Andreada,915,231
East,KB-162404,Karen Bern,24,631
East,KB-163154,Karl Braun,819,251
East,KB-164054,Katrina Bavinger,698,287
East,KB-165854,Ken Black,160,497
East,KB-166004,Ken Brennan,630,308
East,KC-162554,Karen Carlisle,71,568
East,KC-165404,Kelly Collister,103,537
East,KD-162704,Karen Daniels,6241,11
East,KD-163454,Katherine Ducich,941,225
East,KD-164954,Keith Dawkins,5873,12
East,KD-166154,Ken Dana,147,504
East,KE-164204,Katrina Edelman,692,288
East,KF-162854,Karen Ferguson,2634,54
East,KH-163304,Katharine Harms,2526,65
East,KH-163604,Katherine Hughes,45,604
East,KH-166304,Ken Heidel,2589,59
East,KH-166904,Kristen Hastings,51,592
East,KL-165554,Kelly Lampkin,538,341
East,KL-166454,Ken Lonsdale,1185,177
East,KM-162254,Kalyca Meade,1676,118
East,KM-163754,Katherine Murray,2847,51
East,KM-166604,Khloe Miller,19,639
East,KM-167204,Kunst Miller,1954,91
East,KN-163904,Katherine Nockton,2147,77
East,KN-164504,Kean Nguyen,274,437
East,KN-167054,Kristina Nunn,324,418
East,KT-164804,Kean Thornton,2588,61
East,KW-164354,Katrina Willman,563,327
East,LA-167804,Laura Armstrong,2123,78
East,LB-167954,Laurel Beltran,1464,140
East,LC-168704,Lena Cacioppo,111,530
East,LC-168854,Lena Creighton,3220,42
East,LC-169304,Linda Cazamias,8,660
East,LC-169604,Lindsay Castell,38,613
East,LC-170504,Liz Carlisle,609,315
East,LC-171404,Logan Currie,1409,150
East,LD-170054,Lisa DeCherney,1610,121
East,LE-168104,Laurel Elliston,30,623
East,LF-171854,Luke Foster,1021,213
East,LH-167504,Larry Hughes,7,661
East,LH-169004,Lena Hernandez,451,371
East,LH-170204,Lisa Hazard,108,534
East,LH-171554,Logan Haushalter,79,559
East,LL-168404,Lauren Leatherbury,17,645
East,LM-170654,Liz MacKendrick,701,285
East,LO-171704,Lori Olson,295,429
East,LP-170954,Liz Preis,549,335
East,LR-170354,Lisa Ryan,848,247
East,LS-169454,Linda Southworth,86,551
East,LS-169754,Lindsay Shagiari,1416,148
East,LS-172004,Luke Schmidt,100,539
East,LS-172304,Lycoris Saunders,96,544
East,LS-172454,Lynn Smith,415,388
East,LT-167654,Larry Tron,74,562
East,LT-171104,Liz Thompson,292,432
East,LW-168254,Laurel Workman,766,267
East,LW-171254,Liz Willingham,10,656
East,LW-172154,Luke Weiss,5048,16
East,MA-175604,Matt Abelman,2282,69
East,MA-179954,Michelle Arnett,192,475
East,MB-173054,Maria Bertelson,621,311
East,MB-180854,Mick Brown,264,441
East,MC-172754,Marc Crier,41,608
East,MC-174254,Mark Cousins,130,519
East,MC-175754,Matt Collins,561,329
East,MC-175904,Matt Collister,855,246
East,MC-176054,Matt Connell,15,647
East,MC-178454,Michael Chen,6,667
East,MC-181004,Mick Crebagga,551,334
East,MC-181304,Mike Caudle,33,615
East,MD-173504,Maribeth Dona,1678,116
East,MD-178604,Michael Dominguez,161,496
East,ME-177254,Max Engle,156,499
East,ME-180104,Michelle Ellison,51,593
East,MF-176654,Maureen Fritzler,137,511
East,MF-182504,Monica Federle,258,447
East,MG-176504,Matthew Grinstein,457,369
East,MG-176804,Maureen Gastineau,835,250
East,MG-176954,Maureen Gnade,1197,174
East,MG-178754,Michael Grace,207,467
East,MG-178904,Michael Granlund,416,386
East,MG-181454,Mike Gockenbach,755,272
East,MH-172904,Marc Harrigan,987,217
East,MH-174404,Mark Haberlin,38,614
East,MH-174554,Mark Hamilton,389,399
East,MH-176204,Matt Hagelstein,31,618
East,MH-177854,Maya Herman,295,430
East,MH-180254,Michelle Huthwaite,64,577
East,MH-181154,Mick Hernandez,1772,108
East,MJ-177404,Max Jones,339,413
East,MK-179054,Michael Kennedy,1179,179
East,ML-173954,Marina Lichtenstein,947,224
East,ML-174104,Maris LaWare,1052,203
East,ML-177554,Max Ludwig,674,293
East,MM-172604,Magdelene Morse,1178,180
East,MM-179204,Michael Moore,1112,195
East,MM-180554,Michelle Moray,755,273
East,MM-182804,Muhammed MacIntyre,84,555
East,MN-179354,Michael Nguyen,1153,186
East,MO-175004,Mary O'Rourke,771,264
East,MO-178004,Meg O'Connel,312,426
East,MP-174704,Mark Packer,1751,109
East,MP-179654,Michael Paige,1218,171
East,MP-181754,Mike Pelletier,1740,111
East,MR-175454,Mathew Reese,579,319
East,MS-173654,Maribeth Schnelling,2292,68
East,MS-175304,MaryBeth Skach,22,633
East,MS-177104,Maurice Satty,470,361
East,MS-177704,Maxwell Schwartz,1033,211
East,MS-178304,Melanie Seite,250,449
East,MS-179804,Michael Stewart,674,294
East,MT-178154,Meg Tillman,335,414
East,MV-174854,Mark Van Huff,464,365
East,MV-181904,Mike Vittorini,76,561
East,MW-182204,Mitch Webber,3800,32
East,MY-173804,Maribeth Yedwab,547,336
East,MY-182954,Muhammed Yedwab,2207,76
East,MZ-175154,Mary Zewe,363,406
East,NB-185804,Nicole Brennan,144,506
East,NB-186554,Nona Balk,747,275
East,NC-183404,Nat Carroll,123,524
East,NC-184154,Nathan Cano,51,594
East,NC-185354,Nick Crebassa,31,619
East,NC-186254,Noah Childs,104,536
East,ND-183704,Natalie DeCherney,2007,86
East,ND-184604,Neil Ducich,1085,201
East,NF-183854,Natalie Fritzler,4863,19
East,NF-185954,Nicole Fjeld,302,428
East,NG-183554,Nat Gilpin,1249,167
East,NG-184304,Nathan Gelder,3,673
East,NH-186104,Nicole Hansen,154,500
East,NK-184904,Neil Knudson,313,425
East,NM-184454,Nathan Mautz,4822,21
East,NM-185204,Neoma Murray,199,469
East,NP-183254,Naresj Patel,3387,38
East,NP-186704,Nora Paige,2258,70
East,NP-186854,Nora Pelletier,99,542
East,NP-187004,Nora Preis,2064,82
East,NR-185504,Nick Radford,437,378
East,NS-185054,Neola Schneider,1371,155
East,NS-186404,Noel Staavos,1438,143
East,NW-184004,Natalie Webber,3769,33
East,NZ-185654,Nick Zandusky,440,376
East,ON-187154,Odella Nelson,471,360
East,OT-187304,Olvera Toch,1556,130
East,PB-191054,Peter Bühler,41,609
East,PB-191504,Philip Brown,31,620
East,PB-192104,Phillip Breyer,63,578
East,PC-187454,Pamela Coakley,1605,122
East,PF-191204,Peter Fuller,7680,7
East,PF-191654,Philip Fox,50,596
East,PG-188204,Patrick Gardner,1151,188
East,PG-188954,Paul Gonzalez,501,354
East,PJ-188354,Patrick Jones,135,513
East,PJ-190154,Pauline Johnson,246,452
East,PK-189104,Paul Knutson,1422,147
East,PK-190754,Pete Kriz,5073,15
East,PL-189254,Paul Lucas,134,515
East,PM-191354,Peter McVee,3333,40
East,PN-187754,Parhena Norris,163,494
East,PO-188504,Patrick O'Brill,1270,164
East,PO-188654,Patrick O'Donnell,706,284
East,PO-191804,Philisse Overcash,673,295
East,PO-191954,Phillina Ober,764,269
East,PP-189554,Paul Prost,1544,132
East,PS-187604,Pamela Stobb,953,223
East,PS-189704,Paul Stevenson,28,625
East,PS-190454,Penelope Sewall,123,525
East,PV-189854,Paul Van Hugh,91,545
East,PW-190304,Pauline Webber,1589,124
East,PW-192404,Pierre Wener,2971,49
East,QJ-192554,Quincy Jones,5434,14
East,RA-192854,Ralph Arnett,579,320
East,RA-199154,Russell Applegate,49,597
East,RA-199454,Ryan Akin,25,629
East,RB-193304,Randy Bradley,670,297
East,RB-193604,Raymond Buch,692,289
East,RB-194354,Richard Bierner,919,230
East,RB-194654,Rick Bensley,1040,207
East,RB-197054,Roger Barcio,1787,105
East,RB-197954,Ross Baird,3654,35
East,RC-198254,Roy Collins,182,481
East,RC-199604,Ryan Crowe,289,434
East,RD-194804,Rick Duston,1745,110
East,RD-195854,Rob Dowd,85,553
East,RD-196604,Robert Dilbeck,17,646
East,RD-197204,Roger Demir,435,379
East,RD-198104,Ross DeVincentis,82,558
East,RD-199004,Ruben Dartt,47,601
East,RE-194054,Ricardo Emerson,48,598
East,RE-194504,Richard Eichhorn,30,624
East,RF-193454,Randy Ferguson,246,453
East,RF-197354,Roland Fjeld,22,634
East,RF-198404,Roy Französisch,56,589
East,RH-194954,Rick Hansen,3492,37
East,RH-195104,Rick Huthwaite,2545,64
East,RK-193004,Ralph Kennedy,222,461
East,RL-196154,Rob Lucas,1345,159
East,RM-193754,Raymond Messe,658,300
East,RM-196754,Robert Marley,414,389
East,RM-197504,Roland Murray,98,543
East,RP-193904,Resi Pölking,774,263
East,RR-195254,Rick Reed,2584,62
East,RS-194204,Ricardo Sperren,1230,170
East,RS-197654,Roland Schwarz,1006,215
East,RS-198704,Roy Skaria,10,657
East,RW-196304,Rob Williams,66,574
East,RW-196904,Robert Waldorf,1958,89
East,SA-208304,Sue Ann Reed,22,635
East,SB-201704,Sarah Bern,954,222
East,SB-201854,Sarah Brown,470,362
East,SB-202904,Sean Braxton,1368,157
East,SC-200204,Sam Craven,578,321
East,SC-200504,Sample Company A,22,636
East,SC-200954,Sanjit Chand,13,651
East,SC-202304,Scot Coram,106,535
East,SC-202604,Scott Cohen,920,229
East,SC-203054,Sean Christensen,423,385
East,SC-203804,Shahid Collister,538,342
East,SC-204404,Shaun Chance,563,328
East,SC-205754,Sonia Cooley,103,538
East,SC-206954,Steve Chapman,74,563
East,SC-207254,Steven Cartwright,748,274
East,SC-207704,Stewart Carmichael,3017,48
East,SD-204854,Shirley Daniels,405,392
East,SE-201104,Sanjit Engle,514,347
East,SF-200654,Sandra Flanagan,639,305
East,SF-202004,Sarah Foster,171,488
East,SF-209654,Sylvia Foulston,111,531
East,SG-204704,Sheri Gordon,1189,176
East,SG-206054,Speros Goranitis,2623,55
East,SG-208904,Susan Gilcrest,11,655
East,SH-199754,Sally Hughsby,70,570
East,SH-203954,Shahid Hopkins,371,402
East,SJ-201254,Sanjit Jacobs,41,610
East,SJ-205004,Shirley Jackson,968,218
East,SK-199904,Sally Knutson,884,243
East,SL-201554,Sara Luxemburg,72,565
East,SM-200054,Sally Matthias,143,508
East,SM-203204,Sean Miller,838,249
East,SM-209054,Susan MacKendrick,1044,206
East,SM-209504,Suzanne McNair,4453,26
East,SN-205604,Skye Norling,400,397
East,SO-203354,Sean O'Donnell,794,260
East,SP-205454,Sibella Parks,1093,199
East,SP-206204,Stefania Perrino,3152,43
East,SP-206504,Stephanie Phelps,939,226
East,SP-208604,Sung Pak,967,219
East,SP-209204,Susan Pistek,3902,31
East,SR-204254,Sharelle Roach,265,440
East,SR-207404,Steven Roelle,3904,30
East,SS-201404,Saphhira Shifley,84,556
East,SS-204104,Shahid Shariari,1364,158
East,SS-205154,Shirley Schmidt,39,611
East,SS-208754,Sung Shariari,430,382
East,ST-205304,Shui Tom,286,435
East,SU-206654,Stephanie Ulpright,137,512
East,SV-203654,Seth Vernon,9217,5
East,SV-207854,Stewart Visinsky,1810,101
East,SV-209354,Susan Vittorini,1145,189
East,SW-202454,Scot Wooten,237,458
East,SW-202754,Scott Williamson,913,233
East,SW-203504,Sean Wendt,467,363
East,SW-204554,Shaun Weien,1218,172
East,SW-207554,Steven Ward,664,299
East,SZ-200354,Sam Zeldin,459,367
East,TA-213854,Tom Ashbrook,13724,1
East,TB-210554,Ted Butterfield,1470,139
East,TB-211754,Thomas Boland,46,603
East,TB-211904,Thomas Brumley,767,265
East,TB-212504,Tim Brockman,656,301
East,TB-212804,Toby Braunhardt,807,254
East,TB-213554,Todd Boyes,100,540
East,TB-214004,Tom Boeckenhauer,7000,9
East,TB-215204,Tracy Blumstein,4087,28
East,TB-215954,Troy Blackwell,458,368
East,TB-216254,Trudy Brown,2223,73
East,TC-209804,Tamara Chand,85,554
East,TC-211454,Theresa Coyne,1038,208
East,TC-212954,Toby Carlisle,1944,92
East,TC-214754,Tony Chapman,111,532
East,TC-215354,Tracy Collins,68,572
East,TD-209954,Tamara Dahlen,125,522
East,TG-213104,Toby Gnade,138,510
East,TH-211004,Thea Hendricks,1537,134
East,TH-211154,Thea Hudgings,915,232
East,TH-212354,Tiffany House,147,505
East,TH-215504,Tracy Hopkins,1780,106
East,TM-210104,Tamara Manning,193,474
East,TM-214904,Tony Molinari,559,331
East,TN-210404,Tanja Norvell,560,330
East,TP-211304,Theone Pippenger,12,653
East,TP-214154,Tom Prescott,4739,23
East,TR-213254,Toby Ritter,250,450
East,TS-211604,Theresa Swint,955,221
East,TS-212054,Thomas Seio,88,548
East,TS-213404,Toby Swindell,18,640
East,TS-213704,Todd Sumrall,7629,8
East,TS-214304,Tom Stivers,546,337
East,TS-215054,Tony Sayre,744,278
East,TS-216104,Troy Staebel,1163,183
East,TT-210704,Ted Trevino,841,248
East,TT-212204,Thomas Thornton,59,584
East,TT-212654,Tim Taslimi,61,581
East,TW-210254,Tamara Willingham,303,427
East,VB-217454,Victoria Brennan,757,271
East,VD-216704,Valerie Dominguez,2221,74
East,VG-218054,Vivek Grady,62,580
East,VM-216854,Valerie Mitchum,1379,153
East,VM-218354,Vivian Mathis,178,483
East,VP-217304,Victor Preis,899,240
East,VP-217604,Victoria Pisteka,733,281
East,VT-217004,Valerie Takahito,1636,119
East,VW-217754,Victoria Wilson,3726,34
East,WB-218504,William Brown,477,359
East,XP-218654,Xylona Preis,201,468
East,YC-218954,Yoseph Carroll,3116,46
East,YS-218804,Yana Sorensen,465,364
East,ZC-219104,Zuschuss Carroll,44,606
North,AA-103152,Alex Avila,2956,77
North,AA-103153,Alex Avila,633,610
North,AA-103753,Allen Armold,1590,267
North,AA-104802,Andrew Allen,3090,69
North,AA-104803,Andrew Allen,2273,135
North,AA-106452,Anna Andreadi,1411,304
North,AA-106453,Anna Andreadi,150,1047
North,AB-100152,Aaron Bergman,503,703
North,AB-100153,Aaron Bergman,195,977
North,AB-100602,Adam Bellavance,3163,63
North,AB-100603,Adam Bellavance,479,719
North,AB-101052,Adrian Barton,163,1029
North,AB-101053,Adrian Barton,428,747
North,AB-101502,Aimee Bixby,5532,11
North,AB-101503,Aimee Bixby,1239,359
North,AB-101652,Alan Barnes,1185,377
North,AB-101653,Alan Barnes,188,986
North,AB-102552,Alejandro Ballentine,221,950
North,AB-102553,Alejandro Ballentine,237,930
North,AB-106003,Ann Blume,39,1230
North,AC-104202,Alyssa Crouse,410,763
North,AC-104203,Alyssa Crouse,3827,38
North,AC-104502,Amy Cox,880,486
North,AC-106152,Ann Chong,64,1178
North,AC-106153,Ann Chong,562,656
North,AC-106602,Anna Chung,468,728
North,AC-106603,Anna Chung,150,1048
North,AD-101802,Alan Dominguez,748,549
North,AD-101803,Alan Dominguez,559,665
North,AF-108702,Art Ferguson,108,1104
North,AF-108703,Art Ferguson,96,1127
North,AF-108852,Art Foster,951,461
North,AF-108853,Art Foster,4171,28
North,AG-102702,Alejandro Grove,324,832
North,AG-102703,Alejandro Grove,432,746
North,AG-103002,Aleksandra Gannaway,1695,239
North,AG-103003,Aleksandra Gannaway,1240,358
North,AG-103302,Alex Grayson,1289,342
North,AG-103303,Alex Grayson,742,552
North,AG-103903,Allen Goldenen,341,819
North,AG-104953,Andrew Gjertsen,569,650
North,AG-105252,Andy Gerbode,79,1157
North,AG-105253,Andy Gerbode,1698,237
North,AG-106752,Anna Gayman,1058,420
North,AG-107652,Anthony Garverick,290,866
North,AG-107653,Anthony Garverick,497,708
North,AG-109003,Arthur Gainer,3964,33
North,AH-100302,Aaron Hawkins,253,911
North,AH-100303,Aaron Hawkins,963,455
North,AH-100752,Adam Hart,1243,355
North,AH-100753,Adam Hart,2052,169
North,AH-101202,Adrian Hane,2240,139
North,AH-101203,Adrian Hane,3838,37
North,AH-101952,Alan Haines,317,838
North,AH-101953,Alan Haines,2795,89
North,AH-102102,Alan Hwang,804,521
North,AH-102103,Alan Hwang,227,943
North,AH-104652,Amy Hunt,163,1030
North,AH-104653,Amy Hunt,2075,166
North,AH-105852,Angele Hood,164,1024
North,AH-106902,Anna Häberlin,764,543
North,AH-106903,Anna Häberlin,33,1242
North,AI-108552,Arianne Irving,995,437
North,AJ-107802,Anthony Jacobs,1125,394
North,AJ-107803,Anthony Jacobs,301,852
North,AJ-107952,Anthony Johnson,22,1264
North,AJ-107953,Anthony Johnson,656,602
North,AJ-109452,Ashley Jarboe,351,812
North,AJ-109453,Ashley Jarboe,2815,85
North,AM-103602,Alice McCarthy,5249,13
North,AM-107052,Anne McFarland,53,1202
North,AM-107053,Anne McFarland,442,738
North,AO-108102,Anthony O'Donnell,1999,177
North,AO-108103,Anthony O'Donnell,354,809
North,AP-107202,Anne Pryor,1716,233
North,AP-109152,Arthur Prichep,118,1097
North,AP-109153,Arthur Prichep,747,550
North,AR-103452,Alex Russell,739,554
North,AR-103453,Alex Russell,837,506
North,AR-104052,Allen Rosenblatt,697,580
North,AR-104053,Allen Rosenblatt,1025,431
North,AR-105102,Andrew Roberts,1112,401
North,AR-105103,Andrew Roberts,339,822
North,AR-105403,Andy Reiter,99,1119
North,AR-105702,Anemone Ratner,266,889
North,AR-105703,Anemone Ratner,743,551
North,AR-108252,Anthony Rawles,17,1271
North,AR-108253,Anthony Rawles,732,559
North,AS-100452,Aaron Smayling,1638,252
North,AS-100453,Aaron Smayling,628,612
North,AS-100902,Adam Shillingsburg,2475,119
North,AS-100903,Adam Shillingsburg,1217,364
North,AS-101353,Adrian Shami,164,1025
North,AS-102252,Alan Schoenberger,2208,144
North,AS-102253,Alan Schoenberger,190,983
North,AS-102403,Alan Shonely,629,611
North,AS-102853,Alejandro Savely,181,997
North,AS-106302,Ann Steele,28,1256
North,AT-104353,Alyssa Tate,3051,72
North,AT-107352,Annie Thurman,38,1231
North,AT-107353,Annie Thurman,16,1273
North,AW-108403,Anthony Witt,1339,323
North,AW-109302,Arthur Wiediger,3351,53
North,AY-105552,Andy Yotov,1892,186
North,AY-105553,Andy Yotov,768,539
North,AZ-107502,Annie Zypern,137,1068
North,AZ-107503,Annie Zypern,793,525
North,BB-109903,Barry Blumstein,139,1065
North,BB-115453,Brenda Bowman,1038,429
North,BC-111252,Becky Castell,1615,258
North,BC-111253,Becky Castell,338,823
North,BD-113202,Bill Donatelli,956,458
North,BD-113203,Bill Donatelli,601,629
North,BD-115002,Bradley Drucker,164,1026
North,BD-115003,Bradley Drucker,170,1013
North,BD-115602,Brendan Dodson,2478,117
North,BD-115603,Brendan Dodson,1043,427
North,BD-116052,Brian Dahlen,389,777
North,BD-116203,Brian DeCherney,263,897
North,BD-116352,Brian Derr,1777,216
North,BD-116353,Brian Derr,205,964
North,BD-117252,Bruce Degenhardt,701,578
North,BD-117253,Bruce Degenhardt,202,968
North,BD-117702,Bryan Davis,49,1210
North,BD-117703,Bryan Davis,1197,373
North,BE-113352,Bill Eplett,1893,185
North,BE-113353,Bill Eplett,4046,30
North,BE-114102,Bobby Elias,4541,21
North,BE-114103,Bobby Elias,190,984
North,BE-114552,Brad Eason,305,848
North,BE-114553,Brad Eason,535,679
North,BF-109753,Barbara Fisher,30,1252
North,BF-110203,Barry Französisch,513,694
North,BF-110802,Bart Folk,1261,351
North,BF-110803,Bart Folk,1163,385
North,BF-111702,Ben Ferrer,2305,128
North,BF-111703,Ben Ferrer,2021,173
North,BF-112153,Benjamin Farhat,175,1004
North,BF-112752,Beth Fritzler,1448,296
North,BF-112753,Beth Fritzler,47,1215
North,BG-110352,Barry Gonzalez,1394,307
North,BG-110353,Barry Gonzalez,356,807
North,BG-116953,Brooke Gillingham,3918,35
North,BG-117402,Bruce Geld,1606,263
North,BG-117403,Bruce Geld,369,796
North,BH-117102,Brosina Hoffman,3111,68
North,BH-117103,Brosina Hoffman,319,837
North,BK-112602,Berenike Kampe,244,921
North,BM-111402,Becky Martin,47,1216
North,BM-111403,Becky Martin,490,712
North,BM-115753,Brendan Murry,708,572
North,BM-116502,Brian Moss,232,938
North,BM-116503,Brian Moss,1471,291
North,BM-117852,Bryan Mills,64,1179
North,BM-117853,Bryan Mills,1394,308
North,BN-114702,Brad Norvell,1934,182
North,BN-114703,Brad Norvell,2714,95
North,BN-115152,Bradley Nguyen,496,710
North,BN-115153,Bradley Nguyen,279,879
North,BO-113502,Bill Overfelt,122,1088
North,BO-113503,Bill Overfelt,97,1123
North,BO-114253,Bobby Odegard,3374,52
North,BP-110502,Barry Pond,1232,361
North,BP-110503,Barry Pond,395,774
North,BP-110952,Bart Pistole,610,625
North,BP-110953,Bart Pistole,371,794
North,BP-111552,Becky Pak,5757,8
North,BP-111553,Becky Pak,1302,340
North,BP-111852,Ben Peterman,1569,269
North,BP-111853,Ben Peterman,504,701
North,BP-112302,Benjamin Patterson,265,892
North,BP-112303,Benjamin Patterson,300,856
North,BP-112902,Beth Paige,41,1224
North,BP-112903,Beth Paige,54,1197
North,BS-113652,Bill Shonely,239,929
North,BS-113653,Bill Shonely,386,782
North,BS-113803,Bill Stewart,767,541
North,BS-115902,Brendan Sweed,715,568
North,BS-116652,Brian Stugart,423,751
North,BS-116653,Brian Stugart,2003,175
North,BS-117552,Bruce Stewart,101,1117
North,BS-117553,Bruce Stewart,1369,315
North,BS-118002,Bryan Spruell,560,662
North,BS-118003,Bryan Spruell,349,814
North,BT-113052,Beth Thompson,371,795
North,BT-113053,Beth Thompson,422,753
North,BT-113952,Bill Tyler,1382,311
North,BT-113953,Bill Tyler,97,1124
North,BT-114402,Bobby Trafton,441,740
North,BT-114403,Bobby Trafton,266,890
North,BT-114853,Brad Thomas,210,957
North,BT-115302,Bradley Talbott,292,863
North,BT-115303,Bradley Talbott,313,842
North,BT-116802,Brian Thompson,1266,349
North,BT-116803,Brian Thompson,225,946
North,BV-112452,Benjamin Venier,2143,157
North,BV-112453,Benjamin Venier,22,1265
North,BW-110652,Barry Weirich,32,1245
North,BW-111102,Bart Watters,5324,12
North,BW-111103,Bart Watters,3113,67
North,BW-112003,Ben Wallace,932,466
North,CA-119652,Carol Adams,41,1225
North,CA-119653,Carol Adams,60,1191
North,CA-120553,Cathy Armstrong,2157,152
North,CA-122652,Christina Anderson,7838,3
North,CA-122653,Christina Anderson,95,1130
North,CA-123102,Christine Abelman,241,927
North,CA-123103,Christine Abelman,1654,251
North,CA-127753,Cynthia Arntzen,989,439
North,CB-120253,Cassandra Brandow,570,648
North,CB-124152,Christy Brittain,1514,283
North,CB-124153,Christy Brittain,100,1118
North,CB-125352,Claudia Bergmann,2542,109
North,CB-125353,Claudia Bergmann,785,530
North,CC-121002,Chad Cunningham,102,1115
North,CC-121003,Chad Cunningham,3627,45
North,CC-121452,Charles Crestani,391,775
North,CC-122202,Chris Cortes,1486,287
North,CC-122203,Chris Cortes,236,934
North,CC-123702,Christopher Conant,2710,96
North,CC-123703,Christopher Conant,284,871
North,CC-124303,Chuck Clark,3953,34
North,CC-124752,Cindy Chapman,867,493
North,CC-124753,Cindy Chapman,2515,113
North,CC-125502,Clay Cheatham,123,1083
North,CC-125503,Clay Cheatham,386,783
North,CC-126102,Corey Catlett,320,835
North,CC-126103,Corey Catlett,171,1012
North,CC-126703,Craig Carreira,237,931
North,CC-126852,Craig Carroll,1332,324
North,CD-119203,Carlos Daly,398,771
North,CD-119802,Carol Darley,351,813
North,CD-119803,Carol Darley,192,981
North,CD-122802,Christina DeMoss,451,735
North,CD-122803,Christina DeMoss,204,966
North,CD-127902,Cynthia Delaney,602,628
North,CD-127903,Cynthia Delaney,75,1160
North,CG-120402,Catherine Glotzbach,299,857
North,CG-120403,Catherine Glotzbach,325,831
North,CG-125202,Claire Gute,1872,191
North,CH-120702,Cathy Hwang,720,566
North,CH-120703,Cathy Hwang,109,1101
North,CJ-118752,Carl Jackson,42,1221
North,CJ-120102,Caroline Jumper,29,1254
North,CJ-120103,Caroline Jumper,2068,167
North,CK-122052,Chloris Kastensmidt,1629,255
North,CK-122053,Chloris Kastensmidt,303,851
North,CK-123252,Christine Kargatis,423,752
North,CK-125952,Clytie Kelty,516,692
North,CK-125953,Clytie Kelty,321,834
North,CK-127602,Cyma Kinney,1215,366
North,CK-127603,Cyma Kinney,1055,423
North,CL-118902,Carl Ludwig,135,1071
North,CL-118903,Carl Ludwig,410,764
North,CL-125652,Clay Ludtke,1627,256
North,CL-127002,Craig Leslie,687,586
North,CL-127003,Craig Leslie,1021,432
North,CM-118153,Candace McMahon,102,1116
North,CM-118302,Cari MacIntyre,2367,123
North,CM-118303,Cari MacIntyre,244,922
North,CM-119352,Carlos Meador,108,1105
North,CM-121602,Charles McCrossin,389,778
North,CM-121603,Charles McCrossin,36,1236
North,CM-121902,Charlotte Melton,45,1219
North,CM-121903,Charlotte Melton,655,604
North,CM-122352,Chris McAfee,1352,322
North,CM-123852,Christopher Martinez,185,990
North,CM-123853,Christopher Martinez,3786,40
North,CM-124452,Chuck Magee,41,1226
North,CM-124453,Chuck Magee,1500,285
North,CM-126552,Corinna Mitchell,3228,60
North,CM-126553,Corinna Mitchell,283,873
North,CM-127152,Craig Molinari,259,904
North,CM-127153,Craig Molinari,1123,395
North,CP-120852,Cathy Prescott,305,849
North,CP-123402,Christine Phan,758,544
North,CP-123403,Christine Phan,157,1036
North,CR-125802,Clay Rozendal,530,683
North,CR-125803,Clay Rozendal,252,912
North,CR-126252,Corey Roper,166,1020
North,CR-126253,Corey Roper,1176,381
North,CR-127302,Craig Reiter,415,759
North,CR-127303,Craig Reiter,1526,278
North,CR-128203,Cyra Reiten,64,1180
North,CS-118452,Cari Sayre,205,965
North,CS-118453,Cari Sayre,170,1014
North,CS-118602,Cari Schnelling,1307,339
North,CS-118603,Cari Schnelling,360,806
North,CS-119502,Carlos Soltero,3405,50
North,CS-119503,Carlos Soltero,978,443
North,CS-121302,Chad Sievert,1200,372
North,CS-121303,Chad Sievert,1284,343
North,CS-121752,Charles Sheldon,1314,336
North,CS-122502,Chris Selesnick,973,446
North,CS-123552,Christine Sundaresam,420,755
North,CS-123553,Christine Sundaresam,37,1234
North,CS-124002,Christopher Schild,106,1107
North,CS-124003,Christopher Schild,769,537
North,CS-124602,Chuck Sachs,913,474
North,CS-124902,Cindy Schnelling,767,542
North,CS-124903,Cindy Schnelling,4093,29
North,CS-125053,Cindy Stewart,2500,116
North,CT-119952,Carol Triggs,1670,246
North,CV-122952,Christina VanderZanden,368,797
North,CV-122953,Christina VanderZanden,273,882
North,CV-128052,Cynthia Voltz,1112,402
North,CW-119052,Carl Weiss,4874,16
North,CW-119053,Carl Weiss,32,1246
North,CY-127453,Craig Yedwab,2807,87
North,Co-126402,Corey-Lock,865,495
North,Co-126403,Corey-Lock,341,820
North,DA-134502,Dianna Arnett,349,815
North,DA-134503,Dianna Arnett,2036,171
North,DB-129102,Daniel Byrd,2082,165
North,DB-129103,Daniel Byrd,1319,332
North,DB-129702,Darren Budd,320,836
North,DB-130602,Dave Brooks,285,870
North,DB-130603,Dave Brooks,569,651
North,DB-132102,Dean Braden,2212,143
North,DB-132103,Dean Braden,546,673
North,DB-133602,Dennis Bolton,15,1275
North,DB-134052,Denny Blanton,257,906
North,DB-134053,Denny Blanton,2287,133
North,DB-135552,Dorothy Badders,560,663
North,DB-135553,Dorothy Badders,1688,242
North,DB-136153,Doug Bickford,252,913
North,DB-136602,Duane Benoit,308,846
North,DC-128503,Dan Campbell,184,991
North,DC-132853,Debra Catini,1899,184
North,DD-135702,Dorothy Dickinson,854,498
North,DD-135703,Dorothy Dickinson,208,959
North,DE-132553,Deanra Eno,146,1054
North,DF-131352,David Flashing,1608,262
North,DF-131353,David Flashing,146,1055
North,DG-133002,Deirdre Greer,52,1203
North,DG-133003,Deirdre Greer,1716,234
North,DH-130753,Dave Hallsten,810,517
North,DH-136752,Duane Huffman,1314,337
North,DH-136753,Duane Huffman,225,947
North,DJ-134202,Denny Joy,265,893
North,DJ-134203,Denny Joy,2767,91
North,DJ-135102,Don Jones,671,596
North,DJ-135103,Don Jones,3060,71
North,DJ-136302,Doug Jacobs,151,1046
North,DK-128352,Damala Kotsonis,129,1078
North,DK-128353,Damala Kotsonis,593,634
North,DK-128952,Dana Kaydos,13,1279
North,DK-128953,Dana Kaydos,2879,81
North,DK-129852,Darren Koutras,587,639
North,DK-129853,Darren Koutras,826,514
North,DK-131502,David Kendrick,68,1173
North,DK-131503,David Kendrick,90,1135
North,DK-132252,Dean Katz,805,520
North,DK-132253,Dean Katz,694,582
North,DK-133752,Dennis Kane,62,1183
North,DK-133753,Dennis Kane,4789,18
North,DL-128652,Dan Lawera,933,464
North,DL-128653,Dan Lawera,918,472
North,DL-129253,Daniel Lacy,322,833
North,DL-133152,Delfina Latchford,2044,170
North,DL-133153,Delfina Latchford,377,792
North,DL-133302,Denise Leinenbach,971,449
North,DL-133303,Denise Leinenbach,616,622
North,DL-134952,Dionis Lloyd,299,858
North,DL-134953,Dionis Lloyd,614,623
North,DM-129552,Dario Medina,470,726
North,DM-129553,Dario Medina,71,1170
North,DM-130153,Darrin Martin,41,1227
North,DM-133452,Denise Monton,563,655
North,DM-133453,Denise Monton,68,1174
North,DM-135252,Don Miller,74,1163
North,DM-135253,Don Miller,1997,178
North,DN-136902,Duane Noonan,450,736
North,DN-136903,Duane Noonan,1762,221
North,DO-134353,Denny Ordway,268,888
North,DO-136452,Doug O'Connell,986,440
North,DO-136453,Doug O'Connell,166,1021
North,DP-130002,Darren Powers,401,770
North,DP-131053,Dave Poirier,2032,172
North,DP-131652,David Philippe,658,600
North,DP-131653,David Philippe,781,532
North,DP-133903,Dennis Pardue,194,979
North,DR-128803,Dan Reichenbach,1414,303
North,DR-129402,Daniel Raglin,80,1156
North,DR-129403,Daniel Raglin,90,1136
North,DS-130303,Darrin Sayre,62,1184
North,DS-131802,David Smith,246,919
North,DS-131803,David Smith,887,482
North,DV-130453,Darrin Van Huff,6510,6
North,DV-134652,Dianna Vittorini,307,847
North,DV-134653,Dianna Vittorini,19,1270
North,DW-131953,David Wiener,175,1005
North,DW-134802,Dianna Wilson,542,675
North,DW-134803,Dianna Wilson,79,1158
North,DW-135402,Don Weiss,613,624
North,DW-135403,Don Weiss,1740,227
North,Dl-136002,Dorris liebe,505,700
North,Dp-132402,Dean percer,81,1153
North,Dp-132403,Dean percer,1613,259
North,EA-140352,Erin Ashbrook,1051,425
North,EA-140353,Erin Ashbrook,3409,49
North,EB-137052,Ed Braxton,46,1218
North,EB-137053,Ed Braxton,237,932
North,EB-137502,Edward Becker,848,501
North,EB-138402,Ellis Ballard,4628,20
North,EB-138403,Ellis Ballard,165,1023
North,EB-138702,Emily Burns,41,1228
North,EB-139302,Eric Barreto,2708,97
North,EB-139303,Eric Barreto,202,969
North,EB-139752,Erica Bern,3317,55
North,EB-139753,Erica Bern,418,756
North,EB-141102,Eugene Barchas,1036,430
North,EB-141703,Evan Bailliet,842,504
North,EC-140502,Erin Creighton,106,1108
North,EC-140503,Erin Creighton,120,1092
North,ED-138852,Emily Ducich,227,944
North,ED-138853,Emily Ducich,1612,260
North,EG-139002,Emily Grady,3740,41
North,EG-139003,Emily Grady,1355,321
North,EH-137652,Edward Hooks,621,616
North,EH-137653,Edward Hooks,31,1250
North,EH-139452,Eric Hoffmann,1795,212
North,EH-139453,Eric Hoffmann,1753,223
North,EH-139903,Erica Hackney,6,1283
North,EH-140052,Erica Hernandez,2554,108
North,EH-141252,Eugene Hildebrand,641,608
North,EH-141852,Evan Henry,197,972
North,EH-141853,Evan Henry,218,952
North,EJ-137202,Ed Jacobs,182,994
North,EJ-137203,Ed Jacobs,476,722
North,EJ-141552,Eva Jacobs,283,874
North,EJ-141553,Eva Jacobs,991,438
North,EK-137952,Eileen Kiefer,385,786
North,EK-137953,Eileen Kiefer,413,760
North,EL-137352,Ed Ludwig,1416,301
North,EL-137353,Ed Ludwig,1379,313
North,EM-138102,Eleni McCrary,14,1276
North,EM-138103,Eleni McCrary,221,951
North,EM-138252,Elizabeth Moffitt,283,875
North,EM-139602,Eric Murdock,4822,17
North,EM-139603,Eric Murdock,4201,24
North,EM-140653,Erin Mull,1318,333
North,EM-140952,Eudokia Martin,2674,101
North,EM-140953,Eudokia Martin,1238,360
North,EM-141402,Eugene Moren,286,869
North,EM-141403,Eugene Moren,145,1058
North,EM-142002,Evan Minnotte,2252,138
North,EM-142003,Evan Minnotte,4884,15
North,EN-137803,Edward Nazzal,73,1166
North,EP-139153,Emily Phan,1686,243
North,ER-138552,Elpida Rittenbach,835,509
North,ES-140202,Erica Smith,107,1106
North,ES-140203,Erica Smith,42,1222
North,ES-140802,Erin Smith,202,970
North,ES-140803,Erin Smith,315,839
North,FA-142302,Frank Atkinson,1323,327
North,FA-142303,Frank Atkinson,486,716
North,FC-142452,Frank Carlisle,699,579
North,FC-143352,Fred Chung,225,948
North,FC-143353,Fred Chung,172,1008
North,FH-142752,Frank Hawley,1879,189
North,FH-142753,Frank Hawley,348,816
North,FH-143502,Fred Harton,1747,226
North,FH-143503,Fred Harton,551,670
North,FH-143652,Fred Hopkins,243,924
North,FH-143653,Fred Hopkins,10879,1
North,FM-142153,Filia McAdams,272,884
North,FM-142902,Frank Merwin,89,1138
North,FM-142903,Frank Merwin,554,666
North,FM-143802,Fred McMath,119,1094
North,FO-143053,Frank Olsen,228,941
North,FP-143202,Frank Preis,600,631
North,FP-143203,Frank Preis,264,896
North,FW-143953,Fred Wasserman,617,620
North,GA-145153,George Ashbrook,282,878
North,GA-147253,Guy Armstrong,109,1102
North,GB-145302,George Bell,710,570
North,GB-145753,Giulietta Baptist,728,561
North,GD-145902,Giulietta Dortch,1707,236
North,GD-145903,Giulietta Dortch,3025,73
North,GG-146502,Greg Guthrie,206,963
North,GG-146503,Greg Guthrie,361,805
North,GH-144102,Gary Hansen,543,674
North,GH-144103,Gary Hansen,1088,406
North,GH-144252,Gary Hwang,231,939
North,GH-144253,Gary Hwang,1075,413
North,GH-144852,Gene Hale,3337,54
North,GH-144853,Gene Hale,836,507
North,GH-146652,Greg Hansen,1358,318
North,GH-146653,Greg Hansen,64,1181
North,GK-146202,Grace Kelly,779,534
North,GM-144402,Gary McGarr,403,769
North,GM-144403,Gary McGarr,99,1120
North,GM-144552,Gary Mitchum,905,478
North,GM-145002,Gene McClure,60,1192
North,GM-145003,Gene McClure,184,992
North,GM-146802,Greg Matthias,386,784
North,GM-146803,Greg Matthias,130,1077
North,GM-146952,Greg Maxwell,2321,127
North,GP-147402,Guy Phonely,2339,124
North,GP-147403,Guy Phonely,226,945
North,GR-145602,Georgia Rosenberg,1241,357
North,GR-145603,Georgia Rosenberg,973,447
North,GT-146352,Grant Thornton,1602,265
North,GT-146353,Grant Thornton,61,1187
North,GT-147102,Greg Tran,7251,4
North,GT-147103,Greg Tran,782,531
North,GT-147552,Guy Thornton,786,528
North,GT-147553,Guy Thornton,1322,330
North,GW-146052,Giulietta Weimer,515,693
North,GZ-144703,Gary Zandusky,1269,348
North,GZ-145453,George Zrebassa,2097,162
North,HA-149053,Helen Abelman,1315,334
North,HA-149203,Helen Andreada,397,773
North,HD-147852,Harold Dahlen,343,818
North,HD-147853,Harold Dahlen,38,1232
North,HE-148002,Harold Engle,1680,244
North,HE-148003,Harold Engle,1725,232
North,HF-149952,Herbert Flentye,2099,160
North,HF-149953,Herbert Flentye,187,988
North,HG-149652,Henry Goldwyn,62,1185
North,HG-150252,Hunter Glantz,161,1032
North,HG-150253,Hunter Glantz,88,1142
North,HH-150102,Hilary Holden,2282,134
North,HH-150103,Hilary Holden,656,603
North,HJ-148752,Heather Jas,50,1208
North,HJ-148753,Heather Jas,123,1084
North,HK-148902,Heather Kirkland,156,1039
North,HL-150402,Hunter Lopez,233,936
North,HM-148602,Harry Marie,4011,32
North,HM-148603,Harry Marie,196,974
North,HM-149802,Henry MacAllister,1806,211
North,HP-148152,Harold Pawlan,149,1050
North,HP-148153,Harold Pawlan,1366,317
North,HR-147702,Hallie Redmond,2726,94
North,HR-147703,Hallie Redmond,754,545
North,HR-148302,Harold Ryan,73,1167
North,HR-148303,Harold Ryan,133,1073
North,HW-149352,Helen Wasserman,1593,266
North,HW-149353,Helen Wasserman,93,1133
North,HZ-149502,Henia Zydlo,81,1154
North,HZ-149503,Henia Zydlo,571,647
North,IG-150852,Ivan Gibson,248,918
North,IG-150853,Ivan Gibson,42,1223
North,IL-151002,Ivan Liston,315,840
North,IL-151003,Ivan Liston,2667,102
North,IM-150553,Ionia McGrath,486,717
North,IM-150702,Irene Maddox,1071,415
North,IM-150703,Irene Maddox,1150,387
North,JA-159702,Joseph Airdo,2945,79
North,JB-154002,Jennifer Braxton,1823,204
North,JB-154003,Jennifer Braxton,109,1103
North,JB-159253,Joni Blumstein,1116,399
North,JB-160002,Joy Bell-,2508,114
North,JB-160003,Joy Bell-,251,914
North,JB-160452,Julia Barnett,129,1079
North,JB-160453,Julia Barnett,17,1272
North,JC-153402,Jasper Cacioppo,1825,202
North,JC-153403,Jasper Cacioppo,262,899
North,JC-153852,Jenna Caffey,2290,131
North,JC-153853,Jenna Caffey,917,473
North,JC-157752,John Castell,178,1002
North,JC-161052,Julie Creighton,1179,379
North,JC-161053,Julie Creighton,77,1159
North,JD-157902,John Dryer,963,456
North,JD-157903,John Dryer,969,451
North,JD-158952,Jonathan Doherty,122,1089
North,JD-158953,Jonathan Doherty,1066,417
North,JD-160152,Joy Daniels,105,1112
North,JD-160153,Joy Daniels,301,853
North,JD-160602,Julia Dunbar,89,1139
North,JD-160603,Julia Dunbar,48,1212
North,JD-161502,Justin Deggeller,1916,183
North,JD-161503,Justin Deggeller,1778,215
North,JE-154752,Jeremy Ellison,452,733
North,JE-154753,Jeremy Ellison,138,1066
North,JE-156103,Jim Epp,273,883
North,JE-157152,Joe Elijah,2424,121
North,JE-157153,Joe Elijah,106,1109
North,JE-157452,Joel Eaton,707,573
North,JE-161652,Justin Ellison,54,1198
North,JE-161653,Justin Ellison,182,995
North,JF-151903,Jamie Frazer,88,1143
North,JF-152952,Jason Fortune-,2689,100
North,JF-153552,Jay Fein,63,1182
North,JF-153553,Jay Fein,833,510
North,JF-154152,Jennifer Ferguson,2519,111
North,JF-154153,Jennifer Ferguson,123,1085
North,JF-154902,Jeremy Farry,1582,268
North,JF-154903,Jeremy Farry,963,457
North,JF-155652,Jill Fjeld,3021,74
North,JF-155653,Jill Fjeld,643,607
North,JG-151152,Jack Garza,741,553
North,JG-151153,Jack Garza,3494,48
North,JG-151602,James Galang,8023,2
North,JG-151603,James Galang,1749,225
North,JG-153102,Jason Gross,601,630
North,JG-153103,Jason Gross,16,1274
North,JG-158052,John Grady,2730,93
North,JG-158053,John Grady,522,686
North,JH-154303,Jennifer Halladay,3180,62
North,JH-158202,John Huston,794,524
North,JH-158203,John Huston,152,1045
North,JH-159102,Jonathan Howell,578,643
North,JH-159103,Jonathan Howell,842,505
North,JH-159853,Joseph Holt,452,734
North,JH-161802,Justin Hirsh,34,1240
North,JH-161803,Justin Hirsh,617,621
North,JJ-154452,Jennifer Jackson,503,704
North,JJ-154453,Jennifer Jackson,608,626
North,JJ-157602,Joel Jenkins,1055,424
North,JJ-157603,Joel Jenkins,519,690
North,JK-152053,Jamie Kunitz,1417,300
North,JK-153253,Jason Klamczynski,1670,247
North,JK-153703,Jay Kimmel,3161,64
North,JK-156252,Jim Karlsson,292,864
North,JK-156253,Jim Karlsson,354,810
North,JK-156403,Jim Kriz,182,996
North,JK-157302,Joe Kamberova,383,789
North,JK-157303,Joe Kamberova,1244,353
North,JK-160902,Juliana Krohn,488,714
North,JK-160903,Juliana Krohn,2904,80
North,JK-161202,Julie Kriz,25,1262
North,JK-161203,Julie Kriz,921,469
North,JL-151303,Jack Lebron,259,905
North,JL-151752,James Lanier,1207,369
North,JL-151753,James Lanier,179,999
North,JL-152352,Janet Lee,224,949
North,JL-152353,Janet Lee,48,1213
North,JL-155053,Jeremy Lonsdale,2783,90
North,JL-158502,John Lucas,539,677
North,JL-158503,John Lucas,269,887
North,JM-152502,Janet Martin,155,1040
North,JM-152503,Janet Martin,529,684
North,JM-152653,Janet Molinari,1524,279
North,JM-155802,Jill Matthias,209,958
North,JM-155803,Jill Matthias,2125,159
North,JM-156552,Jim Mitchum,535,680
North,JM-156553,Jim Mitchum,1202,371
North,JM-158652,John Murray,1449,295
North,JM-158653,John Murray,2580,105
North,JM-161953,Justin MacKendrick,874,490
North,JO-151452,Jack O'Briant,84,1151
North,JO-151453,Jack O'Briant,271,885
North,JO-152802,Jas O'Carroll,886,483
North,JO-152803,Jas O'Carroll,265,894
North,JO-155502,Jesus Ocampo,666,597
North,JO-155503,Jesus Ocampo,907,476
North,JP-154602,Jennifer Patt,38,1233
North,JP-154603,Jennifer Patt,1331,325
North,JP-155202,Jeremy Pistek,969,452
North,JP-155203,Jeremy Pistek,162,1031
North,JP-161352,Julie Prescott,589,636
North,JP-161353,Julie Prescott,692,584
North,JR-156702,Jim Radford,436,742
North,JR-156703,Jim Radford,96,1128
North,JR-157002,Jocasta Rupert,20,1269
North,JR-157003,Jocasta Rupert,89,1140
North,JR-162102,Justin Ritter,1283,344
North,JS-156852,Jim Sink,854,499
North,JS-156853,Jim Sink,186,989
North,JS-158802,John Stevenson,562,657
North,JS-158803,John Stevenson,561,660
North,JS-160302,Joy Smith,327,828
North,JS-160303,Joy Smith,1489,286
North,JW-152202,Jane Waco,32,1247
North,JW-159552,Joni Wasserman,902,479
North,JW-159553,Joni Wasserman,90,1137
North,JW-160753,Julia West,2660,103
North,KA-165253,Kelly Andreada,1727,231
North,KB-162402,Karen Bern,58,1196
North,KB-162403,Karen Bern,172,1009
North,KB-163152,Karl Braun,172,1010
North,KB-164052,Katrina Bavinger,1785,214
North,KB-164053,Katrina Bavinger,191,982
North,KB-165853,Ken Black,523,685
North,KB-166002,Ken Brennan,335,825
North,KB-166003,Ken Brennan,292,865
North,KC-162553,Karen Carlisle,283,876
North,KC-165402,Kelly Collister,98,1122
North,KC-165403,Kelly Collister,141,1063
North,KC-166752,Kimberly Carter,2219,141
North,KC-166753,Kimberly Carter,693,583
North,KD-162702,Karen Daniels,73,1168
North,KD-163452,Katherine Ducich,921,470
North,KD-164952,Keith Dawkins,954,459
North,KD-164953,Keith Dawkins,566,654
North,KD-166152,Ken Dana,561,661
North,KD-166153,Ken Dana,899,480
North,KE-164203,Katrina Edelman,43,1220
North,KF-162852,Karen Ferguson,738,555
North,KH-163302,Katharine Harms,1232,362
North,KH-163602,Katherine Hughes,117,1098
North,KH-163603,Katherine Hughes,261,900
North,KH-165102,Keith Herrera,87,1144
North,KH-165103,Keith Herrera,61,1188
North,KH-166302,Ken Heidel,138,1067
North,KH-166303,Ken Heidel,1533,276
North,KH-166902,Kristen Hastings,1521,280
North,KH-166903,Kristen Hastings,690,585
North,KL-165552,Kelly Lampkin,712,569
North,KL-165553,Kelly Lampkin,627,614
North,KL-166452,Ken Lonsdale,1820,205
North,KL-166453,Ken Lonsdale,364,802
North,KM-162252,Kalyca Meade,189,985
North,KM-162253,Kalyca Meade,164,1027
North,KM-163753,Katherine Murray,974,445
North,KM-166603,Khloe Miller,844,502
North,KM-167202,Kunst Miller,367,799
North,KN-163902,Katherine Nockton,4672,19
North,KN-163903,Katherine Nockton,14,1277
North,KN-164502,Kean Nguyen,26,1260
North,KN-164503,Kean Nguyen,3005,75
North,KN-167053,Kristina Nunn,245,920
North,KS-163002,Karen Seio,531,682
North,KS-163003,Karen Seio,61,1189
North,KT-164652,Kean Takahito,362,804
North,KT-164803,Kean Thornton,170,1015
North,KW-164352,Katrina Willman,3376,51
North,KW-164353,Katrina Willman,707,574
North,KW-165702,Kelly Williams,589,637
North,KW-165703,Kelly Williams,59,1195
North,LB-167352,Larry Blacks,802,522
North,LB-167353,Larry Blacks,608,627
North,LB-167952,Laurel Beltran,6929,5
North,LB-167953,Laurel Beltran,368,798
North,LC-168853,Lena Creighton,2295,129
North,LC-169302,Linda Cazamias,256,907
North,LC-169603,Lindsay Castell,91,1134
North,LC-170502,Liz Carlisle,294,861
North,LC-170503,Liz Carlisle,242,925
North,LC-171402,Logan Currie,1357,319
North,LC-171403,Logan Currie,573,645
North,LD-168552,Lela Donovan,3274,57
North,LD-168553,Lela Donovan,1472,290
North,LD-170052,Lisa DeCherney,158,1035
North,LD-170053,Lisa DeCherney,1661,249
North,LE-168103,Laurel Elliston,521,687
North,LF-171852,Luke Foster,2014,174
North,LH-167503,Larry Hughes,1178,380
North,LH-169002,Lena Hernandez,47,1217
North,LH-169003,Lena Hernandez,965,454
North,LH-170203,Lisa Hazard,587,640
North,LH-171552,Logan Haushalter,153,1043
North,LH-171553,Logan Haushalter,32,1248
North,LL-168402,Lauren Leatherbury,628,613
North,LL-168403,Lauren Leatherbury,495,711
North,LO-171702,Lori Olson,1174,382
North,LO-171703,Lori Olson,1045,426
North,LP-170802,Liz Pelletier,261,901
North,LP-170803,Liz Pelletier,1486,288
North,LP-170952,Liz Preis,906,477
North,LP-170953,Liz Preis,8,1282
North,LR-169152,Lena Radford,4915,14
North,LR-169153,Lena Radford,241,928
North,LS-169452,Linda Southworth,146,1056
North,LS-169453,Linda Southworth,123,1086
North,LS-169752,Lindsay Shagiari,106,1110
North,LS-169753,Lindsay Shagiari,704,576
North,LS-172003,Luke Schmidt,48,1214
North,LS-172302,Lycoris Saunders,143,1061
North,LS-172303,Lycoris Saunders,736,557
North,LS-172452,Lynn Smith,96,1129
North,LS-172453,Lynn Smith,3261,58
North,LT-167652,Larry Tron,730,560
North,LT-167653,Larry Tron,549,672
North,LT-171103,Liz Thompson,920,471
North,LW-168252,Laurel Workman,2199,146
North,LW-171252,Liz Willingham,539,678
North,LW-172153,Luke Weiss,260,903
North,MA-175602,Matt Abelman,1424,298
North,MA-175603,Matt Abelman,768,540
North,MA-179952,Michelle Arnett,51,1204
North,MA-179953,Michelle Arnett,425,750
North,MB-173052,Maria Bertelson,620,618
North,MB-173053,Maria Bertelson,2504,115
North,MB-180852,Mick Brown,407,768
North,MB-180853,Mick Brown,3572,47
North,MC-172753,Marc Crier,1542,273
North,MC-174253,Mark Cousins,2194,147
North,MC-175752,Matt Collins,250,917
North,MC-175753,Matt Collins,477,721
North,MC-175902,Matt Collister,330,827
North,MC-175903,Matt Collister,442,739
North,MC-176052,Matt Connell,1271,346
North,MC-176053,Matt Connell,1407,305
North,MC-176352,Matthew Clasen,646,606
North,MC-176353,Matthew Clasen,3700,43
North,MC-178453,Michael Chen,135,1072
North,MC-181003,Mick Crebagga,1138,390
North,MC-181302,Mike Caudle,1768,220
North,MC-181303,Mike Caudle,625,615
North,MD-173502,Maribeth Dona,676,591
North,MD-173503,Maribeth Dona,2851,84
North,MD-178602,Michael Dominguez,472,725
North,MD-178603,Michael Dominguez,586,641
North,ME-173202,Maria Etezadi,879,488
North,ME-177253,Max Engle,377,793
North,ME-180102,Michelle Ellison,301,854
North,ME-180103,Michelle Ellison,672,595
North,MF-176652,Maureen Fritzler,1810,209
North,MF-176653,Maureen Fritzler,86,1149
North,MF-182502,Monica Federle,1816,206
North,MF-182503,Monica Federle,366,801
North,MG-176502,Matthew Grinstein,327,829
North,MG-176953,Maureen Gnade,723,565
North,MG-178752,Michael Grace,2177,150
North,MG-178753,Michael Grace,1083,408
North,MG-178902,Michael Granlund,1433,297
North,MG-178903,Michael Granlund,33,1243
North,MG-181452,Mike Gockenbach,5964,7
North,MG-181453,Mike Gockenbach,50,1209
North,MG-182052,Mitch Gastineau,786,529
North,MG-182053,Mitch Gastineau,283,877
North,MH-172903,Marc Harrigan,2699,98
North,MH-174402,Mark Haberlin,409,766
North,MH-174403,Mark Haberlin,244,923
North,MH-174552,Mark Hamilton,123,1087
North,MH-174553,Mark Hamilton,121,1091
North,MH-176202,Matt Hagelstein,1082,410
North,MH-176203,Matt Hagelstein,2516,112
North,MH-177852,Maya Herman,1016,433
North,MH-177853,Maya Herman,706,575
North,MH-180253,Michelle Huthwaite,1691,241
North,MJ-177402,Max Jones,461,730
North,MJ-177403,Max Jones,367,800
North,MK-179052,Michael Kennedy,261,902
North,MK-179053,Michael Kennedy,103,1114
North,MK-181602,Mike Kennedy,872,492
North,MK-181603,Mike Kennedy,51,1205
North,ML-173953,Marina Lichtenstein,74,1164
North,ML-174103,Maris LaWare,882,484
North,ML-177552,Max Ludwig,159,1033
North,ML-177553,Max Ludwig,99,1121
North,ML-180402,Michelle Lonsdale,769,538
North,ML-182652,Muhammed Lee,228,942
North,ML-182653,Muhammed Lee,133,1074
North,MM-179202,Michael Moore,1775,217
North,MM-179203,Michael Moore,1133,393
North,MM-180552,Michelle Moray,680,588
North,MM-180553,Michelle Moray,1057,422
North,MM-182802,Muhammed MacIntyre,251,915
North,MM-182803,Muhammed MacIntyre,389,779
North,MN-179352,Michael Nguyen,1323,328
North,MO-175003,Mary O'Rourke,828,512
North,MO-178003,Meg O'Connel,54,1199
North,MO-179502,Michael Oakman,304,850
North,MO-179503,Michael Oakman,95,1131
North,MP-174702,Mark Packer,791,526
North,MP-174703,Mark Packer,106,1111
North,MP-179652,Michael Paige,298,859
North,MP-179653,Michael Paige,1216,365
North,MR-175453,Mathew Reese,1605,264
North,MS-173652,Maribeth Schnelling,678,589
North,MS-173653,Maribeth Schnelling,217,953
North,MS-175302,MaryBeth Skach,2561,107
North,MS-175303,MaryBeth Skach,553,668
North,MS-177102,Maurice Satty,2697,99
North,MS-177103,Maurice Satty,62,1186
North,MS-177702,Maxwell Schwartz,5695,10
North,MS-177703,Maxwell Schwartz,120,1093
North,MS-178302,Melanie Seite,1694,240
North,MS-178303,Melanie Seite,1121,397
North,MS-179802,Michael Stewart,233,937
North,MS-179803,Michael Stewart,54,1200
North,MT-178152,Meg Tillman,256,908
North,MT-178153,Meg Tillman,1192,376
North,MT-180702,Michelle Tran,1508,284
North,MT-180703,Michelle Tran,164,1028
North,MV-174853,Mark Van Huff,290,867
North,MV-181902,Mike Vittorini,153,1044
North,MV-181903,Mike Vittorini,148,1052
North,MW-182202,Mitch Webber,4201,25
North,MW-182203,Mitch Webber,408,767
North,MW-182352,Mitch Willingham,1147,389
North,MW-182353,Mitch Willingham,380,791
North,MY-173802,Maribeth Yedwab,1950,181
North,MY-173803,Maribeth Yedwab,589,638
North,MY-182952,Muhammed Yedwab,124,1080
North,MY-182953,Muhammed Yedwab,1356,320
North,MZ-173352,Maria Zettner,508,698
North,MZ-173353,Maria Zettner,459,731
North,MZ-175152,Mary Zewe,1519,282
North,MZ-175153,Mary Zewe,658,601
North,NB-185802,Nicole Brennan,70,1171
North,NB-185803,Nicole Brennan,157,1037
North,NC-183403,Nat Carroll,1008,434
North,NC-185352,Nick Crebassa,119,1095
North,NC-185353,Nick Crebassa,970,450
North,NC-186252,Noah Childs,144,1059
North,NC-186253,Noah Childs,478,720
North,ND-183702,Natalie DeCherney,2325,125
North,ND-183703,Natalie DeCherney,574,644
North,ND-184602,Neil Ducich,3200,61
North,ND-184603,Neil Ducich,913,475
North,NF-183852,Natalie Fritzler,2259,137
North,NF-183853,Natalie Fritzler,2638,104
North,NF-184752,Neil Französisch,340,821
North,NF-184753,Neil Französisch,436,743
North,NF-185952,Nicole Fjeld,573,646
North,NF-185953,Nicole Fjeld,2573,106
North,NG-183553,Nat Gilpin,1856,197
North,NG-184302,Nathan Gelder,2288,132
North,NG-184303,Nathan Gelder,2086,164
North,NK-184902,Neil Knudson,70,1172
North,NL-183102,Nancy Lomonaco,1482,289
North,NM-184452,Nathan Mautz,467,729
North,NM-184453,Nathan Mautz,790,527
North,NM-185203,Neoma Murray,1849,200
North,NP-183253,Naresj Patel,1815,207
North,NP-186702,Nora Paige,21,1268
North,NP-186703,Nora Paige,1860,196
North,NP-186852,Nora Pelletier,353,811
North,NP-186853,Nora Pelletier,1160,386
North,NP-187002,Nora Preis,155,1041
North,NP-187003,Nora Preis,207,961
North,NR-185502,Nick Radford,382,790
North,NR-185503,Nick Radford,724,564
North,NS-185052,Neola Schneider,1204,370
North,NS-185053,Neola Schneider,4295,23
North,NS-186402,Noel Staavos,946,462
North,NS-186403,Noel Staavos,1807,210
North,NW-184002,Natalie Webber,827,513
North,NW-184003,Natalie Webber,4014,31
North,NZ-185652,Nick Zandusky,1520,281
North,NZ-185653,Nick Zandusky,133,1075
North,ON-187152,Odella Nelson,1094,403
North,ON-187153,Odella Nelson,2762,92
North,OT-187302,Olvera Toch,1538,275
North,OT-187303,Olvera Toch,709,571
North,PA-190602,Pete Armstrong,728,562
North,PA-190603,Pete Armstrong,1231,363
North,PB-188052,Patrick Bzostek,311,844
North,PB-188053,Patrick Bzostek,170,1016
North,PB-191052,Peter Bühler,1004,435
North,PB-191053,Peter Bühler,60,1193
North,PB-191502,Philip Brown,314,841
North,PB-191503,Philip Brown,85,1150
North,PB-192102,Phillip Breyer,2540,110
North,PB-192103,Phillip Breyer,1137,392
North,PC-187453,Pamela Coakley,75,1161
North,PC-190002,Pauline Chand,1064,418
North,PC-190003,Pauline Chand,157,1038
North,PF-191202,Peter Fuller,26,1261
North,PF-191203,Peter Fuller,254,910
North,PF-191652,Philip Fox,736,558
North,PF-191653,Philip Fox,2183,149
North,PF-192252,Phillip Flathmann,295,860
North,PF-192253,Phillip Flathmann,2093,163
North,PG-188203,Patrick Gardner,1638,253
North,PG-188952,Paul Gonzalez,666,598
North,PG-188953,Paul Gonzalez,1881,187
North,PJ-188353,Patrick Jones,290,868
North,PJ-190152,Pauline Johnson,2955,78
North,PJ-190153,Pauline Johnson,753,546
North,PK-189103,Paul Knutson,1697,238
North,PK-190752,Pete Kriz,2878,82
North,PK-190753,Pete Kriz,136,1070
North,PL-189252,Paul Lucas,170,1017
North,PM-189402,Paul MacIntyre,1093,405
North,PM-189403,Paul MacIntyre,475,724
North,PM-191352,Peter McVee,980,442
North,PM-191353,Peter McVee,105,1113
North,PN-187753,Parhena Norris,1390,309
North,PO-188502,Patrick O'Brill,1384,310
North,PO-188503,Patrick O'Brill,3251,59
North,PO-188652,Patrick O'Donnell,4180,27
North,PO-188653,Patrick O'Donnell,1315,335
North,PO-191803,Philisse Overcash,1058,421
North,PO-191952,Phillina Ober,1529,277
North,PO-191953,Phillina Ober,51,1206
North,PR-188802,Patrick Ryan,1824,203
North,PR-188803,Patrick Ryan,2455,120
North,PS-187602,Pamela Stobb,781,533
North,PS-187603,Pamela Stobb,3126,66
North,PS-189702,Paul Stevenson,391,776
North,PS-189703,Paul Stevenson,1829,201
North,PS-190453,Penelope Sewall,150,1049
North,PT-190902,Pete Takahito,284,872
North,PT-190903,Pete Takahito,2099,161
North,PV-189852,Paul Van Hugh,31,1251
North,PV-189853,Paul Van Hugh,499,707
North,PW-190302,Pauline Webber,3129,65
North,PW-190303,Pauline Webber,1094,404
North,PW-192402,Pierre Wener,172,1011
North,PW-192403,Pierre Wener,421,754
North,QJ-192553,Quincy Jones,510,696
North,RA-192853,Ralph Arnett,437,741
North,RA-198852,Ruben Ausman,497,709
North,RA-198853,Ruben Ausman,976,444
North,RA-199152,Russell Applegate,726,563
North,RA-199153,Russell Applegate,1775,218
North,RA-199453,Ryan Akin,2260,136
North,RB-193302,Randy Bradley,1270,347
North,RB-193303,Randy Bradley,4417,22
North,RB-193602,Raymond Buch,32,1249
North,RB-193603,Raymond Buch,312,843
North,RB-194352,Richard Bierner,72,1169
North,RB-194353,Richard Bierner,1881,188
North,RB-194652,Rick Bensley,166,1022
North,RB-194653,Rick Bensley,180,998
North,RB-195702,Rob Beeghly,176,1003
North,RB-195703,Rob Beeghly,199,971
North,RB-196452,Robert Barroso,89,1141
North,RB-197052,Roger Barcio,37,1235
North,RB-197952,Ross Baird,674,593
North,RB-197953,Ross Baird,1728,229
North,RC-198252,Roy Collins,1736,228
North,RC-198253,Roy Collins,1080,412
North,RC-199602,Ryan Crowe,1041,428
North,RD-194802,Rick Duston,256,909
North,RD-194803,Rick Duston,1862,195
North,RD-195852,Rob Dowd,2323,126
North,RD-195853,Rob Dowd,87,1145
North,RD-196602,Robert Dilbeck,27,1258
North,RD-196603,Robert Dilbeck,469,727
North,RD-197202,Roger Demir,1068,416
North,RD-197203,Roger Demir,87,1146
North,RD-198102,Ross DeVincentis,434,744
North,RD-198103,Ross DeVincentis,844,503
North,RD-199003,Ruben Dartt,1291,341
North,RD-199303,Russell D'Ascenzo,207,962
North,RE-194052,Ricardo Emerson,1122,396
North,RE-194053,Ricardo Emerson,799,523
North,RF-193453,Randy Ferguson,738,556
North,RF-197352,Roland Fjeld,966,453
North,RF-197353,Roland Fjeld,778,535
North,RF-198402,Roy Französisch,389,780
North,RF-198403,Roy Französisch,398,772
North,RH-194953,Rick Hansen,124,1081
North,RH-195102,Rick Huthwaite,814,516
North,RH-195103,Rick Huthwaite,1367,316
North,RH-195552,Ritsa Hightower,874,491
North,RH-195553,Ritsa Hightower,410,765
North,RH-196002,Rob Haberlin,36,1237
North,RH-196003,Rob Haberlin,137,1069
North,RK-193002,Ralph Kennedy,49,1211
North,RK-193003,Ralph Kennedy,2165,151
North,RL-196152,Rob Lucas,197,973
North,RL-196153,Rob Lucas,809,519
North,RM-193752,Raymond Messe,1674,245
North,RM-196752,Robert Marley,1423,299
North,RM-197503,Roland Murray,217,954
North,RO-197802,Rose O'Brian,385,787
North,RO-197803,Rose O'Brian,336,824
North,RP-192702,Rachel Payne,2806,88
North,RP-192703,Rachel Payne,34,1241
North,RP-193902,Resi Pölking,890,481
North,RP-193903,Resi Pölking,552,669
North,RP-198552,Roy Phan,810,518
North,RP-198553,Roy Phan,489,713
North,RR-193153,Ralph Ritter,94,1132
North,RR-195252,Rick Reed,412,762
North,RR-195253,Rick Reed,183,993
North,RS-194202,Ricardo Sperren,1272,345
North,RS-194203,Ricardo Sperren,1396,306
North,RS-197652,Roland Schwarz,855,497
North,RS-197653,Roland Schwarz,983,441
North,RS-198702,Roy Skaria,521,688
North,RS-198703,Roy Skaria,97,1125
North,RW-195402,Rick Wilson,1868,193
North,RW-195403,Rick Wilson,695,581
North,RW-196302,Rob Williams,60,1194
North,RW-196303,Rob Williams,513,695
North,RW-196902,Robert Waldorf,179,1000
North,RW-196903,Robert Waldorf,448,737
North,SA-208302,Sue Ann Reed,3081,70
North,SA-208303,Sue Ann Reed,3825,39
North,SB-201852,Sarah Brown,973,448
North,SB-202902,Sean Braxton,933,465
North,SB-202903,Sean Braxton,416,758
North,SC-200202,Sam Craven,717,567
North,SC-200203,Sam Craven,508,699
North,SC-200502,Sample Company A,1308,338
North,SC-200503,Sample Company A,27,1259
North,SC-200952,Sanjit Chand,1328,326
North,SC-202302,Scot Coram,1320,331
North,SC-202303,Scot Coram,2153,154
North,SC-202602,Scott Cohen,1382,312
North,SC-202603,Scott Cohen,1166,383
North,SC-203052,Sean Christensen,117,1099
North,SC-203053,Sean Christensen,14,1278
North,SC-203802,Shahid Collister,485,718
North,SC-203803,Shahid Collister,309,845
North,SC-204402,Shaun Chance,384,788
North,SC-204403,Shaun Chance,3306,56
North,SC-205752,Sonia Cooley,501,706
North,SC-205753,Sonia Cooley,1873,190
North,SC-206803,Steve Carroll,1074,414
North,SC-206952,Steve Chapman,881,485
North,SC-206953,Steve Chapman,169,1018
North,SC-207252,Steven Cartwright,41,1229
North,SC-207253,Steven Cartwright,1086,407
North,SC-207702,Stewart Carmichael,879,489
North,SC-207703,Stewart Carmichael,1760,222
North,SC-208002,Stuart Calhoun,75,1162
North,SC-208003,Stuart Calhoun,237,933
North,SC-208453,Sung Chung,2060,168
North,SD-204852,Shirley Daniels,2148,156
North,SD-204853,Shirley Daniels,1215,367
North,SE-201102,Sanjit Engle,81,1155
North,SE-201103,Sanjit Engle,3578,46
North,SF-200652,Sandra Flanagan,2152,155
North,SF-200653,Sandra Flanagan,179,1001
North,SF-202002,Sarah Foster,1540,274
North,SF-209652,Sylvia Foulston,568,652
North,SG-200803,Sandra Glassco,168,1019
North,SG-204702,Sheri Gordon,195,978
North,SG-204703,Sheri Gordon,554,667
North,SG-206053,Speros Goranitis,2218,142
North,SG-208902,Susan Gilcrest,3652,44
North,SG-208903,Susan Gilcrest,87,1147
North,SH-199752,Sally Hughsby,327,830
North,SH-199753,Sally Hughsby,824,515
North,SH-203953,Shahid Hopkins,1061,419
North,SH-206352,Stefanie Holloman,1663,248
North,SH-206353,Stefanie Holloman,751,547
North,SJ-201252,Sanjit Jacobs,925,467
North,SJ-201253,Sanjit Jacobs,1375,314
North,SJ-202152,Sarah Jordon,1557,270
North,SJ-202153,Sarah Jordon,4195,26
North,SJ-205003,Shirley Jackson,54,1201
North,SK-199903,Sally Knutson,2812,86
North,SL-201552,Sara Luxemburg,155,1042
North,SL-201553,Sara Luxemburg,1454,294
North,SM-200052,Sally Matthias,459,732
North,SM-200053,Sally Matthias,74,1165
North,SM-203202,Sean Miller,2002,176
North,SM-203203,Sean Miller,25,1263
North,SM-209053,Susan MacKendrick,149,1051
North,SM-209502,Suzanne McNair,621,617
North,SM-209503,Suzanne McNair,1775,219
North,SN-205602,Skye Norling,1252,352
North,SN-205603,Skye Norling,635,609
North,SN-207102,Steve Nguyen,2200,145
North,SN-207103,Steve Nguyen,131,1076
North,SO-203352,Sean O'Donnell,1119,398
North,SO-203353,Sean O'Donnell,1550,272
North,SP-205452,Sibella Parks,208,960
North,SP-205453,Sibella Parks,567,653
North,SP-206202,Stefania Perrino,1138,391
North,SP-206203,Stefania Perrino,159,1034
North,SP-206502,Stephanie Phelps,242,926
North,SP-206503,Stephanie Phelps,1164,384
North,SP-208602,Sung Pak,204,967
North,SP-208603,Sung Pak,1469,292
North,SP-209202,Susan Pistek,194,980
North,SP-209203,Susan Pistek,29,1255
North,SR-204252,Sharelle Roach,1554,271
North,SR-207402,Steven Roelle,1851,199
North,SR-207403,Steven Roelle,590,635
North,SS-201403,Saphhira Shifley,1081,411
North,SS-204103,Shahid Shariari,211,956
North,SS-205152,Shirley Schmidt,618,619
North,SS-205153,Shirley Schmidt,230,940
North,SS-205902,Sonia Sunley,2977,76
North,SS-208753,Sung Shariari,188,987
North,ST-205302,Shui Tom,235,935
North,ST-205303,Shui Tom,389,781
North,SU-206652,Stephanie Ulpright,122,1090
North,SV-203652,Seth Vernon,673,594
North,SV-203653,Seth Vernon,676,592
North,SV-207852,Stewart Visinsky,433,745
North,SV-207853,Stewart Visinsky,541,676
North,SV-208152,Stuart Van,65,1177
North,SV-208153,Stuart Van,1195,374
North,SV-209352,Susan Vittorini,2134,158
North,SV-209353,Susan Vittorini,1621,257
North,SW-202452,Scot Wooten,1611,261
North,SW-202453,Scot Wooten,598,632
North,SW-202752,Scott Williamson,1148,388
North,SW-202753,Scott Williamson,293,862
North,SW-203502,Sean Wendt,1115,400
North,SW-204552,Shaun Weien,276,880
North,SW-204553,Shaun Weien,66,1176
North,SW-207552,Steven Ward,829,511
North,SW-207553,Steven Ward,1811,208
North,SZ-200353,Sam Zeldin,427,749
North,TA-213852,Tom Ashbrook,30,1253
North,TA-213853,Tom Ashbrook,3738,42
North,TB-210552,Ted Butterfield,854,500
North,TB-210553,Ted Butterfield,115,1100
North,TB-211752,Thomas Boland,147,1053
North,TB-211753,Thomas Boland,940,463
North,TB-211902,Thomas Brumley,22,1266
North,TB-211903,Thomas Brumley,428,748
North,TB-212503,Tim Brockman,386,785
North,TB-212802,Toby Braunhardt,999,436
North,TB-212803,Toby Braunhardt,144,1060
North,TB-213552,Todd Boyes,774,536
North,TB-213553,Todd Boyes,1193,375
North,TB-214002,Tom Boeckenhauer,649,605
North,TB-214003,Tom Boeckenhauer,413,761
North,TB-215202,Tracy Blumstein,119,1096
North,TB-215203,Tracy Blumstein,488,715
North,TB-215953,Troy Blackwell,1244,354
North,TB-216252,Trudy Brown,867,494
North,TB-216253,Trudy Brown,2193,148
North,TC-209802,Tamara Chand,214,955
North,TC-209803,Tamara Chand,36,1238
North,TC-211453,Theresa Coyne,5734,9
North,TC-212952,Toby Carlisle,519,691
North,TC-212953,Toby Carlisle,51,1207
North,TC-214753,Tony Chapman,560,664
North,TC-215353,Tracy Collins,584,642
North,TD-209952,Tamara Dahlen,35,1239
North,TD-209953,Tamara Dahlen,476,723
North,TG-213102,Toby Gnade,146,1057
North,TG-213103,Toby Gnade,953,460
North,TG-216402,Trudy Glocke,1463,293
North,TG-216403,Trudy Glocke,665,599
North,TH-211003,Thea Hendricks,174,1006
North,TH-211153,Thea Hudgings,510,697
North,TH-212352,Tiffany House,301,855
North,TH-212353,Tiffany House,196,975
North,TH-215502,Tracy Hopkins,1415,302
North,TH-215503,Tracy Hopkins,141,1064
North,TM-210102,Tamara Manning,1263,350
North,TM-210103,Tamara Manning,924,468
North,TM-214902,Tony Molinari,276,881
North,TM-214903,Tony Molinari,124,1082
North,TN-210402,Tanja Norvell,266,891
North,TN-210403,Tanja Norvell,1633,254
North,TP-211302,Theone Pippenger,857,496
North,TP-211303,Theone Pippenger,3915,36
North,TP-214152,Tom Prescott,97,1126
North,TP-214153,Tom Prescott,749,548
North,TP-215652,Tracy Poddar,1323,329
North,TP-215653,Tracy Poddar,1872,192
North,TR-213252,Toby Ritter,67,1175
North,TS-211603,Theresa Swint,348,817
North,TS-212052,Thomas Seio,504,702
North,TS-212053,Thomas Seio,880,487
North,TS-213402,Toby Swindell,836,508
North,TS-213403,Toby Swindell,2154,153
North,TS-213702,Todd Sumrall,2291,130
North,TS-215053,Tony Sayre,13,1280
North,TS-216102,Troy Staebel,1728,230
North,TS-216103,Troy Staebel,1211,368
North,TS-216552,Trudy Schmidt,2385,122
North,TT-210702,Ted Trevino,533,681
North,TT-210703,Ted Trevino,263,898
North,TT-212202,Thomas Thornton,1789,213
North,TT-212652,Tim Taslimi,251,916
North,TT-212653,Tim Taslimi,84,1152
North,TT-214602,Tonja Turnell,356,808
North,TT-214603,Tonja Turnell,33,1244
North,TW-210252,Tamara Willingham,1752,224
North,TW-210253,Tamara Willingham,521,689
North,TZ-214452,Tom Zandusky,1242,356
North,TZ-214453,Tom Zandusky,1657,250
North,TZ-215802,Tracy Zic,2478,118
North,TZ-215803,Tracy Zic,174,1007
North,VB-217452,Victoria Brennan,265,895
North,VD-216702,Valerie Dominguez,1957,180
North,VD-216703,Valerie Dominguez,142,1062
North,VF-217153,Vicky Freymann,2229,140
North,VG-217902,Vivek Gonzalez,28,1257
North,VG-217903,Vivek Gonzalez,1083,409
North,VG-218052,Vivek Grady,87,1148
North,VG-218053,Vivek Grady,1710,235
North,VM-216853,Valerie Mitchum,1854,198
North,VM-218352,Vivian Mathis,418,757
North,VP-217302,Victor Preis,562,658
North,VP-217303,Victor Preis,1968,179
North,VP-217602,Victoria Pisteka,1866,194
North,VP-217603,Victoria Pisteka,1184,378
North,VS-218202,Vivek Sundaresam,335,826
North,VS-218203,Vivek Sundaresam,22,1267
North,VW-217752,Victoria Wilson,551,671
North,VW-217753,Victoria Wilson,594,633
North,WB-218502,William Brown,502,705
North,WB-218503,William Brown,562,659
North,XP-218652,Xylona Preis,682,587
North,XP-218653,Xylona Preis,11,1281
North,YC-218952,Yoseph Carroll,2862,83
North,YC-218953,Yoseph Carroll,61,1190
North,YS-218802,Yana Sorensen,704,577
North,YS-218803,Yana Sorensen,196,976
North,ZC-219102,Zuschuss Carroll,570,649
North,ZC-219103,Zuschuss Carroll,364,803
North,ZD-219252,Zuschuss Donatelli,270,886
North,ZD-219253,Zuschuss Donatelli,678,590
North Asia,AA-106451,Anna Andreadi,149,514
North Asia,AB-100151,Aaron Bergman,1167,253
North Asia,AB-100601,Adam Bellavance,335,431
North Asia,AB-101501,Aimee Bixby,251,454
North Asia,AB-102551,Alejandro Ballentine,641,349
North Asia,AB-106001,Ann Blume,76,564
North Asia,AC-104201,Alyssa Crouse,3037,80
North Asia,AC-106151,Ann Chong,2182,132
North Asia,AC-106601,Anna Chung,587,366
North Asia,AD-101801,Alan Dominguez,1398,216
North Asia,AF-108701,Art Ferguson,2397,117
North Asia,AF-108851,Art Foster,214,473
North Asia,AG-102701,Alejandro Grove,3495,63
North Asia,AG-103001,Aleksandra Gannaway,1021,272
North Asia,AG-103301,Alex Grayson,42,588
North Asia,AG-104951,Andrew Gjertsen,2675,97
North Asia,AG-107651,Anthony Garverick,97,549
North Asia,AH-100301,Aaron Hawkins,2530,107
North Asia,AH-100751,Adam Hart,151,512
North Asia,AH-101201,Adrian Hane,336,428
North Asia,AH-102101,Alan Hwang,1086,267
North Asia,AH-104651,Amy Hunt,47,580
North Asia,AH-105851,Angele Hood,626,358
North Asia,AH-106901,Anna Häberlin,1177,252
North Asia,AJ-107801,Anthony Jacobs,241,456
North Asia,AJ-107951,Anthony Johnson,217,472
North Asia,AJ-109451,Ashley Jarboe,151,513
North Asia,AM-103601,Alice McCarthy,199,483
North Asia,AM-107051,Anne McFarland,158,508
North Asia,AO-108101,Anthony O'Donnell,200,482
North Asia,AP-107201,Anne Pryor,2411,116
North Asia,AP-109151,Arthur Prichep,5190,22
North Asia,AR-103451,Alex Russell,588,365
North Asia,AR-104051,Allen Rosenblatt,886,293
North Asia,AR-105101,Andrew Roberts,3809,51
North Asia,AR-105401,Andy Reiter,141,524
North Asia,AS-100901,Adam Shillingsburg,544,373
North Asia,AS-101351,Adrian Shami,927,287
North Asia,AS-102251,Alan Schoenberger,3835,50
North Asia,AS-102851,Alejandro Savely,2742,92
North Asia,AS-106301,Ann Steele,104,542
North Asia,AT-104351,Alyssa Tate,55,575
North Asia,AT-107351,Annie Thurman,334,433
North Asia,AW-108401,Anthony Witt,3077,78
North Asia,AW-109301,Arthur Wiediger,1382,219
North Asia,AY-105551,Andy Yotov,228,467
North Asia,AZ-107501,Annie Zypern,229,465
North Asia,BD-113201,Bill Donatelli,2457,112
North Asia,BD-115001,Bradley Drucker,27,603
North Asia,BD-116201,Brian DeCherney,229,466
North Asia,BD-117701,Bryan Davis,1799,166
North Asia,BE-113351,Bill Eplett,5393,20
North Asia,BE-114101,Bobby Elias,1518,198
North Asia,BE-114551,Brad Eason,751,330
North Asia,BF-109751,Barbara Fisher,1888,157
North Asia,BF-110051,Barry Franz,842,303
North Asia,BF-110801,Bart Folk,31,597
North Asia,BF-111701,Ben Ferrer,5568,18
North Asia,BF-112151,Benjamin Farhat,1040,270
North Asia,BG-110351,Barry Gonzalez,2453,113
North Asia,BG-116951,Brooke Gillingham,173,498
North Asia,BG-117401,Bruce Geld,754,329
North Asia,BK-112601,Berenike Kampe,829,307
North Asia,BM-111401,Becky Martin,646,347
North Asia,BM-115751,Brendan Murry,3292,72
North Asia,BM-116501,Brian Moss,86,559
North Asia,BM-117851,Bryan Mills,3648,59
North Asia,BN-114701,Brad Norvell,7074,6
North Asia,BN-115151,Bradley Nguyen,637,353
North Asia,BO-113501,Bill Overfelt,22,608
North Asia,BO-114251,Bobby Odegard,605,364
North Asia,BP-110501,Barry Pond,123,533
North Asia,BP-110951,Bart Pistole,97,550
North Asia,BP-111551,Becky Pak,333,434
North Asia,BP-111851,Ben Peterman,1096,265
North Asia,BP-112301,Benjamin Patterson,78,563
North Asia,BS-113651,Bill Shonely,171,501
North Asia,BS-113801,Bill Stewart,3343,71
North Asia,BS-115901,Brendan Sweed,2152,136
North Asia,BS-117551,Bruce Stewart,159,507
North Asia,BT-113951,Bill Tyler,1765,173
North Asia,BT-114851,Brad Thomas,619,361
North Asia,BT-115301,Bradley Talbott,413,400
North Asia,BT-116801,Brian Thompson,5722,15
North Asia,BV-112451,Benjamin Venier,3870,47
North Asia,BW-111101,Bart Watters,3526,61
North Asia,BW-112001,Ben Wallace,1115,260
North Asia,CA-119651,Carol Adams,9055,1
North Asia,CA-120551,Cathy Armstrong,140,525
North Asia,CA-122651,Christina Anderson,965,280
North Asia,CB-124151,Christy Brittain,311,437
North Asia,CB-125351,Claudia Bergmann,18,613
North Asia,CC-121001,Chad Cunningham,93,554
North Asia,CC-122201,Chris Cortes,337,427
North Asia,CC-123701,Christopher Conant,1186,249
North Asia,CC-124301,Chuck Clark,101,544
North Asia,CC-124751,Cindy Chapman,2511,110
North Asia,CC-125501,Clay Cheatham,717,339
North Asia,CC-126101,Corey Catlett,4463,34
North Asia,CC-126701,Craig Carreira,87,558
North Asia,CD-119201,Carlos Daly,3695,56
North Asia,CD-119801,Carol Darley,125,532
North Asia,CD-122801,Christina DeMoss,95,552
North Asia,CD-127901,Cynthia Delaney,340,425
North Asia,CG-120401,Catherine Glotzbach,776,322
North Asia,CH-120701,Cathy Hwang,1785,167
North Asia,CJ-118751,Carl Jackson,3964,46
North Asia,CJ-120101,Caroline Jumper,1063,268
North Asia,CK-122051,Chloris Kastensmidt,179,495
North Asia,CK-123251,Christine Kargatis,771,325
North Asia,CK-125951,Clytie Kelty,292,441
North Asia,CL-118901,Carl Ludwig,4357,38
North Asia,CL-125651,Clay Ludtke,724,337
North Asia,CL-127001,Craig Leslie,1486,204
North Asia,CM-118301,Cari MacIntyre,1981,150
North Asia,CM-119351,Carlos Meador,1784,168
North Asia,CM-121151,Chad McGuire,1316,229
North Asia,CM-121601,Charles McCrossin,6782,10
North Asia,CM-121901,Charlotte Melton,103,543
North Asia,CM-122351,Chris McAfee,480,389
North Asia,CM-123851,Christopher Martinez,776,323
North Asia,CM-124451,Chuck Magee,54,576
North Asia,CM-126551,Corinna Mitchell,187,489
North Asia,CM-127151,Craig Molinari,1452,209
North Asia,CP-120851,Cathy Prescott,1927,153
North Asia,CP-123401,Christine Phan,336,429
North Asia,CR-126251,Corey Roper,952,283
North Asia,CR-128201,Cyra Reiten,190,487
North Asia,CS-118451,Cari Sayre,8936,3
North Asia,CS-118601,Cari Schnelling,238,461
North Asia,CS-119501,Carlos Soltero,221,470
North Asia,CS-121301,Chad Sievert,780,321
North Asia,CS-121751,Charles Sheldon,1403,215
North Asia,CS-124001,Christopher Schild,793,315
North Asia,CS-124601,Chuck Sachs,144,519
North Asia,CS-124901,Cindy Schnelling,1589,192
North Asia,CT-119951,Carol Triggs,4605,31
North Asia,CV-122951,Christina VanderZanden,28,601
North Asia,CV-128051,Cynthia Voltz,1281,238
North Asia,CY-127451,Craig Yedwab,507,380
North Asia,Co-126401,Corey-Lock,2803,88
North Asia,DA-134501,Dianna Arnett,47,581
North Asia,DB-129101,Daniel Byrd,155,510
North Asia,DB-130601,Dave Brooks,4662,28
North Asia,DB-132101,Dean Braden,384,406
North Asia,DB-132701,Deborah Brumfield,290,442
North Asia,DB-133601,Dennis Bolton,27,604
North Asia,DB-134051,Denny Blanton,5166,23
North Asia,DB-136151,Doug Bickford,51,579
North Asia,DB-136601,Duane Benoit,345,422
North Asia,DC-128501,Dan Campbell,1359,225
North Asia,DC-132851,Debra Catini,47,582
North Asia,DD-135701,Dorothy Dickinson,52,578
North Asia,DE-132551,Deanra Eno,235,462
North Asia,DF-131351,David Flashing,79,561
North Asia,DG-133001,Deirdre Greer,3458,64
North Asia,DJ-134201,Denny Joy,844,302
North Asia,DJ-135101,Don Jones,577,368
North Asia,DJ-136301,Doug Jacobs,1395,217
North Asia,DK-128351,Damala Kotsonis,1543,194
North Asia,DK-129851,Darren Koutras,71,569
North Asia,DK-130901,Dave Kipp,3858,49
North Asia,DK-131501,David Kendrick,385,405
North Asia,DK-132251,Dean Katz,214,474
North Asia,DK-133751,Dennis Kane,1517,199
North Asia,DL-128651,Dan Lawera,499,382
North Asia,DL-133151,Delfina Latchford,57,573
North Asia,DL-133301,Denise Leinenbach,2241,130
North Asia,DM-129551,Dario Medina,1017,273
North Asia,DM-130151,Darrin Martin,137,527
North Asia,DM-133451,Denise Monton,22,609
North Asia,DM-135251,Don Miller,26,605
North Asia,DN-136901,Duane Noonan,1255,243
North Asia,DO-134351,Denny Ordway,219,471
North Asia,DO-136451,Doug O'Connell,2526,108
North Asia,DP-131051,Dave Poirier,18,614
North Asia,DP-131651,David Philippe,168,503
North Asia,DP-133901,Dennis Pardue,14,615
North Asia,DR-128801,Dan Reichenbach,882,295
North Asia,DR-129401,Daniel Raglin,511,378
North Asia,DS-131801,David Smith,1508,200
North Asia,DV-134651,Dianna Vittorini,1837,159
North Asia,DW-131951,David Wiener,636,354
North Asia,DW-135851,Dorothy Wardle,1474,205
North Asia,Dp-132401,Dean percer,8976,2
North Asia,EA-140351,Erin Ashbrook,447,391
North Asia,EB-137051,Ed Braxton,28,602
North Asia,EB-138401,Ellis Ballard,1741,175
North Asia,EB-139301,Eric Barreto,34,593
North Asia,EB-139751,Erica Bern,1115,261
North Asia,EB-141101,Eugene Barchas,340,426
North Asia,EB-141701,Evan Bailliet,704,342
North Asia,EC-140501,Erin Creighton,242,455
North Asia,ED-138851,Emily Ducich,2710,93
North Asia,EH-137651,Edward Hooks,3405,68
North Asia,EH-139901,Erica Hackney,1121,258
North Asia,EH-140051,Erica Hernandez,202,481
North Asia,EH-141851,Evan Henry,206,478
North Asia,EJ-137201,Ed Jacobs,7,617
North Asia,EK-137951,Eileen Kiefer,14,616
North Asia,EL-137351,Ed Ludwig,829,308
North Asia,EM-138251,Elizabeth Moffitt,2301,126
North Asia,EM-139601,Eric Murdock,1138,256
North Asia,EM-140651,Erin Mull,147,517
North Asia,EM-141401,Eugene Moren,223,469
North Asia,EM-142001,Evan Minnotte,177,496
North Asia,EP-139151,Emily Phan,1610,190
North Asia,ER-138551,Elpida Rittenbach,286,443
North Asia,ES-140201,Erica Smith,1154,254
North Asia,ES-140801,Erin Smith,2755,91
North Asia,FA-142301,Frank Atkinson,913,291
North Asia,FC-142451,Frank Carlisle,1457,208
North Asia,FC-143351,Fred Chung,119,537
North Asia,FH-143501,Fred Harton,2111,138
North Asia,FH-143651,Fred Hopkins,75,565
North Asia,FM-142901,Frank Merwin,1717,178
North Asia,FM-143801,Fred McMath,1527,196
North Asia,FO-143051,Frank Olsen,2536,106
North Asia,FP-143201,Frank Preis,1098,264
North Asia,FW-143951,Fred Wasserman,171,502
North Asia,GA-147251,Guy Armstrong,3860,48
North Asia,GB-145301,George Bell,230,464
North Asia,GD-145901,Giulietta Dortch,97,551
North Asia,GG-146501,Greg Guthrie,1374,222
North Asia,GH-144251,Gary Hwang,2178,133
North Asia,GH-144851,Gene Hale,1996,147
North Asia,GH-146651,Greg Hansen,3236,74
North Asia,GK-146201,Grace Kelly,35,592
North Asia,GM-144401,Gary McGarr,4931,24
North Asia,GM-144551,Gary Mitchum,1896,156
North Asia,GM-145001,Gene McClure,1026,271
North Asia,GM-146801,Greg Matthias,544,374
North Asia,GM-146951,Greg Maxwell,1371,223
North Asia,GR-145601,Georgia Rosenberg,1014,274
North Asia,GT-146351,Grant Thornton,380,409
North Asia,GT-147101,Greg Tran,1993,148
North Asia,GT-147551,Guy Thornton,173,499
North Asia,GW-146051,Giulietta Weimer,5603,17
North Asia,GZ-144701,Gary Zandusky,212,475
North Asia,GZ-145451,George Zrebassa,840,304
North Asia,HA-149051,Helen Abelman,1897,155
North Asia,HA-149201,Helen Andreada,1685,181
North Asia,HD-147851,Harold Dahlen,4581,32
North Asia,HE-148001,Harold Engle,180,494
North Asia,HF-149951,Herbert Flentye,241,457
North Asia,HG-148451,Harry Greene,120,536
North Asia,HG-149651,Henry Goldwyn,4435,35
North Asia,HG-150251,Hunter Glantz,718,338
North Asia,HH-150101,Hilary Holden,2590,102
North Asia,HJ-148751,Heather Jas,2795,89
North Asia,HL-150401,Hunter Lopez,204,479
North Asia,HM-148601,Harry Marie,1349,226
North Asia,HM-149801,Henry MacAllister,1956,151
North Asia,HR-147701,Hallie Redmond,80,560
North Asia,HW-149351,Helen Wasserman,440,393
North Asia,HZ-149501,Henia Zydlo,772,324
North Asia,IG-150851,Ivan Gibson,627,357
North Asia,IM-150551,Ionia McGrath,135,528
North Asia,IM-150701,Irene Maddox,21,611
North Asia,JA-159701,Joseph Airdo,40,590
North Asia,JB-154001,Jennifer Braxton,114,540
North Asia,JB-159251,Joni Blumstein,2351,121
North Asia,JB-160001,Joy Bell-,1214,246
North Asia,JB-160451,Julia Barnett,2348,124
North Asia,JC-153401,Jasper Cacioppo,369,414
North Asia,JC-153851,Jenna Caffey,75,566
North Asia,JC-161051,Julie Creighton,343,423
North Asia,JD-157901,John Dryer,814,312
North Asia,JD-158951,Jonathan Doherty,838,305
North Asia,JD-160601,Julia Dunbar,681,345
North Asia,JD-161501,Justin Deggeller,207,477
North Asia,JE-154751,Jeremy Ellison,2247,129
North Asia,JE-156101,Jim Epp,933,286
North Asia,JE-157151,Joe Elijah,6281,13
North Asia,JE-157451,Joel Eaton,123,534
North Asia,JF-151901,Jamie Frazer,937,285
North Asia,JF-153551,Jay Fein,19,612
North Asia,JF-154151,Jennifer Ferguson,3197,76
North Asia,JF-155651,Jill Fjeld,1771,172
North Asia,JG-151151,Jack Garza,144,520
North Asia,JG-151601,James Galang,358,417
North Asia,JG-153101,Jason Gross,2349,122
North Asia,JG-158051,John Grady,4063,44
North Asia,JH-154301,Jennifer Halladay,114,541
North Asia,JH-158201,John Huston,56,574
North Asia,JH-159101,Jonathan Howell,4207,41
North Asia,JH-159851,Joseph Holt,783,318
North Asia,JJ-154451,Jennifer Jackson,42,589
North Asia,JJ-157601,Joel Jenkins,1834,161
North Asia,JK-153251,Jason Klamczynski,6807,9
North Asia,JK-153701,Jay Kimmel,184,491
North Asia,JK-156251,Jim Karlsson,1731,176
North Asia,JK-157301,Joe Kamberova,632,356
North Asia,JK-160901,Juliana Krohn,3768,54
North Asia,JK-161201,Julie Kriz,992,277
North Asia,JL-151751,James Lanier,1837,160
North Asia,JL-152351,Janet Lee,5555,19
North Asia,JL-155051,Jeremy Lonsdale,143,522
North Asia,JL-158351,John Lee,6620,11
North Asia,JL-158501,John Lucas,429,397
North Asia,JM-152501,Janet Martin,3702,55
North Asia,JM-152651,Janet Molinari,1584,193
North Asia,JM-155351,Jessica Myrick,1471,206
North Asia,JM-155801,Jill Matthias,747,331
North Asia,JM-156551,Jim Mitchum,354,419
North Asia,JM-158651,John Murray,260,450
North Asia,JM-161951,Justin MacKendrick,1252,244
North Asia,JO-151451,Jack O'Briant,1206,247
North Asia,JO-152801,Jas O'Carroll,270,446
North Asia,JO-155501,Jesus Ocampo,989,278
North Asia,JP-154601,Jennifer Patt,199,484
North Asia,JP-161351,Julie Prescott,568,369
North Asia,JR-156701,Jim Radford,2626,99
North Asia,JR-162101,Justin Ritter,781,320
North Asia,JS-155951,Jill Stevenson,390,403
North Asia,JS-156851,Jim Sink,1505,201
North Asia,JS-158801,John Stevenson,1264,241
North Asia,JS-160301,Joy Smith,1901,154
North Asia,JW-152201,Jane Waco,556,371
North Asia,JW-159551,Joni Wasserman,3414,65
North Asia,JW-160751,Julia West,29,599
North Asia,KA-165251,Kelly Andreada,643,348
North Asia,KB-162401,Karen Bern,44,585
North Asia,KB-163151,Karl Braun,1776,170
North Asia,KB-165851,Ken Black,2022,145
North Asia,KC-162551,Karen Carlisle,927,288
North Asia,KC-165401,Kelly Collister,269,447
North Asia,KC-166751,Kimberly Carter,172,500
North Asia,KD-162701,Karen Daniels,2904,84
North Asia,KD-164951,Keith Dawkins,2707,94
North Asia,KD-166151,Ken Dana,939,284
North Asia,KE-164201,Katrina Edelman,1670,182
North Asia,KF-162851,Karen Ferguson,729,335
North Asia,KH-163301,Katharine Harms,1318,227
North Asia,KH-165101,Keith Herrera,204,480
North Asia,KH-166901,Kristen Hastings,1317,228
North Asia,KL-165551,Kelly Lampkin,257,452
North Asia,KM-162251,Kalyca Meade,764,327
North Asia,KM-163751,Katherine Murray,620,360
North Asia,KM-166601,Khloe Miller,848,300
North Asia,KM-167201,Kunst Miller,144,521
North Asia,KN-164501,Kean Nguyen,1595,191
North Asia,KN-167051,Kristina Nunn,1645,184
North Asia,KT-164651,Kean Takahito,1425,211
North Asia,KW-164351,Katrina Willman,498,383
North Asia,KW-165701,Kelly Williams,2337,125
North Asia,LA-167801,Laura Armstrong,2761,90
North Asia,LC-168701,Lena Cacioppo,985,279
North Asia,LC-168851,Lena Creighton,72,568
North Asia,LC-169301,Linda Cazamias,786,316
North Asia,LC-169601,Lindsay Castell,157,509
North Asia,LC-170501,Liz Carlisle,98,547
North Asia,LC-171401,Logan Currie,1195,248
North Asia,LD-168551,Lela Donovan,34,594
North Asia,LD-170051,Lisa DeCherney,387,404
North Asia,LE-168101,Laurel Elliston,53,577
North Asia,LF-171851,Luke Foster,26,606
North Asia,LH-167501,Larry Hughes,126,530
North Asia,LH-169001,Lena Hernandez,432,396
North Asia,LH-170201,Lisa Hazard,1955,152
North Asia,LH-171551,Logan Haushalter,3277,73
North Asia,LL-168401,Lauren Leatherbury,1731,177
North Asia,LM-170651,Liz MacKendrick,2606,100
North Asia,LO-171701,Lori Olson,438,394
North Asia,LP-170951,Liz Preis,877,296
North Asia,LR-169151,Lena Radford,311,438
North Asia,LS-169451,Linda Southworth,794,314
North Asia,LS-172301,Lycoris Saunders,785,317
North Asia,LS-172451,Lynn Smith,845,301
North Asia,LT-167651,Larry Tron,537,376
North Asia,LT-171101,Liz Thompson,894,292
North Asia,LW-168251,Laurel Workman,184,492
North Asia,LW-169901,Lindsay Williams,240,458
North Asia,LW-172151,Luke Weiss,126,531
North Asia,MA-179951,Michelle Arnett,1299,233
North Asia,MB-180851,Mick Brown,769,326
North Asia,MC-172751,Marc Crier,707,340
North Asia,MC-174251,Mark Cousins,278,445
North Asia,MC-175751,Matt Collins,3678,57
North Asia,MC-175901,Matt Collister,2445,114
North Asia,MC-176051,Matt Connell,549,372
North Asia,MC-176351,Matthew Clasen,1260,242
North Asia,MC-178451,Michael Chen,1286,234
North Asia,MC-181001,Mick Crebagga,59,572
North Asia,MC-181301,Mike Caudle,194,486
North Asia,MD-173501,Maribeth Dona,240,459
North Asia,MD-178601,Michael Dominguez,326,435
North Asia,ME-173201,Maria Etezadi,2973,82
North Asia,ME-177251,Max Engle,683,344
North Asia,ME-180101,Michelle Ellison,1089,266
North Asia,MF-176651,Maureen Fritzler,2895,85
North Asia,MF-182501,Monica Federle,2038,144
North Asia,MG-176501,Matthew Grinstein,4192,42
North Asia,MG-176801,Maureen Gastineau,2140,137
North Asia,MG-176951,Maureen Gnade,4252,40
North Asia,MG-178751,Michael Grace,372,413
North Asia,MG-178901,Michael Granlund,4062,45
North Asia,MG-181451,Mike Gockenbach,75,567
North Asia,MG-182051,Mitch Gastineau,1009,275
North Asia,MH-174401,Mark Haberlin,2824,87
North Asia,MH-174551,Mark Hamilton,726,336
North Asia,MH-177851,Maya Herman,2595,101
North Asia,MJ-177401,Max Jones,703,343
North Asia,MK-179051,Michael Kennedy,1009,276
North Asia,MK-181601,Mike Kennedy,1701,180
North Asia,ML-174101,Maris LaWare,3514,62
North Asia,ML-177551,Max Ludwig,747,332
North Asia,ML-180401,Michelle Lonsdale,210,476
North Asia,ML-182651,Muhammed Lee,2156,135
North Asia,MM-172601,Magdelene Morse,2040,143
North Asia,MM-179201,Michael Moore,2375,118
North Asia,MN-179351,Michael Nguyen,3771,53
North Asia,MO-175001,Mary O'Rourke,636,355
North Asia,MO-178001,Meg O'Connel,6842,7
North Asia,MP-174701,Mark Packer,44,586
North Asia,MP-181751,Mike Pelletier,4365,37
North Asia,MS-173651,Maribeth Schnelling,2545,105
North Asia,MS-175301,MaryBeth Skach,182,493
North Asia,MS-177101,Maurice Satty,32,595
North Asia,MS-177701,Maxwell Schwartz,140,526
North Asia,MS-178301,Melanie Seite,811,313
North Asia,MT-178151,Meg Tillman,1755,174
North Asia,MT-180701,Michelle Tran,239,460
North Asia,MV-181901,Mike Vittorini,1378,220
North Asia,MW-182201,Mitch Webber,2356,119
North Asia,MW-182351,Mitch Willingham,1282,237
North Asia,MY-173801,Maribeth Yedwab,167,504
North Asia,MY-182951,Muhammed Yedwab,4634,30
North Asia,MZ-173351,Maria Zettner,360,416
North Asia,MZ-175151,Mary Zewe,406,402
North Asia,NB-186551,Nona Balk,2703,95
North Asia,NC-183401,Nat Carroll,1107,263
North Asia,NC-184151,Nathan Cano,647,346
North Asia,NC-185351,Nick Crebassa,143,523
North Asia,NC-186251,Noah Childs,491,386
North Asia,ND-183701,Natalie DeCherney,295,440
North Asia,NF-183851,Natalie Fritzler,3031,81
North Asia,NF-184751,Neil Französisch,2273,127
North Asia,NF-185951,Nicole Fjeld,2174,134
North Asia,NG-183551,Nat Gilpin,2063,140
North Asia,NG-184301,Nathan Gelder,1774,171
North Asia,NL-183101,Nancy Lomonaco,3379,70
North Asia,NM-184451,Nathan Mautz,4655,29
North Asia,NM-185201,Neoma Murray,1656,183
North Asia,NP-183251,Naresj Patel,68,570
North Asia,NR-185501,Nick Radford,1376,221
North Asia,NS-186401,Noel Staavos,823,310
North Asia,NW-184001,Natalie Webber,503,381
North Asia,NZ-185651,Nick Zandusky,1136,257
North Asia,ON-187151,Odella Nelson,436,395
North Asia,OT-187301,Olvera Toch,828,309
North Asia,PB-191051,Peter Bühler,623,359
North Asia,PB-191501,Philip Brown,1712,179
North Asia,PB-192101,Phillip Breyer,7436,5
North Asia,PC-187451,Pamela Coakley,884,294
North Asia,PC-190001,Pauline Chand,228,468
North Asia,PF-191201,Peter Fuller,6826,8
North Asia,PF-191651,Philip Fox,1148,255
North Asia,PF-192251,Phillip Flathmann,476,390
North Asia,PG-188201,Patrick Gardner,5625,16
North Asia,PG-188951,Paul Gonzalez,1283,236
North Asia,PH-187901,Patricia Hirasaki,640,350
North Asia,PJ-188351,Patrick Jones,539,375
North Asia,PJ-190151,Pauline Johnson,130,529
North Asia,PK-189101,Paul Knutson,379,410
North Asia,PL-189251,Paul Lucas,7919,4
North Asia,PM-189401,Paul MacIntyre,640,351
North Asia,PM-191351,Peter McVee,265,448
North Asia,PN-187751,Parhena Norris,2229,131
North Asia,PO-188501,Patrick O'Brill,89,557
North Asia,PO-188651,Patrick O'Donnell,341,424
North Asia,PO-191801,Philisse Overcash,4094,43
North Asia,PO-191951,Phillina Ober,3105,77
North Asia,PP-189551,Paul Prost,3406,67
North Asia,PR-188801,Patrick Ryan,350,421
North Asia,PS-189701,Paul Stevenson,1778,169
North Asia,PS-190451,Penelope Sewall,2519,109
North Asia,PT-190901,Pete Takahito,1249,245
North Asia,PV-189851,Paul Van Hugh,167,505
North Asia,QJ-192551,Quincy Jones,5992,14
North Asia,RA-192851,Ralph Arnett,512,377
North Asia,RA-198851,Ruben Ausman,4669,27
North Asia,RA-199151,Russell Applegate,609,363
North Asia,RB-193301,Randy Bradley,335,432
North Asia,RB-193601,Raymond Buch,4385,36
North Asia,RB-194351,Richard Bierner,29,600
North Asia,RB-197051,Roger Barcio,4292,39
North Asia,RB-197951,Ross Baird,1640,186
North Asia,RC-199601,Ryan Crowe,1117,259
North Asia,RD-195851,Rob Dowd,2077,139
North Asia,RD-196601,Robert Dilbeck,1993,149
North Asia,RD-197201,Roger Demir,1617,189
North Asia,RD-198101,Ross DeVincentis,563,370
North Asia,RD-199001,Ruben Dartt,2010,146
North Asia,RD-199301,Russell D'Ascenzo,486,388
North Asia,RE-194051,Ricardo Emerson,1445,210
North Asia,RF-193451,Randy Ferguson,3673,58
North Asia,RF-198401,Roy Französisch,46,583
North Asia,RH-194951,Rick Hansen,90,556
North Asia,RK-193001,Ralph Kennedy,374,412
North Asia,RL-196151,Rob Lucas,1417,212
North Asia,RM-197501,Roland Murray,336,430
North Asia,RO-197801,Rose O'Brian,5367,21
North Asia,RP-192701,Rachel Payne,746,333
North Asia,RR-193151,Ralph Ritter,258,451
North Asia,RR-195251,Rick Reed,1631,187
North Asia,RS-194201,Ricardo Sperren,1185,250
North Asia,RS-198701,Roy Skaria,416,399
North Asia,RW-195401,Rick Wilson,252,453
North Asia,RW-196301,Rob Williams,743,334
North Asia,RW-196901,Robert Waldorf,2907,83
North Asia,SA-208301,Sue Ann Reed,1499,202
North Asia,SB-201701,Sarah Bern,6579,12
North Asia,SB-201851,Sarah Brown,1528,195
North Asia,SB-202901,Sean Braxton,174,497
North Asia,SC-200201,Sam Craven,1058,269
North Asia,SC-200501,Sample Company A,1497,203
North Asia,SC-200951,Sanjit Chand,306,439
North Asia,SC-202301,Scot Coram,2349,123
North Asia,SC-203801,Shahid Collister,3396,69
North Asia,SC-204401,Shaun Chance,79,562
North Asia,SC-205751,Sonia Cooley,1301,232
North Asia,SC-206801,Steve Carroll,831,306
North Asia,SC-206951,Steve Chapman,509,379
North Asia,SC-207251,Steven Cartwright,44,587
North Asia,SC-207701,Stewart Carmichael,115,539
North Asia,SC-208451,Sung Chung,2041,142
North Asia,SD-204851,Shirley Daniels,1815,162
North Asia,SE-201101,Sanjit Engle,93,555
North Asia,SF-200651,Sandra Flanagan,954,282
North Asia,SF-202001,Sarah Foster,1405,214
North Asia,SF-209651,Sylvia Foulston,22,610
North Asia,SG-204701,Sheri Gordon,366,415
North Asia,SG-206051,Speros Goranitis,1302,231
North Asia,SG-208901,Susan Gilcrest,199,485
North Asia,SH-199751,Sally Hughsby,354,420
North Asia,SH-203951,Shahid Hopkins,2644,98
North Asia,SH-206351,Stefanie Holloman,2054,141
North Asia,SJ-202151,Sarah Jordon,2270,128
North Asia,SK-199901,Sally Knutson,282,444
North Asia,SL-201551,Sara Luxemburg,2863,86
North Asia,SM-209051,Susan MacKendrick,24,607
North Asia,SM-209501,Suzanne McNair,1111,262
North Asia,SN-205601,Skye Norling,860,298
North Asia,SN-207101,Steve Nguyen,185,490
North Asia,SO-203351,Sean O'Donnell,3414,66
North Asia,SP-205451,Sibella Parks,98,548
North Asia,SP-206501,Stephanie Phelps,163,506
North Asia,SP-209201,Susan Pistek,46,584
North Asia,SR-204251,Sharelle Roach,1520,197
North Asia,SR-207401,Steven Roelle,320,436
North Asia,SS-201401,Saphhira Shifley,2689,96
North Asia,SS-204101,Shahid Shariari,122,535
North Asia,SS-205151,Shirley Schmidt,419,398
North Asia,SS-208751,Sung Shariari,955,281
North Asia,SU-206651,Stephanie Ulpright,1809,164
North Asia,SV-203651,Seth Vernon,3802,52
North Asia,SV-207851,Stewart Visinsky,357,418
North Asia,SV-208151,Stuart Van,2474,111
North Asia,SV-209351,Susan Vittorini,782,319
North Asia,SW-202451,Scot Wooten,40,591
North Asia,SW-202751,Scott Williamson,149,515
North Asia,SW-203501,Sean Wendt,147,518
North Asia,SW-204551,Shaun Weien,379,411
North Asia,SW-207551,Steven Ward,232,463
North Asia,SZ-200351,Sam Zeldin,3200,75
North Asia,TA-213851,Tom Ashbrook,497,384
North Asia,TB-210551,Ted Butterfield,1391,218
North Asia,TB-211901,Thomas Brumley,154,511
North Asia,TB-214001,Tom Boeckenhauer,3632,60
North Asia,TB-215951,Troy Blackwell,1407,213
North Asia,TC-209801,Tamara Chand,1807,165
North Asia,TC-211451,Theresa Coyne,1311,230
North Asia,TC-212951,Toby Carlisle,873,297
North Asia,TC-215351,Tracy Collins,1622,188
North Asia,TD-209951,Tamara Dahlen,487,387
North Asia,TG-213101,Toby Gnade,855,299
North Asia,TG-216401,Trudy Glocke,383,407
North Asia,TH-211001,Thea Hendricks,60,571
North Asia,TH-211151,Thea Hudgings,639,352
North Asia,TH-212351,Tiffany House,32,596
North Asia,TH-215501,Tracy Hopkins,1460,207
North Asia,TM-210101,Tamara Manning,262,449
North Asia,TM-214901,Tony Molinari,610,362
North Asia,TN-210401,Tanja Norvell,99,545
North Asia,TP-211301,Theone Pippenger,2572,104
North Asia,TP-214151,Tom Prescott,189,488
North Asia,TP-215651,Tracy Poddar,1271,239
North Asia,TR-213251,Toby Ritter,581,367
North Asia,TS-211601,Theresa Swint,30,598
North Asia,TS-212051,Thomas Seio,117,538
North Asia,TS-213401,Toby Swindell,1178,251
North Asia,TS-213701,Todd Sumrall,411,401
North Asia,TS-214301,Tom Stivers,492,385
North Asia,TS-215051,Tony Sayre,4926,25
North Asia,TS-216101,Troy Staebel,382,408
North Asia,TS-216551,Trudy Schmidt,764,328
North Asia,TT-210701,Ted Trevino,1285,235
North Asia,TT-212651,Tim Taslimi,915,289
North Asia,TW-210251,Tamara Willingham,3045,79
North Asia,TZ-214451,Tom Zandusky,2444,115
North Asia,VB-217451,Victoria Brennan,1270,240
North Asia,VD-216701,Valerie Dominguez,94,553
North Asia,VF-217151,Vicky Freymann,705,341
North Asia,VG-218051,Vivek Grady,4496,33
North Asia,VM-216851,Valerie Mitchum,1877,158
North Asia,VP-217301,Victor Preis,99,546
North Asia,VP-217601,Victoria Pisteka,915,290
North Asia,VS-218201,Vivek Sundaresam,1645,185
North Asia,VT-217001,Valerie Takahito,4687,26
North Asia,VW-217751,Victoria Wilson,2356,120
North Asia,WB-218501,William Brown,1812,163
North Asia,XP-218651,Xylona Preis,815,311
North Asia,YC-218951,Yoseph Carroll,2580,103
North Asia,YS-218801,Yana Sorensen,1371,224
North Asia,ZC-219101,Zuschuss Carroll,149,516
North Asia,ZD-219251,Zuschuss Donatelli,445,392
Oceania,AA-103151,Alex Avila,355,551
Oceania,AA-103751,Allen Armold,1146,324
Oceania,AA-104801,Andrew Allen,1172,320
Oceania,AA-106451,Anna Andreadi,1727,228
Oceania,AB-100151,Aaron Bergman,4509,44
Oceania,AB-100601,Adam Bellavance,172,622
Oceania,AB-101051,Adrian Barton,2960,117
Oceania,AB-101501,Aimee Bixby,178,619
Oceania,AB-101651,Alan Barnes,1293,302
Oceania,AB-102551,Alejandro Ballentine,1569,260
Oceania,AB-106001,Ann Blume,2565,143
Oceania,AC-104201,Alyssa Crouse,310,569
Oceania,AC-104501,Amy Cox,705,442
Oceania,AC-106151,Ann Chong,1502,274
Oceania,AD-101801,Alan Dominguez,1646,243
Oceania,AF-108701,Art Ferguson,1988,197
Oceania,AF-108851,Art Foster,996,351
Oceania,AG-102701,Alejandro Grove,823,402
Oceania,AG-103001,Aleksandra Gannaway,1736,225
Oceania,AG-103301,Alex Grayson,960,362
Oceania,AG-103901,Allen Goldenen,2228,165
Oceania,AG-104951,Andrew Gjertsen,75,667
Oceania,AG-106751,Anna Gayman,2059,188
Oceania,AG-109001,Arthur Gainer,428,530
Oceania,AH-100751,Adam Hart,3491,81
Oceania,AH-101201,Adrian Hane,222,600
Oceania,AH-101951,Alan Haines,514,502
Oceania,AH-104651,Amy Hunt,1362,294
Oceania,AH-105851,Angele Hood,4532,42
Oceania,AH-106901,Anna Häberlin,2008,195
Oceania,AI-108551,Arianne Irving,1687,237
Oceania,AJ-107951,Anthony Johnson,665,451
Oceania,AJ-109451,Ashley Jarboe,893,385
Oceania,AJ-109601,Astrea Jones,845,397
Oceania,AM-103601,Alice McCarthy,742,426
Oceania,AM-107051,Anne McFarland,4445,47
Oceania,AO-108101,Anthony O'Donnell,3284,96
Oceania,AP-107201,Anne Pryor,1818,212
Oceania,AP-109151,Arthur Prichep,789,411
Oceania,AR-103451,Alex Russell,662,453
Oceania,AR-104051,Allen Rosenblatt,179,618
Oceania,AR-105101,Andrew Roberts,2113,181
Oceania,AR-105701,Anemone Ratner,2185,173
Oceania,AR-108251,Anthony Rawles,291,579
Oceania,AS-100451,Aaron Smayling,884,388
Oceania,AS-100901,Adam Shillingsburg,554,482
Oceania,AS-101351,Adrian Shami,200,612
Oceania,AS-102251,Alan Schoenberger,533,490
Oceania,AS-102401,Alan Shonely,1517,269
Oceania,AS-102851,Alejandro Savely,98,657
Oceania,AS-106301,Ann Steele,6973,8
Oceania,AT-107351,Annie Thurman,1717,231
Oceania,AW-108401,Anthony Witt,309,571
Oceania,AW-109301,Arthur Wiediger,134,637
Oceania,AY-105551,Andy Yotov,68,673
Oceania,AZ-107501,Annie Zypern,513,503
Oceania,BB-109901,Barry Blumstein,927,373
Oceania,BB-115451,Brenda Bowman,1286,303
Oceania,BC-111251,Becky Castell,2829,127
Oceania,BD-113201,Bill Donatelli,263,586
Oceania,BD-115001,Bradley Drucker,2636,132
Oceania,BD-115601,Brendan Dodson,323,562
Oceania,BD-116051,Brian Dahlen,2381,153
Oceania,BD-116201,Brian DeCherney,255,589
Oceania,BD-116351,Brian Derr,2630,134
Oceania,BD-117251,Bruce Degenhardt,2465,147
Oceania,BE-113351,Bill Eplett,3232,101
Oceania,BE-114101,Bobby Elias,35,687
Oceania,BE-114551,Brad Eason,7375,6
Oceania,BF-109751,Barbara Fisher,1788,216
Oceania,BF-110051,Barry Franz,2129,179
Oceania,BF-110801,Bart Folk,3431,84
Oceania,BF-112151,Benjamin Farhat,1056,338
Oceania,BF-112751,Beth Fritzler,407,540
Oceania,BG-110351,Barry Gonzalez,1336,299
Oceania,BG-116951,Brooke Gillingham,119,647
Oceania,BG-117401,Bruce Geld,172,623
Oceania,BH-117101,Brosina Hoffman,2321,155
Oceania,BK-112601,Berenike Kampe,441,524
Oceania,BM-111401,Becky Martin,5312,26
Oceania,BM-115751,Brendan Murry,2591,140
Oceania,BM-116501,Brian Moss,749,421
Oceania,BM-117851,Bryan Mills,3176,106
Oceania,BN-114701,Brad Norvell,807,408
Oceania,BO-113501,Bill Overfelt,1558,263
Oceania,BO-114251,Bobby Odegard,958,364
Oceania,BP-110501,Barry Pond,531,492
Oceania,BP-110951,Bart Pistole,232,595
Oceania,BP-111551,Becky Pak,114,649
Oceania,BP-111851,Ben Peterman,3299,93
Oceania,BP-112301,Benjamin Patterson,2041,192
Oceania,BP-112901,Beth Paige,397,542
Oceania,BS-113651,Bill Shonely,109,652
Oceania,BS-113801,Bill Stewart,1014,348
Oceania,BS-115901,Brendan Sweed,520,497
Oceania,BS-116651,Brian Stugart,3933,70
Oceania,BS-117551,Bruce Stewart,4229,55
Oceania,BS-118001,Bryan Spruell,451,520
Oceania,BT-113051,Beth Thompson,1122,327
Oceania,BT-113951,Bill Tyler,1708,234
Oceania,BT-114401,Bobby Trafton,582,478
Oceania,BT-114851,Brad Thomas,347,556
Oceania,BT-115301,Bradley Talbott,616,464
Oceania,BT-116801,Brian Thompson,607,468
Oceania,BV-112451,Benjamin Venier,1679,240
Oceania,BW-110651,Barry Weirich,3001,114
Oceania,BW-111101,Bart Watters,4573,40
Oceania,BW-112001,Ben Wallace,1785,217
Oceania,CA-119651,Carol Adams,100,656
Oceania,CA-120551,Cathy Armstrong,218,603
Oceania,CA-122651,Christina Anderson,607,469
Oceania,CA-123101,Christine Abelman,189,615
Oceania,CA-127751,Cynthia Arntzen,1031,345
Oceania,CB-120251,Cassandra Brandow,162,628
Oceania,CB-125351,Claudia Bergmann,3969,67
Oceania,CC-121451,Charles Crestani,1586,254
Oceania,CC-122201,Chris Cortes,355,552
Oceania,CC-123701,Christopher Conant,1586,255
Oceania,CC-124301,Chuck Clark,2443,150
Oceania,CC-124751,Cindy Chapman,1910,204
Oceania,CC-125501,Clay Cheatham,3356,89
Oceania,CC-126101,Corey Catlett,1007,349
Oceania,CC-126701,Craig Carreira,1657,242
Oceania,CC-126851,Craig Carroll,2414,151
Oceania,CD-119801,Carol Darley,4324,49
Oceania,CD-122801,Christina DeMoss,6301,15
Oceania,CG-120401,Catherine Glotzbach,808,406
Oceania,CG-125201,Claire Gute,4482,46
Oceania,CJ-118751,Carl Jackson,4776,32
Oceania,CK-122051,Chloris Kastensmidt,3052,112
Oceania,CK-123251,Christine Kargatis,450,521
Oceania,CK-125951,Clytie Kelty,4483,45
Oceania,CK-127601,Cyma Kinney,114,650
Oceania,CL-118901,Carl Ludwig,258,588
Oceania,CL-127001,Craig Leslie,687,446
Oceania,CM-118151,Candace McMahon,820,403
Oceania,CM-118301,Cari MacIntyre,51,677
Oceania,CM-119351,Carlos Meador,593,473
Oceania,CM-121151,Chad McGuire,1943,200
Oceania,CM-121601,Charles McCrossin,627,461
Oceania,CM-121901,Charlotte Melton,330,561
Oceania,CM-122351,Chris McAfee,3887,74
Oceania,CM-123851,Christopher Martinez,1604,251
Oceania,CM-124451,Chuck Magee,3153,108
Oceania,CM-126551,Corinna Mitchell,253,590
Oceania,CP-123401,Christine Phan,27,693
Oceania,CR-125801,Clay Rozendal,889,387
Oceania,CR-126251,Corey Roper,4911,30
Oceania,CR-127301,Craig Reiter,5907,18
Oceania,CR-128201,Cyra Reiten,36,686
Oceania,CS-118451,Cari Sayre,460,516
Oceania,CS-119501,Carlos Soltero,266,584
Oceania,CS-121301,Chad Sievert,2119,180
Oceania,CS-121751,Charles Sheldon,5595,21
Oceania,CS-123551,Christine Sundaresam,2180,174
Oceania,CS-124001,Christopher Schild,1270,305
Oceania,CS-124601,Chuck Sachs,706,440
Oceania,CS-124901,Cindy Schnelling,1166,322
Oceania,CT-119951,Carol Triggs,124,643
Oceania,CV-122951,Christina VanderZanden,30,691
Oceania,CW-119051,Carl Weiss,897,383
Oceania,CY-127451,Craig Yedwab,222,601
Oceania,Co-126401,Corey-Lock,347,557
Oceania,DA-134501,Dianna Arnett,597,470
Oceania,DB-129101,Daniel Byrd,910,378
Oceania,DB-129701,Darren Budd,808,407
Oceania,DB-130601,Dave Brooks,4955,29
Oceania,DB-131201,David Bremer,168,625
Oceania,DB-132101,Dean Braden,987,355
Oceania,DB-132701,Deborah Brumfield,321,564
Oceania,DB-133601,Dennis Bolton,827,401
Oceania,DB-134051,Denny Blanton,206,609
Oceania,DB-135551,Dorothy Badders,1632,246
Oceania,DB-136151,Doug Bickford,485,511
Oceania,DB-136601,Duane Benoit,3399,87
Oceania,DC-128501,Dan Campbell,932,370
Oceania,DE-132551,Deanra Eno,3295,94
Oceania,DF-131351,David Flashing,1120,329
Oceania,DG-133001,Deirdre Greer,23,696
Oceania,DH-130751,Dave Hallsten,195,613
Oceania,DJ-134201,Denny Joy,31,690
Oceania,DJ-135101,Don Jones,1744,223
Oceania,DJ-136301,Doug Jacobs,619,463
Oceania,DK-128351,Damala Kotsonis,452,518
Oceania,DK-129851,Darren Koutras,190,614
Oceania,DK-130901,Dave Kipp,2277,159
Oceania,DK-131501,David Kendrick,1416,284
Oceania,DK-132251,Dean Katz,292,578
Oceania,DK-133751,Dennis Kane,1578,257
Oceania,DL-128651,Dan Lawera,4128,59
Oceania,DL-129251,Daniel Lacy,4630,38
Oceania,DL-133151,Delfina Latchford,981,356
Oceania,DL-133301,Denise Leinenbach,3734,78
Oceania,DL-134951,Dionis Lloyd,1395,287
Oceania,DM-129551,Dario Medina,4210,56
Oceania,DM-130151,Darrin Martin,3892,73
Oceania,DM-133451,Denise Monton,205,610
Oceania,DM-135251,Don Miller,723,432
Oceania,DN-136901,Duane Noonan,1108,331
Oceania,DO-134351,Denny Ordway,428,531
Oceania,DO-136451,Doug O'Connell,3904,72
Oceania,DP-130001,Darren Powers,555,481
Oceania,DP-131051,Dave Poirier,11865,1
Oceania,DP-131651,David Philippe,6077,16
Oceania,DP-133901,Dennis Pardue,1209,316
Oceania,DR-129401,Daniel Raglin,6792,9
Oceania,DS-130301,Darrin Sayre,1492,277
Oceania,DS-131801,David Smith,919,375
Oceania,DV-130451,Darrin Van Huff,571,479
Oceania,DW-131951,David Wiener,1981,198
Oceania,DW-134801,Dianna Wilson,2192,171
Oceania,DW-135401,Don Weiss,1823,211
Oceania,DW-135851,Dorothy Wardle,858,393
Oceania,Dl-136001,Dorris liebe,1054,339
Oceania,Dp-132401,Dean percer,8,705
Oceania,EA-140351,Erin Ashbrook,2036,194
Oceania,EB-137051,Ed Braxton,706,441
Oceania,EB-137501,Edward Becker,69,672
Oceania,EB-138401,Ellis Ballard,908,381
Oceania,EB-138701,Emily Burns,228,598
Oceania,EB-139301,Eric Barreto,929,372
Oceania,EB-139751,Erica Bern,216,605
Oceania,EB-141101,Eugene Barchas,421,533
Oceania,EB-141701,Evan Bailliet,431,528
Oceania,EC-140501,Erin Creighton,479,512
Oceania,ED-138851,Emily Ducich,151,632
Oceania,EG-139001,Emily Grady,3926,71
Oceania,EH-137651,Edward Hooks,1812,213
Oceania,EH-139901,Erica Hackney,1051,341
Oceania,EH-140051,Erica Hernandez,1350,296
Oceania,EH-141251,Eugene Hildebrand,421,534
Oceania,EH-141851,Evan Henry,4716,34
Oceania,EJ-137201,Ed Jacobs,855,395
Oceania,EJ-141551,Eva Jacobs,1731,227
Oceania,EL-137351,Ed Ludwig,2888,122
Oceania,EM-138101,Eleni McCrary,4060,62
Oceania,EM-138251,Elizabeth Moffitt,1041,344
Oceania,EM-139601,Eric Murdock,8464,2
Oceania,EM-140651,Erin Mull,2901,120
Oceania,EM-140951,Eudokia Martin,1893,206
Oceania,EM-141401,Eugene Moren,610,467
Oceania,EM-142001,Evan Minnotte,248,591
Oceania,EN-137801,Edward Nazzal,682,447
Oceania,EP-139151,Emily Phan,70,670
Oceania,ER-138551,Elpida Rittenbach,102,654
Oceania,ES-140801,Erin Smith,2071,186
Oceania,FC-142451,Frank Carlisle,1856,210
Oceania,FC-143351,Fred Chung,1619,248
Oceania,FG-142601,Frank Gastineau,992,353
Oceania,FH-143501,Fred Harton,127,640
Oceania,FH-143651,Fred Hopkins,628,460
Oceania,FM-142151,Filia McAdams,549,485
Oceania,FM-142901,Frank Merwin,775,413
Oceania,FM-143801,Fred McMath,532,491
Oceania,FO-143051,Frank Olsen,1058,337
Oceania,FP-143201,Frank Preis,1927,203
Oceania,FW-143951,Fred Wasserman,1774,219
Oceania,GA-145151,George Ashbrook,3174,107
Oceania,GA-147251,Guy Armstrong,909,379
Oceania,GB-145301,George Bell,7661,4
Oceania,GB-145751,Giulietta Baptist,835,398
Oceania,GD-145901,Giulietta Dortch,6359,14
Oceania,GH-144101,Gary Hansen,865,392
Oceania,GH-144251,Gary Hwang,3204,102
Oceania,GH-144851,Gene Hale,33,689
Oceania,GH-146651,Greg Hansen,1186,318
Oceania,GK-146201,Grace Kelly,3987,65
Oceania,GM-144401,Gary McGarr,1887,207
Oceania,GM-144551,Gary Mitchum,130,639
Oceania,GM-146801,Greg Matthias,2238,163
Oceania,GM-146951,Greg Maxwell,165,626
Oceania,GP-147401,Guy Phonely,1084,336
Oceania,GR-145601,Georgia Rosenberg,668,450
Oceania,GT-146351,Grant Thornton,85,663
Oceania,GT-147101,Greg Tran,3233,100
Oceania,GT-147551,Guy Thornton,94,658
Oceania,GW-146051,Giulietta Weimer,974,357
Oceania,GZ-144701,Gary Zandusky,1931,202
Oceania,GZ-145451,George Zrebassa,397,543
Oceania,HA-149051,Helen Abelman,832,399
Oceania,HA-149201,Helen Andreada,737,428
Oceania,HD-147851,Harold Dahlen,4293,51
Oceania,HE-148001,Harold Engle,162,629
Oceania,HF-149951,Herbert Flentye,1141,325
Oceania,HG-148451,Harry Greene,1107,333
Oceania,HG-149651,Henry Goldwyn,1262,307
Oceania,HG-150251,Hunter Glantz,1051,342
Oceania,HH-150101,Hilary Holden,893,386
Oceania,HJ-148751,Heather Jas,2207,168
Oceania,HK-148901,Heather Kirkland,1220,313
Oceania,HL-150401,Hunter Lopez,1336,300
Oceania,HM-148601,Harry Marie,2091,184
Oceania,HM-149801,Henry MacAllister,772,414
Oceania,HP-148151,Harold Pawlan,90,660
Oceania,HR-147701,Hallie Redmond,1170,321
Oceania,HR-148301,Harold Ryan,1352,295
Oceania,HW-149351,Helen Wasserman,2152,177
Oceania,HZ-149501,Henia Zydlo,1736,226
Oceania,IG-150851,Ivan Gibson,3411,86
Oceania,IL-151001,Ivan Liston,232,596
Oceania,IM-150701,Irene Maddox,305,572
Oceania,JB-154001,Jennifer Braxton,229,597
Oceania,JB-159251,Joni Blumstein,2537,145
Oceania,JB-160001,Joy Bell-,421,535
Oceania,JB-160451,Julia Barnett,2602,139
Oceania,JC-153401,Jasper Cacioppo,5622,20
Oceania,JC-153851,Jenna Caffey,504,508
Oceania,JC-157751,John Castell,1042,343
Oceania,JC-161051,Julie Creighton,954,365
Oceania,JD-157901,John Dryer,313,565
Oceania,JD-158951,Jonathan Doherty,677,448
Oceania,JD-160151,Joy Daniels,1671,241
Oceania,JD-160601,Julia Dunbar,531,493
Oceania,JD-161501,Justin Deggeller,1388,288
Oceania,JE-154751,Jeremy Ellison,626,462
Oceania,JE-156101,Jim Epp,688,444
Oceania,JE-157151,Joe Elijah,1898,205
Oceania,JE-157451,Joel Eaton,431,529
Oceania,JE-161651,Justin Ellison,1454,281
Oceania,JF-151901,Jamie Frazer,2449,149
Oceania,JF-152951,Jason Fortune-,4252,54
Oceania,JF-153551,Jay Fein,397,544
Oceania,JF-154901,Jeremy Farry,2314,157
Oceania,JF-155651,Jill Fjeld,2112,182
Oceania,JG-151151,Jack Garza,218,604
Oceania,JG-151601,James Galang,660,454
Oceania,JG-153101,Jason Gross,503,509
Oceania,JG-158051,John Grady,3940,69
Oceania,JH-154301,Jennifer Halladay,931,371
Oceania,JH-158201,John Huston,4006,64
Oceania,JH-159101,Jonathan Howell,2047,191
Oceania,JH-159851,Joseph Holt,1197,317
Oceania,JH-161801,Justin Hirsh,41,682
Oceania,JJ-154451,Jennifer Jackson,516,501
Oceania,JJ-157601,Joel Jenkins,5417,23
Oceania,JK-152051,Jamie Kunitz,898,382
Oceania,JK-153251,Jason Klamczynski,3179,105
Oceania,JK-153701,Jay Kimmel,543,487
Oceania,JK-156251,Jim Karlsson,155,630
Oceania,JK-156401,Jim Kriz,84,664
Oceania,JK-157301,Joe Kamberova,349,555
Oceania,JK-160901,Juliana Krohn,1112,330
Oceania,JK-161201,Julie Kriz,1754,221
Oceania,JL-151301,Jack Lebron,311,567
Oceania,JL-151751,James Lanier,89,661
Oceania,JL-152351,Janet Lee,1466,280
Oceania,JL-155051,Jeremy Lonsdale,237,593
Oceania,JL-158351,John Lee,526,494
Oceania,JL-158501,John Lucas,2152,178
Oceania,JM-152501,Janet Martin,4285,52
Oceania,JM-152651,Janet Molinari,3321,92
Oceania,JM-155351,Jessica Myrick,338,559
Oceania,JM-155801,Jill Matthias,2775,128
Oceania,JM-156551,Jim Mitchum,4419,48
Oceania,JM-158651,John Murray,757,416
Oceania,JM-161951,Justin MacKendrick,588,474
Oceania,JO-151451,Jack O'Briant,819,404
Oceania,JO-152801,Jas O'Carroll,9,704
Oceania,JO-155501,Jesus Ocampo,50,679
Oceania,JP-154601,Jennifer Patt,749,422
Oceania,JP-155201,Jeremy Pistek,1251,311
Oceania,JP-161351,Julie Prescott,2189,172
Oceania,JR-156701,Jim Radford,1527,266
Oceania,JR-157001,Jocasta Rupert,616,465
Oceania,JR-162101,Justin Ritter,4550,41
Oceania,JS-156851,Jim Sink,2841,126
Oceania,JS-158801,John Stevenson,688,445
Oceania,JS-160301,Joy Smith,1643,244
Oceania,JW-152201,Jane Waco,1099,334
Oceania,JW-159551,Joni Wasserman,171,624
Oceania,JW-160751,Julia West,4602,39
Oceania,KA-165251,Kelly Andreada,3090,109
Oceania,KB-162401,Karen Bern,1613,250
Oceania,KB-163151,Karl Braun,116,648
Oceania,KB-164051,Katrina Bavinger,1505,272
Oceania,KB-165851,Ken Black,4700,35
Oceania,KB-166001,Ken Brennan,917,376
Oceania,KC-162551,Karen Carlisle,871,389
Oceania,KC-165401,Kelly Collister,4261,53
Oceania,KC-166751,Kimberly Carter,1530,265
Oceania,KD-162701,Karen Daniels,78,666
Oceania,KD-164951,Keith Dawkins,3057,111
Oceania,KE-164201,Katrina Edelman,268,583
Oceania,KF-162851,Karen Ferguson,1419,282
Oceania,KH-163301,Katharine Harms,1709,233
Oceania,KH-163601,Katherine Hughes,2199,170
Oceania,KH-165101,Keith Herrera,246,592
Oceania,KH-166301,Ken Heidel,124,644
Oceania,KH-166901,Kristen Hastings,1407,286
Oceania,KL-165551,Kelly Lampkin,711,438
Oceania,KL-166451,Ken Lonsdale,3254,99
Oceania,KM-162251,Kalyca Meade,4085,61
Oceania,KM-163751,Katherine Murray,1571,258
Oceania,KM-166601,Khloe Miller,1025,346
Oceania,KN-163901,Katherine Nockton,4510,43
Oceania,KN-164501,Kean Nguyen,5008,28
Oceania,KN-167051,Kristina Nunn,969,359
Oceania,KS-163001,Karen Seio,1372,292
Oceania,KT-164651,Kean Takahito,538,488
Oceania,KT-164801,Kean Thornton,151,633
Oceania,KW-164351,Katrina Willman,82,665
Oceania,KW-165701,Kelly Williams,1231,312
Oceania,LA-167801,Laura Armstrong,138,634
Oceania,LB-167951,Laurel Beltran,401,541
Oceania,LC-168701,Lena Cacioppo,1371,293
Oceania,LC-168851,Lena Creighton,1713,232
Oceania,LC-169301,Linda Cazamias,959,363
Oceania,LC-169601,Lindsay Castell,1268,306
Oceania,LC-170501,Liz Carlisle,1302,301
Oceania,LD-168551,Lela Donovan,38,685
Oceania,LD-170051,Lisa DeCherney,1868,208
Oceania,LE-168101,Laurel Elliston,1682,239
Oceania,LF-171851,Luke Foster,23,697
Oceania,LH-167501,Larry Hughes,520,498
Oceania,LH-169001,Lena Hernandez,3192,103
Oceania,LH-171551,Logan Haushalter,1218,314
Oceania,LL-168401,Lauren Leatherbury,793,410
Oceania,LM-170651,Liz MacKendrick,1779,218
Oceania,LO-171701,Lori Olson,1348,297
Oceania,LP-170801,Liz Pelletier,1412,285
Oceania,LP-170951,Liz Preis,299,575
Oceania,LR-170351,Lisa Ryan,2280,158
Oceania,LS-169451,Linda Southworth,137,636
Oceania,LS-172001,Luke Schmidt,1587,253
Oceania,LS-172301,Lycoris Saunders,3323,91
Oceania,LS-172451,Lynn Smith,1253,310
Oceania,LT-167651,Larry Tron,61,674
Oceania,LT-171101,Liz Thompson,2538,144
Oceania,LW-168251,Laurel Workman,450,522
Oceania,LW-169901,Lindsay Williams,615,466
Oceania,LW-172151,Luke Weiss,2640,131
Oceania,MA-175601,Matt Abelman,300,574
Oceania,MA-179951,Michelle Arnett,39,684
Oceania,MB-173051,Maria Bertelson,6723,10
Oceania,MB-180851,Mick Brown,5347,25
Oceania,MC-172751,Marc Crier,131,638
Oceania,MC-174251,Mark Cousins,538,489
Oceania,MC-175751,Matt Collins,470,514
Oceania,MC-176051,Matt Connell,2037,193
Oceania,MC-176351,Matthew Clasen,3012,113
Oceania,MC-178451,Michael Chen,110,651
Oceania,MC-181001,Mick Crebagga,1688,236
Oceania,MC-181301,Mike Caudle,415,537
Oceania,MD-173501,Maribeth Dona,1005,350
Oceania,MD-178601,Michael Dominguez,3363,88
Oceania,ME-173201,Maria Etezadi,2635,133
Oceania,ME-177251,Max Engle,333,560
Oceania,ME-180101,Michelle Ellison,27,694
Oceania,MF-176651,Maureen Fritzler,1592,252
Oceania,MF-182501,Monica Federle,422,532
Oceania,MG-176501,Matthew Grinstein,351,554
Oceania,MG-176801,Maureen Gastineau,2577,141
Oceania,MG-176951,Maureen Gnade,828,400
Oceania,MG-178751,Michael Grace,3811,76
Oceania,MG-178901,Michael Granlund,310,570
Oceania,MG-181451,Mike Gockenbach,323,563
Oceania,MG-182051,Mitch Gastineau,742,427
Oceania,MH-174401,Mark Haberlin,375,547
Oceania,MH-176201,Matt Hagelstein,19,699
Oceania,MH-177851,Maya Herman,522,496
Oceania,MH-180251,Michelle Huthwaite,1129,326
Oceania,MH-181151,Mick Hernandez,663,452
Oceania,MJ-177401,Max Jones,1945,199
Oceania,MK-179051,Michael Kennedy,1684,238
Oceania,MK-181601,Mike Kennedy,594,472
Oceania,ML-173951,Marina Lichtenstein,588,475
Oceania,ML-174101,Maris LaWare,734,429
Oceania,ML-177551,Max Ludwig,4638,37
Oceania,ML-180401,Michelle Lonsdale,967,361
Oceania,ML-182651,Muhammed Lee,1571,259
Oceania,MM-172601,Magdelene Morse,1524,267
Oceania,MM-179201,Michael Moore,107,653
Oceania,MM-180551,Michelle Moray,260,587
Oceania,MM-182801,Muhammed MacIntyre,846,396
Oceania,MO-175001,Mary O'Rourke,1095,335
Oceania,MO-178001,Meg O'Connel,88,662
Oceania,MO-179501,Michael Oakman,101,655
Oceania,MP-174701,Mark Packer,410,539
Oceania,MP-179651,Michael Paige,969,360
Oceania,MP-181751,Mike Pelletier,1725,229
Oceania,MR-175451,Mathew Reese,3183,104
Oceania,MS-173651,Maribeth Schnelling,546,486
Oceania,MS-175301,MaryBeth Skach,5405,24
Oceania,MS-177101,Maurice Satty,176,620
Oceania,MS-177701,Maxwell Schwartz,3941,68
Oceania,MS-178301,Melanie Seite,1745,222
Oceania,MS-179801,Michael Stewart,27,695
Oceania,MT-178151,Meg Tillman,519,500
Oceania,MT-180701,Michelle Tran,744,424
Oceania,MV-181901,Mike Vittorini,1737,224
Oceania,MW-182201,Mitch Webber,4799,31
Oceania,MW-182351,Mitch Willingham,2319,156
Oceania,MY-173801,Maribeth Yedwab,3985,66
Oceania,MY-182951,Muhammed Yedwab,3431,85
Oceania,MZ-173351,Maria Zettner,1691,235
Oceania,MZ-175151,Mary Zewe,744,425
Oceania,NB-185801,Nicole Brennan,362,550
Oceania,NB-186551,Nona Balk,50,680
Oceania,NC-183401,Nat Carroll,2532,146
Oceania,NC-184151,Nathan Cano,123,646
Oceania,NC-185351,Nick Crebassa,994,352
Oceania,NC-186251,Noah Childs,6682,13
Oceania,ND-183701,Natalie DeCherney,126,641
Oceania,ND-184601,Neil Ducich,1053,340
Oceania,NF-183851,Natalie Fritzler,1148,323
Oceania,NF-185951,Nicole Fjeld,208,608
Oceania,NG-184301,Nathan Gelder,3509,80
Oceania,NH-186101,Nicole Hansen,6690,12
Oceania,NK-184901,Neil Knudson,3460,83
Oceania,NL-183101,Nancy Lomonaco,2268,161
Oceania,NM-184451,Nathan Mautz,797,409
Oceania,NM-185201,Neoma Murray,414,538
Oceania,NP-183251,Naresj Patel,586,476
Oceania,NP-186701,Nora Paige,631,459
Oceania,NP-187001,Nora Preis,12,702
Oceania,NR-185501,Nick Radford,988,354
Oceania,NS-185051,Neola Schneider,293,577
Oceania,NS-186401,Noel Staavos,1506,271
Oceania,NW-184001,Natalie Webber,180,617
Oceania,NZ-185651,Nick Zandusky,3776,77
Oceania,ON-187151,Odella Nelson,1568,261
Oceania,OT-187301,Olvera Toch,866,391
Oceania,PA-190601,Pete Armstrong,558,480
Oceania,PB-191051,Peter Bühler,2334,154
Oceania,PB-192101,Phillip Breyer,2084,185
Oceania,PC-187451,Pamela Coakley,58,676
Oceania,PC-190001,Pauline Chand,311,568
Oceania,PF-191201,Peter Fuller,7650,5
Oceania,PF-191651,Philip Fox,1504,273
Oceania,PF-192251,Phillip Flathmann,1385,290
Oceania,PG-188201,Patrick Gardner,746,423
Oceania,PG-188951,Paul Gonzalez,500,510
Oceania,PH-187901,Patricia Hirasaki,2772,129
Oceania,PJ-188351,Patrick Jones,2165,176
Oceania,PJ-190151,Pauline Johnson,1024,347
Oceania,PK-190751,Pete Kriz,3000,115
Oceania,PL-189251,Paul Lucas,1261,308
Oceania,PM-189401,Paul MacIntyre,74,668
Oceania,PM-191351,Peter McVee,752,420
Oceania,PN-187751,Parhena Norris,2456,148
Oceania,PO-188501,Patrick O'Brill,3661,79
Oceania,PO-188651,Patrick O'Donnell,15,701
Oceania,PO-191951,Phillina Ober,2107,183
Oceania,PP-189551,Paul Prost,4767,33
Oceania,PR-188801,Patrick Ryan,936,369
Oceania,PS-187601,Pamela Stobb,1387,289
Oceania,PS-189701,Paul Stevenson,2228,166
Oceania,PS-190451,Penelope Sewall,3087,110
Oceania,PT-190901,Pete Takahito,1517,270
Oceania,PV-189851,Paul Van Hugh,440,525
Oceania,PW-190301,Pauline Webber,124,645
Oceania,PW-192401,Pierre Wener,51,678
Oceania,QJ-192551,Quincy Jones,34,688
Oceania,RA-199151,Russell Applegate,1863,209
Oceania,RA-199451,Ryan Akin,432,527
Oceania,RB-193301,Randy Bradley,2862,124
Oceania,RB-193601,Raymond Buch,3850,75
Oceania,RB-194651,Rick Bensley,4099,60
Oceania,RB-195701,Rob Beeghly,634,458
Oceania,RB-197951,Ross Baird,526,495
Oceania,RC-198251,Roy Collins,22,698
Oceania,RC-199601,Ryan Crowe,1419,283
Oceania,RD-194801,Rick Duston,757,417
Oceania,RD-195851,Rob Dowd,74,669
Oceania,RD-196601,Robert Dilbeck,1724,230
Oceania,RD-197201,Roger Demir,1631,247
Oceania,RD-198101,Ross DeVincentis,1584,256
Oceania,RD-199001,Ruben Dartt,446,523
Oceania,RD-199301,Russell D'Ascenzo,2623,135
Oceania,RE-194051,Ricardo Emerson,5886,19
Oceania,RE-194501,Richard Eichhorn,1215,315
Oceania,RF-193451,Randy Ferguson,29,692
Oceania,RF-197351,Roland Fjeld,4657,36
Oceania,RF-198401,Roy Französisch,870,390
Oceania,RH-194951,Rick Hansen,1619,249
Oceania,RH-195101,Rick Huthwaite,285,581
Oceania,RH-195551,Ritsa Hightower,596,471
Oceania,RH-196001,Rob Haberlin,165,627
Oceania,RK-193001,Ralph Kennedy,2729,130
Oceania,RL-196151,Rob Lucas,1637,245
Oceania,RM-193751,Raymond Messe,1374,291
Oceania,RM-197501,Roland Murray,436,526
Oceania,RO-197801,Rose O'Brian,858,394
Oceania,RP-192701,Rachel Payne,4187,57
Oceania,RP-193901,Resi Pölking,1770,220
Oceania,RP-198551,Roy Phan,384,545
Oceania,RR-193151,Ralph Ritter,4015,63
Oceania,RR-195251,Rick Reed,909,380
Oceania,RS-194201,Ricardo Sperren,636,457
Oceania,RS-197651,Roland Schwarz,720,434
Oceania,RS-198701,Roy Skaria,552,483
Oceania,RW-195401,Rick Wilson,6025,17
Oceania,RW-196301,Rob Williams,11,703
Oceania,RW-196901,Robert Waldorf,670,449
Oceania,SA-208301,Sue Ann Reed,715,436
Oceania,SB-201701,Sarah Bern,2208,167
Oceania,SB-202901,Sean Braxton,2615,136
Oceania,SC-200201,Sam Craven,94,659
Oceania,SC-200501,Sample Company A,3271,97
Oceania,SC-200951,Sanjit Chand,2843,125
Oceania,SC-202301,Scot Coram,776,412
Oceania,SC-202601,Scott Cohen,894,384
Oceania,SC-203051,Sean Christensen,8328,3
Oceania,SC-203801,Shahid Collister,40,683
Oceania,SC-204401,Shaun Chance,186,616
Oceania,SC-205751,Sonia Cooley,304,573
Oceania,SC-206801,Steve Carroll,2608,137
Oceania,SC-206951,Steve Chapman,379,546
Oceania,SC-207701,Stewart Carmichael,718,435
Oceania,SC-208001,Stuart Calhoun,155,631
Oceania,SC-208451,Sung Chung,714,437
Oceania,SD-204851,Shirley Daniels,754,418
Oceania,SF-200651,Sandra Flanagan,467,515
Oceania,SF-202001,Sarah Foster,949,367
Oceania,SF-209651,Sylvia Foulston,945,368
Oceania,SG-200801,Sandra Glassco,266,585
Oceania,SG-206051,Speros Goranitis,1121,328
Oceania,SG-208901,Susan Gilcrest,1474,279
Oceania,SH-199751,Sally Hughsby,2172,175
Oceania,SH-203951,Shahid Hopkins,1108,332
Oceania,SJ-201251,Sanjit Jacobs,125,642
Oceania,SJ-202151,Sarah Jordon,373,548
Oceania,SJ-205001,Shirley Jackson,1496,276
Oceania,SK-199901,Sally Knutson,458,517
Oceania,SL-201551,Sara Luxemburg,373,549
Oceania,SM-200051,Sally Matthias,452,519
Oceania,SM-209051,Susan MacKendrick,912,377
Oceania,SM-209501,Suzanne McNair,353,553
Oceania,SN-207101,Steve Nguyen,3289,95
Oceania,SO-203351,Sean O'Donnell,1791,215
Oceania,SP-205451,Sibella Parks,1286,304
Oceania,SP-208601,Sung Pak,224,599
Oceania,SR-204251,Sharelle Roach,507,504
Oceania,SR-207401,Steven Roelle,2895,121
Oceania,SS-201401,Saphhira Shifley,1255,309
Oceania,SS-205901,Sonia Sunley,290,580
Oceania,SS-208751,Sung Shariari,174,621
Oceania,ST-205301,Shui Tom,2389,152
Oceania,SV-203651,Seth Vernon,1347,298
Oceania,SV-207851,Stewart Visinsky,724,431
Oceania,SV-208151,Stuart Van,2952,118
Oceania,SV-209351,Susan Vittorini,3267,98
Oceania,SW-202451,Scot Wooten,819,405
Oceania,SW-202751,Scott Williamson,2068,187
Oceania,SW-203501,Sean Wendt,295,576
Oceania,SW-204551,Shaun Weien,768,415
Oceania,SW-207551,Steven Ward,6723,11
Oceania,SZ-200351,Sam Zeldin,2232,164
Oceania,TA-213851,Tom Ashbrook,5430,22
Oceania,TB-210551,Ted Butterfield,520,499
Oceania,TB-211751,Thomas Boland,216,606
Oceania,TB-211901,Thomas Brumley,2607,138
Oceania,TB-212501,Tim Brockman,47,681
Oceania,TB-213551,Todd Boyes,2568,142
Oceania,TB-214001,Tom Boeckenhauer,2908,119
Oceania,TB-215201,Tracy Blumstein,1993,196
Oceania,TB-215951,Troy Blackwell,138,635
Oceania,TB-216251,Trudy Brown,2979,116
Oceania,TC-209801,Tamara Chand,506,506
Oceania,TC-211451,Theresa Coyne,4317,50
Oceania,TC-214751,Tony Chapman,3336,90
Oceania,TC-215351,Tracy Collins,1520,268
Oceania,TD-209951,Tamara Dahlen,722,433
Oceania,TG-213101,Toby Gnade,1487,278
Oceania,TG-216401,Trudy Glocke,700,443
Oceania,TH-211001,Thea Hendricks,507,505
Oceania,TH-211151,Thea Hudgings,708,439
Oceania,TH-212351,Tiffany House,2051,190
Oceania,TH-215501,Tracy Hopkins,475,513
Oceania,TM-210101,Tamara Manning,70,671
Oceania,TM-214901,Tony Molinari,550,484
Oceania,TN-210401,Tanja Norvell,644,456
Oceania,TP-211301,Theone Pippenger,1561,262
Oceania,TP-214151,Tom Prescott,203,611
Oceania,TP-215651,Tracy Poddar,312,566
Oceania,TR-213251,Toby Ritter,2243,162
Oceania,TS-210851,Thais Sissman,418,536
Oceania,TS-211601,Theresa Swint,506,507
Oceania,TS-212051,Thomas Seio,4138,58
Oceania,TS-213401,Toby Swindell,3487,82
Oceania,TS-213701,Todd Sumrall,583,477
Oceania,TS-214301,Tom Stivers,220,602
Oceania,TS-215051,Tony Sayre,2205,169
Oceania,TS-216101,Troy Staebel,7027,7
Oceania,TT-210701,Ted Trevino,651,455
Oceania,TT-212201,Thomas Thornton,1941,201
Oceania,TT-212651,Tim Taslimi,729,430
Oceania,TT-214601,Tonja Turnell,235,594
Oceania,TW-210251,Tamara Willingham,19,700
Oceania,TZ-214451,Tom Zandusky,1501,275
Oceania,TZ-215801,Tracy Zic,345,558
Oceania,VF-217151,Vicky Freymann,215,607
Oceania,VG-217901,Vivek Gonzalez,753,419
Oceania,VM-216851,Valerie Mitchum,972,358
Oceania,VM-218351,Vivian Mathis,274,582
Oceania,VP-217301,Victor Preis,1794,214
Oceania,VS-218201,Vivek Sundaresam,5156,27
Oceania,VT-217001,Valerie Takahito,950,366
Oceania,VW-217751,Victoria Wilson,1554,264
Oceania,WB-218501,William Brown,920,374
Oceania,XP-218651,Xylona Preis,2878,123
Oceania,YC-218951,Yoseph Carroll,1181,319
Oceania,YS-218801,Yana Sorensen,2053,189
Oceania,ZC-219101,Zuschuss Carroll,2270,160
Oceania,ZD-219251,Zuschuss Donatelli,60,675
South,AA-103152,Alex Avila,2713,126
South,AA-103752,Allen Armold,470,923
South,AA-103753,Allen Armold,252,1168
South,AA-103754,Allen Armold,598,813
South,AA-104803,Andrew Allen,27,1640
South,AA-104804,Andrew Allen,16,1692
South,AA-106452,Anna Andreadi,440,948
South,AA-106453,Anna Andreadi,340,1054
South,AA-106454,Anna Andreadi,292,1109
South,AB-100152,Aaron Bergman,1955,224
South,AB-100153,Aaron Bergman,723,726
South,AB-100603,Adam Bellavance,3073,97
South,AB-100604,Adam Bellavance,334,1061
South,AB-101052,Adrian Barton,746,704
South,AB-101053,Adrian Barton,771,687
South,AB-101054,Adrian Barton,844,639
South,AB-101502,Aimee Bixby,2740,123
South,AB-101503,Aimee Bixby,258,1154
South,AB-101654,Alan Barnes,164,1315
South,AB-102552,Alejandro Ballentine,9,1728
South,AB-102553,Alejandro Ballentine,28,1638
South,AB-102554,Alejandro Ballentine,34,1618
South,AB-106002,Ann Blume,2286,172
South,AB-106003,Ann Blume,25,1645
South,AB-106004,Ann Blume,17,1687
South,AC-104202,Alyssa Crouse,177,1293
South,AC-104203,Alyssa Crouse,328,1064
South,AC-104503,Amy Cox,94,1435
South,AC-104504,Amy Cox,1703,280
South,AC-106152,Ann Chong,2028,209
South,AC-106153,Ann Chong,282,1123
South,AC-106602,Anna Chung,44,1576
South,AC-106603,Anna Chung,18,1677
South,AD-101803,Alan Dominguez,896,593
South,AF-108702,Art Ferguson,822,657
South,AF-108703,Art Ferguson,1559,320
South,AF-108704,Art Ferguson,47,1567
South,AF-108852,Art Foster,1154,461
South,AF-108853,Art Foster,16,1693
South,AF-108854,Art Foster,372,1011
South,AG-102703,Alejandro Grove,673,764
South,AG-103002,Aleksandra Gannaway,2104,197
South,AG-103003,Aleksandra Gannaway,344,1049
South,AG-103302,Alex Grayson,113,1388
South,AG-103303,Alex Grayson,2480,151
South,AG-103304,Alex Grayson,13,1708
South,AG-103903,Allen Goldenen,1019,531
South,AG-103904,Allen Goldenen,134,1363
South,AG-104952,Andrew Gjertsen,1423,358
South,AG-104954,Andrew Gjertsen,1128,473
South,AG-105252,Andy Gerbode,1101,491
South,AG-105253,Andy Gerbode,279,1126
South,AG-105254,Andy Gerbode,241,1186
South,AG-106752,Anna Gayman,267,1143
South,AG-106753,Anna Gayman,2182,185
South,AG-106754,Anna Gayman,595,817
South,AG-107652,Anthony Garverick,1150,463
South,AG-107653,Anthony Garverick,251,1170
South,AG-107654,Anthony Garverick,113,1389
South,AG-109002,Arthur Gainer,854,628
South,AG-109003,Arthur Gainer,1471,343
South,AG-109004,Arthur Gainer,497,907
South,AH-100303,Aaron Hawkins,167,1311
South,AH-100304,Aaron Hawkins,86,1450
South,AH-100752,Adam Hart,641,785
South,AH-100753,Adam Hart,38,1599
South,AH-100754,Adam Hart,355,1036
South,AH-101204,Adrian Hane,201,1254
South,AH-101952,Alan Haines,1428,357
South,AH-101953,Alan Haines,519,885
South,AH-101954,Alan Haines,1410,361
South,AH-102102,Alan Hwang,2068,201
South,AH-102103,Alan Hwang,3174,90
South,AH-102104,Alan Hwang,1943,227
South,AH-104653,Amy Hunt,187,1278
South,AH-104654,Amy Hunt,104,1415
South,AH-105852,Angele Hood,246,1177
South,AH-105853,Angele Hood,567,842
South,AH-105854,Angele Hood,239,1189
South,AH-106902,Anna Häberlin,1292,408
South,AH-106903,Anna Häberlin,345,1046
South,AH-106904,Anna Häberlin,5372,15
South,AI-108552,Arianne Irving,288,1114
South,AI-108554,Arianne Irving,505,894
South,AJ-107803,Anthony Jacobs,222,1230
South,AJ-107804,Anthony Jacobs,62,1523
South,AJ-107952,Anthony Johnson,2019,211
South,AJ-107953,Anthony Johnson,18,1678
South,AJ-107954,Anthony Johnson,1725,272
South,AJ-109453,Ashley Jarboe,658,771
South,AJ-109454,Ashley Jarboe,19,1672
South,AJ-109602,Astrea Jones,1711,277
South,AM-103602,Alice McCarthy,18,1679
South,AM-103603,Alice McCarthy,2464,156
South,AM-107052,Anne McFarland,548,857
South,AM-107054,Anne McFarland,2230,180
South,AO-108102,Anthony O'Donnell,2237,179
South,AO-108103,Anthony O'Donnell,1282,411
South,AP-107203,Anne Pryor,2121,193
South,AP-107204,Anne Pryor,80,1475
South,AP-109152,Arthur Prichep,161,1318
South,AP-109153,Arthur Prichep,55,1543
South,AP-109154,Arthur Prichep,953,564
South,AR-103452,Alex Russell,3886,48
South,AR-103453,Alex Russell,770,689
South,AR-104052,Allen Rosenblatt,877,605
South,AR-104053,Allen Rosenblatt,129,1373
South,AR-104054,Allen Rosenblatt,240,1187
South,AR-105102,Andrew Roberts,3391,73
South,AR-105103,Andrew Roberts,58,1538
South,AR-105702,Anemone Ratner,1534,327
South,AR-105703,Anemone Ratner,576,832
South,AR-105704,Anemone Ratner,88,1446
South,AR-108252,Anthony Rawles,1883,242
South,AR-108253,Anthony Rawles,747,702
South,AS-100452,Aaron Smayling,642,783
South,AS-100453,Aaron Smayling,137,1359
South,AS-100454,Aaron Smayling,772,686
South,AS-100902,Adam Shillingsburg,68,1508
South,AS-100903,Adam Shillingsburg,1473,341
South,AS-100904,Adam Shillingsburg,35,1613
South,AS-102252,Alan Schoenberger,916,583
South,AS-102253,Alan Schoenberger,593,818
South,AS-102254,Alan Schoenberger,2217,182
South,AS-102402,Alan Shonely,1149,465
South,AS-102403,Alan Shonely,312,1082
South,AS-102404,Alan Shonely,377,1005
South,AS-102852,Alejandro Savely,3049,100
South,AS-102853,Alejandro Savely,587,824
South,AS-106303,Ann Steele,80,1476
South,AS-106304,Ann Steele,51,1555
South,AT-104352,Alyssa Tate,4627,30
South,AT-104353,Alyssa Tate,229,1209
South,AT-104354,Alyssa Tate,3,1740
South,AT-107353,Annie Thurman,1277,413
South,AT-107354,Annie Thurman,147,1344
South,AW-108402,Anthony Witt,684,757
South,AW-108403,Anthony Witt,17,1688
South,AW-109302,Arthur Wiediger,257,1155
South,AW-109303,Arthur Wiediger,62,1524
South,AZ-107503,Annie Zypern,2711,127
South,BB-109902,Barry Blumstein,107,1405
South,BB-109903,Barry Blumstein,265,1144
South,BB-115452,Brenda Bowman,510,889
South,BB-115453,Brenda Bowman,108,1402
South,BB-115454,Brenda Bowman,1158,460
South,BC-111252,Becky Castell,2562,139
South,BC-111253,Becky Castell,1005,536
South,BD-113203,Bill Donatelli,824,656
South,BD-115002,Bradley Drucker,947,567
South,BD-115003,Bradley Drucker,466,929
South,BD-115004,Bradley Drucker,3228,87
South,BD-115602,Brendan Dodson,100,1423
South,BD-115603,Brendan Dodson,1599,311
South,BD-115604,Brendan Dodson,152,1332
South,BD-116052,Brian Dahlen,506,893
South,BD-116053,Brian Dahlen,777,680
South,BD-116054,Brian Dahlen,910,586
South,BD-116202,Brian DeCherney,2002,213
South,BD-116203,Brian DeCherney,43,1581
South,BD-116204,Brian DeCherney,311,1085
South,BD-116352,Brian Derr,196,1263
South,BD-116354,Brian Derr,71,1497
South,BD-117253,Bruce Degenhardt,573,837
South,BD-117254,Bruce Degenhardt,1295,405
South,BD-117703,Bryan Davis,360,1027
South,BE-113352,Bill Eplett,1422,359
South,BE-113353,Bill Eplett,1191,440
South,BE-114102,Bobby Elias,999,541
South,BE-114103,Bobby Elias,547,858
South,BE-114104,Bobby Elias,252,1169
South,BE-114552,Brad Eason,1323,395
South,BF-109753,Barbara Fisher,761,693
South,BF-109754,Barbara Fisher,221,1232
South,BF-110053,Barry Franz,1388,375
South,BF-110202,Barry Französisch,2471,154
South,BF-110203,Barry Französisch,966,560
South,BF-110204,Barry Französisch,269,1140
South,BF-110802,Bart Folk,212,1243
South,BF-110803,Bart Folk,323,1071
South,BF-110804,Bart Folk,15,1701
South,BF-111702,Ben Ferrer,1578,315
South,BF-111704,Ben Ferrer,1804,258
South,BF-112152,Benjamin Farhat,360,1028
South,BF-112153,Benjamin Farhat,68,1509
South,BF-112752,Beth Fritzler,546,860
South,BF-112753,Beth Fritzler,239,1190
South,BF-112754,Beth Fritzler,403,983
South,BG-110352,Barry Gonzalez,3421,70
South,BG-110353,Barry Gonzalez,852,633
South,BG-110354,Barry Gonzalez,2555,140
South,BG-116953,Brooke Gillingham,349,1045
South,BG-117403,Bruce Geld,4907,21
South,BG-117404,Bruce Geld,10,1721
South,BH-117103,Brosina Hoffman,3762,51
South,BH-117104,Brosina Hoffman,581,828
South,BK-112603,Berenike Kampe,417,972
South,BM-111403,Becky Martin,3244,84
South,BM-115753,Brendan Murry,1914,234
South,BM-116502,Brian Moss,904,588
South,BM-117852,Bryan Mills,2863,114
South,BM-117853,Bryan Mills,732,716
South,BM-117854,Bryan Mills,209,1250
South,BN-114702,Brad Norvell,1679,289
South,BN-114703,Brad Norvell,2110,194
South,BN-114704,Brad Norvell,192,1271
South,BN-115153,Bradley Nguyen,336,1058
South,BO-114252,Bobby Odegard,1966,223
South,BO-114253,Bobby Odegard,545,861
South,BO-114254,Bobby Odegard,125,1378
South,BP-110502,Barry Pond,24,1648
South,BP-110503,Barry Pond,156,1327
South,BP-110952,Bart Pistole,575,836
South,BP-110953,Bart Pistole,663,768
South,BP-110954,Bart Pistole,105,1411
South,BP-111552,Becky Pak,230,1207
South,BP-111554,Becky Pak,19,1673
South,BP-111852,Ben Peterman,557,851
South,BP-111853,Ben Peterman,1462,349
South,BP-111854,Ben Peterman,7,1732
South,BP-112302,Benjamin Patterson,5229,17
South,BP-112303,Benjamin Patterson,148,1342
South,BP-112902,Beth Paige,152,1333
South,BP-112903,Beth Paige,300,1098
South,BP-112904,Beth Paige,370,1013
South,BS-113653,Bill Shonely,3841,49
South,BS-113654,Bill Shonely,345,1047
South,BS-113803,Bill Stewart,1927,229
South,BS-115903,Brendan Sweed,766,691
South,BS-115904,Brendan Sweed,702,741
South,BS-116652,Brian Stugart,292,1110
South,BS-116653,Brian Stugart,3615,60
South,BS-117552,Bruce Stewart,1354,386
South,BS-117553,Bruce Stewart,1107,486
South,BS-118003,Bryan Spruell,1768,265
South,BT-113052,Beth Thompson,526,876
South,BT-113053,Beth Thompson,1438,354
South,BT-113952,Bill Tyler,2590,136
South,BT-114403,Bobby Trafton,20,1667
South,BT-114852,Brad Thomas,1992,216
South,BT-114853,Brad Thomas,834,647
South,BT-115303,Bradley Talbott,1324,394
South,BT-116802,Brian Thompson,233,1200
South,BT-116803,Brian Thompson,98,1428
South,BT-116804,Brian Thompson,19,1674
South,BV-112452,Benjamin Venier,4806,24
South,BV-112453,Benjamin Venier,2442,160
South,BV-112454,Benjamin Venier,744,707
South,BW-110652,Barry Weirich,714,732
South,BW-110653,Barry Weirich,2741,122
South,BW-110654,Barry Weirich,46,1570
South,BW-111102,Bart Watters,3637,59
South,BW-111103,Bart Watters,63,1519
South,BW-111104,Bart Watters,39,1596
South,BW-112003,Ben Wallace,3467,68
South,BW-112004,Ben Wallace,307,1091
South,CA-119652,Carol Adams,1103,489
South,CA-119653,Carol Adams,1338,387
South,CA-119654,Carol Adams,22,1658
South,CA-120552,Cathy Armstrong,139,1356
South,CA-122653,Christina Anderson,1110,484
South,CA-122654,Christina Anderson,357,1032
South,CA-127753,Cynthia Arntzen,408,977
South,CA-127754,Cynthia Arntzen,33,1621
South,CB-120252,Cassandra Brandow,255,1161
South,CB-120253,Cassandra Brandow,8,1730
South,CB-120254,Cassandra Brandow,308,1089
South,CB-124152,Christy Brittain,794,674
South,CB-124153,Christy Brittain,253,1164
South,CB-125352,Claudia Bergmann,1931,228
South,CB-125354,Claudia Bergmann,853,630
South,CC-121002,Chad Cunningham,2388,164
South,CC-121003,Chad Cunningham,170,1308
South,CC-121453,Charles Crestani,78,1482
South,CC-122202,Chris Cortes,145,1348
South,CC-122203,Chris Cortes,81,1473
South,CC-122204,Chris Cortes,78,1483
South,CC-123702,Christopher Conant,304,1093
South,CC-123703,Christopher Conant,838,645
South,CC-123704,Christopher Conant,225,1218
South,CC-124752,Cindy Chapman,386,996
South,CC-124753,Cindy Chapman,2654,130
South,CC-125502,Clay Cheatham,223,1226
South,CC-125503,Clay Cheatham,269,1141
South,CC-126103,Corey Catlett,1981,218
South,CC-126104,Corey Catlett,1984,217
South,CC-126702,Craig Carreira,850,634
South,CC-126703,Craig Carreira,1015,534
South,CC-126704,Craig Carreira,620,793
South,CC-126854,Craig Carroll,423,966
South,CD-119202,Carlos Daly,855,627
South,CD-119203,Carlos Daly,177,1294
South,CD-122803,Christina DeMoss,698,744
South,CD-127902,Cynthia Delaney,17,1689
South,CD-127903,Cynthia Delaney,356,1034
South,CG-120402,Catherine Glotzbach,74,1491
South,CG-120403,Catherine Glotzbach,16,1694
South,CG-120404,Catherine Glotzbach,308,1090
South,CG-125202,Claire Gute,333,1063
South,CG-125204,Claire Gute,994,543
South,CH-120703,Cathy Hwang,391,992
South,CH-120704,Cathy Hwang,1128,474
South,CJ-118752,Carl Jackson,162,1316
South,CJ-118753,Carl Jackson,1736,269
South,CJ-120102,Caroline Jumper,232,1204
South,CJ-120103,Caroline Jumper,278,1127
South,CJ-120104,Caroline Jumper,3740,53
South,CK-122052,Chloris Kastensmidt,3145,94
South,CK-122053,Chloris Kastensmidt,848,635
South,CK-122054,Chloris Kastensmidt,193,1269
South,CK-123252,Christine Kargatis,187,1279
South,CK-123253,Christine Kargatis,2042,206
South,CK-123254,Christine Kargatis,1356,385
South,CK-125952,Clytie Kelty,492,909
South,CK-125953,Clytie Kelty,833,648
South,CK-125954,Clytie Kelty,1384,378
South,CK-127602,Cyma Kinney,36,1606
South,CK-127603,Cyma Kinney,79,1480
South,CK-127604,Cyma Kinney,132,1367
South,CL-118902,Carl Ludwig,370,1014
South,CL-118903,Carl Ludwig,4858,22
South,CL-125652,Clay Ludtke,83,1464
South,CL-125653,Clay Ludtke,272,1136
South,CL-125654,Clay Ludtke,355,1037
South,CL-127002,Craig Leslie,415,973
South,CL-127003,Craig Leslie,751,697
South,CL-127004,Craig Leslie,18,1680
South,CM-118152,Candace McMahon,1093,496
South,CM-118153,Candace McMahon,1385,377
South,CM-118302,Cari MacIntyre,3397,72
South,CM-118303,Cari MacIntyre,390,994
South,CM-119352,Carlos Meador,376,1008
South,CM-119353,Carlos Meador,2242,178
South,CM-119354,Carlos Meador,530,872
South,CM-121152,Chad McGuire,3160,92
South,CM-121153,Chad McGuire,1432,356
South,CM-121602,Charles McCrossin,859,621
South,CM-121603,Charles McCrossin,357,1033
South,CM-121902,Charlotte Melton,861,620
South,CM-121903,Charlotte Melton,82,1470
South,CM-122352,Chris McAfee,356,1035
South,CM-122353,Chris McAfee,1663,292
South,CM-122354,Chris McAfee,140,1355
South,CM-123852,Christopher Martinez,652,776
South,CM-123853,Christopher Martinez,449,941
South,CM-123854,Christopher Martinez,6682,7
South,CM-124453,Chuck Magee,878,604
South,CM-126553,Corinna Mitchell,536,865
South,CM-126554,Corinna Mitchell,23,1652
South,CM-127152,Craig Molinari,84,1458
South,CM-127153,Craig Molinari,29,1636
South,CP-120853,Cathy Prescott,93,1436
South,CP-120854,Cathy Prescott,233,1201
South,CP-123402,Christine Phan,309,1088
South,CP-123403,Christine Phan,1904,238
South,CP-123404,Christine Phan,1475,340
South,CR-125802,Clay Rozendal,1538,326
South,CR-126252,Corey Roper,338,1057
South,CR-126253,Corey Roper,1051,516
South,CR-126254,Corey Roper,122,1382
South,CR-127302,Craig Reiter,158,1325
South,CR-127303,Craig Reiter,6076,10
South,CR-128202,Cyra Reiten,59,1536
South,CR-128203,Cyra Reiten,707,737
South,CR-128204,Cyra Reiten,13,1709
South,CS-118453,Cari Sayre,1519,331
South,CS-118602,Cari Schnelling,198,1258
South,CS-118603,Cari Schnelling,61,1531
South,CS-118604,Cari Schnelling,505,895
South,CS-119502,Carlos Soltero,73,1493
South,CS-119503,Carlos Soltero,1615,305
South,CS-119504,Carlos Soltero,12,1716
South,CS-121303,Chad Sievert,319,1076
South,CS-121752,Charles Sheldon,300,1099
South,CS-121753,Charles Sheldon,246,1178
South,CS-121754,Charles Sheldon,87,1448
South,CS-122502,Chris Selesnick,1265,416
South,CS-122504,Chris Selesnick,1831,251
South,CS-123553,Christine Sundaresam,1094,495
South,CS-123554,Christine Sundaresam,1910,236
South,CS-124002,Christopher Schild,190,1273
South,CS-124003,Christopher Schild,608,806
South,CS-124004,Christopher Schild,1736,270
South,CS-124602,Chuck Sachs,1521,330
South,CS-124603,Chuck Sachs,62,1525
South,CS-124604,Chuck Sachs,312,1083
South,CS-124902,Cindy Schnelling,411,975
South,CS-124903,Cindy Schnelling,591,821
South,CS-124904,Cindy Schnelling,562,846
South,CS-125054,Cindy Stewart,448,943
South,CT-119952,Carol Triggs,847,636
South,CT-119953,Carol Triggs,1719,275
South,CV-122953,Christina VanderZanden,1707,279
South,CV-128053,Cynthia Voltz,84,1459
South,CW-119052,Carl Weiss,62,1526
South,CY-127452,Craig Yedwab,2220,181
South,CY-127453,Craig Yedwab,129,1374
South,CY-127454,Craig Yedwab,554,853
South,Co-126403,Corey-Lock,1336,389
South,Co-126404,Corey-Lock,192,1272
South,DA-134502,Dianna Arnett,522,881
South,DA-134503,Dianna Arnett,364,1020
South,DA-134504,Dianna Arnett,10,1722
South,DB-129102,Daniel Byrd,2463,157
South,DB-129103,Daniel Byrd,490,912
South,DB-129104,Daniel Byrd,981,553
South,DB-130602,Dave Brooks,186,1280
South,DB-130603,Dave Brooks,50,1556
South,DB-130604,Dave Brooks,872,609
South,DB-131202,David Bremer,45,1573
South,DB-131203,David Bremer,327,1066
South,DB-131204,David Bremer,278,1128
South,DB-132102,Dean Braden,2523,146
South,DB-132103,Dean Braden,382,1000
South,DB-132104,Dean Braden,227,1213
South,DB-132702,Deborah Brumfield,103,1418
South,DB-132703,Deborah Brumfield,13,1710
South,DB-133602,Dennis Bolton,37,1604
South,DB-133603,Dennis Bolton,1167,456
South,DB-134052,Denny Blanton,274,1133
South,DB-134053,Denny Blanton,444,945
South,DB-134054,Denny Blanton,87,1449
South,DB-135553,Dorothy Badders,240,1188
South,DB-135554,Dorothy Badders,1865,245
South,DB-136153,Doug Bickford,825,654
South,DB-136154,Doug Bickford,441,947
South,DB-136602,Duane Benoit,2538,142
South,DB-136603,Duane Benoit,282,1124
South,DC-128503,Dan Campbell,1175,451
South,DC-128504,Dan Campbell,2448,159
South,DC-132853,Debra Catini,1779,263
South,DC-132854,Debra Catini,722,727
South,DD-135702,Dorothy Dickinson,3087,96
South,DD-135703,Dorothy Dickinson,620,794
South,DD-135704,Dorothy Dickinson,64,1518
South,DE-132552,Deanra Eno,41,1586
South,DE-132553,Deanra Eno,131,1369
South,DF-131352,David Flashing,1001,538
South,DF-131353,David Flashing,213,1239
South,DG-133002,Deirdre Greer,1680,288
South,DG-133003,Deirdre Greer,182,1287
South,DH-130752,Dave Hallsten,304,1094
South,DH-130753,Dave Hallsten,36,1607
South,DH-130754,Dave Hallsten,1841,249
South,DH-136753,Duane Huffman,36,1608
South,DH-136754,Duane Huffman,498,905
South,DJ-134202,Denny Joy,4600,31
South,DJ-134203,Denny Joy,799,669
South,DJ-134204,Denny Joy,393,990
South,DJ-135102,Don Jones,2047,205
South,DJ-135103,Don Jones,2540,141
South,DJ-135104,Don Jones,501,900
South,DJ-136302,Doug Jacobs,749,700
South,DJ-136303,Doug Jacobs,2148,189
South,DK-128352,Damala Kotsonis,4208,39
South,DK-128353,Damala Kotsonis,1102,490
South,DK-128354,Damala Kotsonis,407,979
South,DK-128952,Dana Kaydos,175,1300
South,DK-128953,Dana Kaydos,854,629
South,DK-128954,Dana Kaydos,564,844
South,DK-129852,Darren Koutras,257,1156
South,DK-129853,Darren Koutras,1566,317
South,DK-129854,Darren Koutras,740,710
South,DK-130902,Dave Kipp,3312,78
South,DK-130904,Dave Kipp,1062,509
South,DK-131502,David Kendrick,17,1690
South,DK-131503,David Kendrick,111,1395
South,DK-132252,Dean Katz,796,671
South,DK-132253,Dean Katz,225,1219
South,DK-133752,Dennis Kane,1399,364
South,DK-133753,Dennis Kane,216,1236
South,DL-128652,Dan Lawera,211,1245
South,DL-128653,Dan Lawera,1041,525
South,DL-128654,Dan Lawera,214,1238
South,DL-129253,Daniel Lacy,1147,466
South,DL-129254,Daniel Lacy,1300,403
South,DL-133152,Delfina Latchford,750,699
South,DL-133154,Delfina Latchford,180,1289
South,DL-133302,Denise Leinenbach,86,1451
South,DL-133303,Denise Leinenbach,407,980
South,DL-133304,Denise Leinenbach,23,1653
South,DL-134952,Dionis Lloyd,1654,295
South,DL-134953,Dionis Lloyd,31,1627
South,DL-134954,Dionis Lloyd,316,1079
South,DM-129553,Dario Medina,1001,539
South,DM-129554,Dario Medina,82,1471
South,DM-130152,Darrin Martin,1684,287
South,DM-130154,Darrin Martin,228,1212
South,DM-133452,Denise Monton,2123,192
South,DM-133453,Denise Monton,1186,445
South,DM-133454,Denise Monton,2755,121
South,DM-135252,Don Miller,29,1637
South,DM-135253,Don Miller,211,1246
South,DM-135254,Don Miller,243,1184
South,DN-136902,Duane Noonan,2570,137
South,DN-136903,Duane Noonan,3528,64
South,DO-134352,Denny Ordway,2180,186
South,DO-134353,Denny Ordway,12,1717
South,DO-134354,Denny Ordway,459,936
South,DO-136452,Doug O'Connell,842,642
South,DO-136453,Doug O'Connell,82,1472
South,DO-136454,Doug O'Connell,320,1074
South,DP-130002,Darren Powers,1117,481
South,DP-130003,Darren Powers,1193,439
South,DP-130004,Darren Powers,8,1731
South,DP-131052,Dave Poirier,22,1659
South,DP-131053,Dave Poirier,531,870
South,DP-131652,David Philippe,1091,497
South,DP-131653,David Philippe,325,1067
South,DP-133902,Dennis Pardue,408,978
South,DP-133903,Dennis Pardue,947,568
South,DP-133904,Dennis Pardue,52,1552
South,DR-128802,Dan Reichenbach,10,1723
South,DR-128803,Dan Reichenbach,950,565
South,DR-128804,Dan Reichenbach,288,1115
South,DR-129402,Daniel Raglin,541,863
South,DR-129403,Daniel Raglin,121,1383
South,DR-129404,Daniel Raglin,490,913
South,DS-130303,Darrin Sayre,1619,304
South,DS-131802,David Smith,732,717
South,DS-131803,David Smith,177,1295
South,DS-131804,David Smith,93,1437
South,DV-130452,Darrin Van Huff,694,750
South,DV-130453,Darrin Van Huff,107,1406
South,DV-130454,Darrin Van Huff,895,595
South,DV-134652,Dianna Vittorini,105,1412
South,DV-134653,Dianna Vittorini,345,1048
South,DW-131953,David Wiener,40,1593
South,DW-131954,David Wiener,4,1738
South,DW-134803,Dianna Wilson,940,573
South,DW-134804,Dianna Wilson,598,814
South,DW-135402,Don Weiss,2690,128
South,DW-135403,Don Weiss,830,649
South,DW-135404,Don Weiss,13,1711
South,DW-135852,Dorothy Wardle,428,960
South,DW-135853,Dorothy Wardle,96,1432
South,DW-135854,Dorothy Wardle,224,1225
South,Dl-136002,Dorris liebe,83,1465
South,Dp-132402,Dean percer,899,591
South,Dp-132403,Dean percer,1921,232
South,Dp-132404,Dean percer,3465,69
South,EA-140352,Erin Ashbrook,84,1460
South,EA-140353,Erin Ashbrook,31,1628
South,EA-140354,Erin Ashbrook,206,1251
South,EB-137052,Ed Braxton,625,792
South,EB-137053,Ed Braxton,1785,261
South,EB-137503,Edward Becker,2071,200
South,EB-137504,Edward Becker,688,755
South,EB-138403,Ellis Ballard,253,1165
South,EB-138404,Ellis Ballard,14,1706
South,EB-138702,Emily Burns,592,820
South,EB-138703,Emily Burns,93,1438
South,EB-138704,Emily Burns,465,930
South,EB-139304,Eric Barreto,239,1191
South,EB-139752,Erica Bern,1365,383
South,EB-139753,Erica Bern,3053,98
South,EB-139754,Erica Bern,985,550
South,EB-141102,Eugene Barchas,529,874
South,EB-141702,Evan Bailliet,419,971
South,EB-141703,Evan Bailliet,1723,273
South,EB-141704,Evan Bailliet,16,1695
South,EC-140503,Erin Creighton,883,601
South,EC-140504,Erin Creighton,299,1100
South,ED-138852,Emily Ducich,1059,513
South,ED-138853,Emily Ducich,159,1322
South,EG-139002,Emily Grady,41,1587
South,EG-139003,Emily Grady,853,631
South,EG-139004,Emily Grady,198,1259
South,EH-137652,Edward Hooks,2496,148
South,EH-137653,Edward Hooks,741,709
South,EH-139452,Eric Hoffmann,1470,346
South,EH-139453,Eric Hoffmann,364,1021
South,EH-139454,Eric Hoffmann,26,1642
South,EH-139903,Erica Hackney,343,1050
South,EH-139904,Erica Hackney,150,1336
South,EH-140052,Erica Hernandez,2138,191
South,EH-140053,Erica Hernandez,154,1330
South,EH-140054,Erica Hernandez,588,823
South,EH-141252,Eugene Hildebrand,351,1044
South,EH-141254,Eugene Hildebrand,303,1095
South,EH-141853,Evan Henry,700,743
South,EH-141854,Evan Henry,253,1166
South,EJ-137202,Ed Jacobs,43,1582
South,EJ-137203,Ed Jacobs,1612,306
South,EJ-141552,Eva Jacobs,1187,444
South,EJ-141553,Eva Jacobs,77,1486
South,EJ-141554,Eva Jacobs,49,1559
South,EL-137352,Ed Ludwig,1698,281
South,EL-137353,Ed Ludwig,43,1583
South,EM-138102,Eleni McCrary,1325,393
South,EM-138103,Eleni McCrary,682,760
South,EM-138252,Elizabeth Moffitt,696,747
South,EM-138253,Elizabeth Moffitt,205,1252
South,EM-138254,Elizabeth Moffitt,30,1632
South,EM-139602,Eric Murdock,870,611
South,EM-139603,Eric Murdock,11,1719
South,EM-140652,Erin Mull,15,1702
South,EM-140653,Erin Mull,543,862
South,EM-140654,Erin Mull,21,1662
South,EM-140952,Eudokia Martin,173,1302
South,EM-140954,Eudokia Martin,520,884
South,EM-141403,Eugene Moren,2213,183
South,EM-142003,Evan Minnotte,211,1247
South,EM-142004,Evan Minnotte,69,1504
South,EN-137803,Edward Nazzal,432,956
South,EP-139152,Emily Phan,16,1696
South,EP-139154,Emily Phan,277,1130
South,ER-138552,Elpida Rittenbach,6974,5
South,ER-138553,Elpida Rittenbach,1099,492
South,ER-138554,Elpida Rittenbach,1106,487
South,ES-140202,Erica Smith,2534,143
South,ES-140203,Erica Smith,1232,426
South,ES-140204,Erica Smith,210,1248
South,ES-140803,Erin Smith,4070,43
South,ES-140804,Erin Smith,96,1433
South,FA-142302,Frank Atkinson,1482,338
South,FA-142303,Frank Atkinson,142,1352
South,FA-142304,Frank Atkinson,821,658
South,FC-142452,Frank Carlisle,53,1548
South,FC-142453,Frank Carlisle,2473,153
South,FC-142454,Frank Carlisle,220,1233
South,FC-143352,Fred Chung,439,950
South,FC-143353,Fred Chung,225,1220
South,FG-142603,Frank Gastineau,321,1073
South,FH-142753,Frank Hawley,908,587
South,FH-142754,Frank Hawley,810,664
South,FH-143503,Fred Harton,9,1729
South,FH-143504,Fred Harton,1143,468
South,FH-143652,Fred Hopkins,4025,44
South,FH-143654,Fred Hopkins,427,961
South,FM-142152,Filia McAdams,1689,286
South,FM-142153,Filia McAdams,618,795
South,FM-142154,Filia McAdams,898,592
South,FM-142903,Frank Merwin,560,849
South,FM-142904,Frank Merwin,1447,352
South,FM-143802,Fred McMath,816,661
South,FM-143803,Fred McMath,724,724
South,FM-143804,Fred McMath,577,831
South,FO-143052,Frank Olsen,763,692
South,FO-143053,Frank Olsen,134,1364
South,FO-143054,Frank Olsen,1548,322
South,FP-143203,Frank Preis,168,1310
South,FW-143953,Fred Wasserman,1229,427
South,FW-143954,Fred Wasserman,20,1668
South,GA-145153,George Ashbrook,839,644
South,GA-145154,George Ashbrook,44,1577
South,GA-147252,Guy Armstrong,488,914
South,GA-147253,Guy Armstrong,20,1669
South,GA-147254,Guy Armstrong,232,1205
South,GB-145302,George Bell,463,933
South,GB-145303,George Bell,507,890
South,GB-145304,George Bell,335,1059
South,GB-145752,Giulietta Baptist,85,1454
South,GB-145753,Giulietta Baptist,1071,507
South,GB-145754,Giulietta Baptist,4177,40
South,GD-145902,Giulietta Dortch,2103,198
South,GD-145903,Giulietta Dortch,106,1408
South,GD-145904,Giulietta Dortch,47,1568
South,GG-146503,Greg Guthrie,479,920
South,GG-146504,Greg Guthrie,158,1326
South,GH-144102,Gary Hansen,3512,65
South,GH-144103,Gary Hansen,1553,321
South,GH-144104,Gary Hansen,16,1697
South,GH-144252,Gary Hwang,1809,257
South,GH-144254,Gary Hwang,13,1712
South,GH-144852,Gene Hale,2888,109
South,GH-146652,Greg Hansen,108,1403
South,GH-146653,Greg Hansen,161,1319
South,GK-146203,Grace Kelly,3685,56
South,GK-146204,Grace Kelly,65,1516
South,GM-144402,Gary McGarr,491,911
South,GM-144403,Gary McGarr,2268,174
South,GM-144404,Gary McGarr,310,1086
South,GM-144552,Gary Mitchum,796,672
South,GM-145003,Gene McClure,983,551
South,GM-145004,Gene McClure,10,1724
South,GM-146803,Greg Matthias,853,632
South,GM-146953,Greg Maxwell,386,997
South,GM-146954,Greg Maxwell,4252,38
South,GP-147402,Guy Phonely,256,1157
South,GP-147403,Guy Phonely,596,816
South,GR-145602,Georgia Rosenberg,167,1312
South,GT-146352,Grant Thornton,99,1426
South,GT-146354,Grant Thornton,8167,4
South,GT-147102,Greg Tran,2602,135
South,GT-147552,Guy Thornton,503,898
South,GT-147553,Guy Thornton,232,1206
South,GW-146052,Giulietta Weimer,97,1431
South,GW-146054,Giulietta Weimer,436,952
South,GZ-144702,Gary Zandusky,2876,110
South,GZ-144703,Gary Zandusky,150,1337
South,GZ-144704,Gary Zandusky,55,1544
South,HA-149052,Helen Abelman,3337,76
South,HA-149053,Helen Abelman,1091,498
South,HA-149202,Helen Andreada,1074,506
South,HA-149203,Helen Andreada,1173,453
South,HA-149204,Helen Andreada,646,779
South,HD-147852,Harold Dahlen,617,797
South,HD-147853,Harold Dahlen,398,989
South,HE-148002,Harold Engle,714,733
South,HE-148003,Harold Engle,2212,184
South,HF-149952,Herbert Flentye,144,1351
South,HF-149953,Herbert Flentye,1034,526
South,HF-149954,Herbert Flentye,826,653
South,HG-148452,Harry Greene,38,1600
South,HG-148454,Harry Greene,70,1501
South,HG-149652,Henry Goldwyn,841,643
South,HG-149654,Henry Goldwyn,85,1455
South,HG-150252,Hunter Glantz,86,1452
South,HG-150253,Hunter Glantz,318,1078
South,HG-150254,Hunter Glantz,89,1443
South,HH-150103,Hilary Holden,796,673
South,HJ-148752,Heather Jas,1095,494
South,HJ-148754,Heather Jas,5,1735
South,HK-148902,Heather Kirkland,370,1015
South,HK-148903,Heather Kirkland,1610,307
South,HK-148904,Heather Kirkland,71,1498
South,HL-150402,Hunter Lopez,381,1002
South,HL-150404,Hunter Lopez,1860,246
South,HM-148602,Harry Marie,1239,421
South,HM-148603,Harry Marie,4655,27
South,HM-149802,Henry MacAllister,654,774
South,HM-149803,Henry MacAllister,295,1104
South,HM-149804,Henry MacAllister,23,1654
South,HP-148152,Harold Pawlan,638,786
South,HP-148153,Harold Pawlan,968,558
South,HP-148154,Harold Pawlan,111,1396
South,HR-147702,Hallie Redmond,654,775
South,HR-147704,Hallie Redmond,235,1199
South,HR-148302,Harold Ryan,991,546
South,HR-148303,Harold Ryan,37,1605
South,HR-148304,Harold Ryan,14,1707
South,HW-149352,Helen Wasserman,432,957
South,HZ-149504,Henia Zydlo,724,725
South,IG-150852,Ivan Gibson,935,579
South,IG-150853,Ivan Gibson,35,1614
South,IG-150854,Ivan Gibson,199,1257
South,IL-151002,Ivan Liston,262,1148
South,IL-151003,Ivan Liston,382,1001
South,IM-150552,Ionia McGrath,54,1546
South,IM-150553,Ionia McGrath,61,1532
South,IM-150702,Irene Maddox,792,675
South,IM-150703,Irene Maddox,171,1306
South,IM-150704,Irene Maddox,1980,219
South,JA-159702,Joseph Airdo,152,1334
South,JB-154002,Jennifer Braxton,4698,26
South,JB-154003,Jennifer Braxton,483,918
South,JB-154004,Jennifer Braxton,324,1069
South,JB-160002,Joy Bell-,2153,188
South,JB-160003,Joy Bell-,3529,63
South,JB-160452,Julia Barnett,1814,255
South,JB-160453,Julia Barnett,1841,250
South,JB-160454,Julia Barnett,1312,398
South,JC-153403,Jasper Cacioppo,13,1713
South,JC-153852,Jenna Caffey,2488,149
South,JC-153853,Jenna Caffey,1709,278
South,JC-157754,John Castell,1051,517
South,JC-161052,Julie Creighton,1908,237
South,JC-161053,Julie Creighton,658,772
South,JC-161054,Julie Creighton,213,1240
South,JD-157903,John Dryer,24,1649
South,JD-157904,John Dryer,1802,259
South,JD-158952,Jonathan Doherty,1641,300
South,JD-158953,Jonathan Doherty,31,1629
South,JD-158954,Jonathan Doherty,2344,167
South,JD-160152,Joy Daniels,689,754
South,JD-160153,Joy Daniels,150,1338
South,JD-160602,Julia Dunbar,1393,370
South,JD-160603,Julia Dunbar,458,938
South,JD-161503,Justin Deggeller,504,897
South,JE-156103,Jim Epp,137,1360
South,JE-156104,Jim Epp,6267,9
South,JE-157153,Joe Elijah,368,1017
South,JE-157154,Joe Elijah,2630,131
South,JE-157452,Joel Eaton,1298,404
South,JE-157453,Joel Eaton,614,799
South,JE-157454,Joel Eaton,2470,155
South,JE-161652,Justin Ellison,177,1296
South,JE-161653,Justin Ellison,226,1216
South,JE-161654,Justin Ellison,15,1703
South,JF-151902,Jamie Frazer,1780,262
South,JF-151903,Jamie Frazer,969,557
South,JF-151904,Jamie Frazer,362,1024
South,JF-152952,Jason Fortune-,4460,33
South,JF-152953,Jason Fortune-,980,555
South,JF-153552,Jay Fein,1467,348
South,JF-153554,Jay Fein,85,1456
South,JF-154902,Jeremy Farry,18,1681
South,JF-154903,Jeremy Farry,44,1578
South,JF-154904,Jeremy Farry,15,1704
South,JF-155652,Jill Fjeld,1697,282
South,JF-155653,Jill Fjeld,1876,243
South,JF-155654,Jill Fjeld,2442,161
South,JG-151152,Jack Garza,4348,35
South,JG-151154,Jack Garza,312,1084
South,JG-151602,James Galang,263,1145
South,JG-151603,James Galang,99,1427
South,JG-151604,James Galang,297,1102
South,JG-153103,Jason Gross,26,1643
South,JG-158052,John Grady,1760,266
South,JH-154303,Jennifer Halladay,1518,333
South,JH-154304,Jennifer Halladay,194,1266
South,JH-158202,John Huston,3967,46
South,JH-158203,John Huston,3473,67
South,JH-158204,John Huston,18,1682
South,JH-159103,Jonathan Howell,1386,376
South,JH-159104,Jonathan Howell,256,1158
South,JH-159852,Joseph Holt,1927,230
South,JH-159853,Joseph Holt,1471,344
South,JH-159854,Joseph Holt,4298,36
South,JH-161802,Justin Hirsh,5524,14
South,JH-161803,Justin Hirsh,2348,166
South,JJ-154452,Jennifer Jackson,166,1313
South,JJ-157602,Joel Jenkins,559,850
South,JJ-157603,Joel Jenkins,1090,499
South,JJ-157604,Joel Jenkins,75,1490
South,JK-152052,Jamie Kunitz,875,606
South,JK-152053,Jamie Kunitz,334,1062
South,JK-152054,Jamie Kunitz,2063,203
South,JK-153252,Jason Klamczynski,255,1162
South,JK-153702,Jay Kimmel,458,939
South,JK-153703,Jay Kimmel,1229,428
South,JK-153704,Jay Kimmel,810,665
South,JK-156252,Jim Karlsson,146,1346
South,JK-156253,Jim Karlsson,2015,212
South,JK-156254,Jim Karlsson,774,684
South,JK-156402,Jim Kriz,54,1547
South,JK-156403,Jim Kriz,20,1670
South,JK-157302,Joe Kamberova,3358,74
South,JK-157303,Joe Kamberova,585,825
South,JK-157304,Joe Kamberova,1778,264
South,JK-160902,Juliana Krohn,1395,366
South,JK-160903,Juliana Krohn,145,1349
South,JK-160904,Juliana Krohn,893,597
South,JK-161202,Julie Kriz,62,1527
South,JK-161203,Julie Kriz,1292,409
South,JK-161204,Julie Kriz,800,668
South,JL-151302,Jack Lebron,498,906
South,JL-151303,Jack Lebron,1320,396
South,JL-151304,Jack Lebron,1118,479
South,JL-151753,James Lanier,1697,283
South,JL-151754,James Lanier,101,1422
South,JL-152352,Janet Lee,1717,276
South,JL-152353,Janet Lee,1000,540
South,JL-152354,Janet Lee,752,696
South,JL-155052,Jeremy Lonsdale,194,1267
South,JL-155053,Jeremy Lonsdale,1562,319
South,JL-158352,John Lee,20,1671
South,JL-158353,John Lee,555,852
South,JL-158354,John Lee,4519,32
South,JL-158502,John Lucas,111,1397
South,JL-158503,John Lucas,198,1260
South,JM-152502,Janet Martin,423,967
South,JM-152503,Janet Martin,111,1398
South,JM-152504,Janet Martin,378,1004
South,JM-152652,Janet Molinari,299,1101
South,JM-152653,Janet Molinari,41,1588
South,JM-155352,Jessica Myrick,825,655
South,JM-155353,Jessica Myrick,35,1615
South,JM-155803,Jill Matthias,2684,129
South,JM-155804,Jill Matthias,100,1424
South,JM-156552,Jim Mitchum,2871,112
South,JM-156553,Jim Mitchum,1215,431
South,JM-158652,John Murray,2001,214
South,JM-158654,John Murray,36,1609
South,JM-161952,Justin MacKendrick,44,1579
South,JM-161953,Justin MacKendrick,179,1291
South,JM-161954,Justin MacKendrick,1017,532
South,JO-151452,Jack O'Briant,314,1080
South,JO-151453,Jack O'Briant,353,1040
South,JO-151454,Jack O'Briant,89,1444
South,JO-152803,Jas O'Carroll,190,1274
South,JO-152804,Jas O'Carroll,244,1181
South,JO-155503,Jesus Ocampo,43,1584
South,JP-154603,Jennifer Patt,33,1622
South,JP-155203,Jeremy Pistek,2481,150
South,JP-155204,Jeremy Pistek,256,1159
South,JP-161352,Julie Prescott,1607,309
South,JP-161353,Julie Prescott,38,1601
South,JP-161354,Julie Prescott,593,819
South,JR-156702,Jim Radford,965,561
South,JR-156703,Jim Radford,774,685
South,JR-157002,Jocasta Rupert,626,790
South,JR-157003,Jocasta Rupert,701,742
South,JR-157004,Jocasta Rupert,864,617
South,JR-162103,Justin Ritter,1360,384
South,JR-162104,Justin Ritter,717,731
South,JS-155954,Jill Stevenson,784,678
South,JS-156853,Jim Sink,119,1385
South,JS-156854,Jim Sink,552,854
South,JS-158802,John Stevenson,1285,410
South,JS-158804,John Stevenson,1366,382
South,JS-159402,Joni Sundaresam,983,552
South,JS-160302,Joy Smith,483,919
South,JS-160303,Joy Smith,132,1368
South,JS-160304,Joy Smith,1112,482
South,JW-152202,Jane Waco,1062,510
South,JW-152203,Jane Waco,138,1357
South,JW-152204,Jane Waco,10,1725
South,JW-159554,Joni Wasserman,598,815
South,JW-160752,Julia West,695,749
South,JW-160753,Julia West,198,1261
South,JW-160754,Julia West,1270,414
South,KA-165252,Kelly Andreada,1377,381
South,KA-165253,Kelly Andreada,324,1070
South,KB-162402,Karen Bern,809,666
South,KB-162403,Karen Bern,322,1072
South,KB-162404,Karen Bern,134,1365
South,KB-163152,Karl Braun,589,822
South,KB-163153,Karl Braun,655,773
South,KB-163154,Karl Braun,127,1376
South,KB-164053,Katrina Bavinger,173,1303
South,KB-165852,Ken Black,576,833
South,KB-165853,Ken Black,106,1409
South,KB-165854,Ken Black,1381,380
South,KB-166002,Ken Brennan,114,1387
South,KC-162553,Karen Carlisle,1214,432
South,KC-162554,Karen Carlisle,2034,208
South,KC-165402,Kelly Collister,626,791
South,KC-165403,Kelly Collister,928,581
South,KC-166752,Kimberly Carter,197,1262
South,KC-166753,Kimberly Carter,2284,173
South,KC-166754,Kimberly Carter,698,745
South,KD-162703,Karen Daniels,1494,337
South,KD-162704,Karen Daniels,76,1488
South,KD-163453,Katherine Ducich,201,1255
South,KD-164953,Keith Dawkins,220,1234
South,KD-164954,Keith Dawkins,295,1105
South,KD-166152,Ken Dana,263,1146
South,KD-166153,Ken Dana,284,1121
South,KE-164202,Katrina Edelman,149,1339
South,KE-164203,Katrina Edelman,2332,168
South,KE-164204,Katrina Edelman,170,1309
South,KF-162852,Karen Ferguson,285,1120
South,KF-162853,Karen Ferguson,269,1142
South,KF-162854,Karen Ferguson,149,1340
South,KH-163302,Katharine Harms,223,1227
South,KH-163304,Katharine Harms,141,1354
South,KH-163603,Katherine Hughes,819,659
South,KH-163604,Katherine Hughes,1824,252
South,KH-165102,Keith Herrera,727,722
South,KH-165103,Keith Herrera,1202,435
South,KH-165104,Keith Herrera,1047,519
South,KH-166302,Ken Heidel,68,1510
South,KH-166304,Ken Heidel,1045,521
South,KH-166902,Kristen Hastings,1473,342
South,KH-166904,Kristen Hastings,3769,50
South,KL-165553,Kelly Lampkin,1644,298
South,KL-165554,Kelly Lampkin,2458,158
South,KL-166452,Ken Lonsdale,1168,455
South,KM-162253,Kalyca Meade,118,1386
South,KM-163753,Katherine Murray,93,1439
South,KM-163754,Katherine Murray,288,1116
South,KM-166603,Khloe Miller,48,1561
South,KM-166604,Khloe Miller,130,1371
South,KM-167203,Kunst Miller,514,887
South,KN-163902,Katherine Nockton,212,1244
South,KN-163903,Katherine Nockton,35,1616
South,KN-164502,Kean Nguyen,526,877
South,KN-164504,Kean Nguyen,1,1745
South,KN-167052,Kristina Nunn,532,867
South,KN-167053,Kristina Nunn,45,1574
South,KN-167054,Kristina Nunn,476,921
South,KS-163002,Karen Seio,223,1228
South,KS-163003,Karen Seio,113,1390
South,KS-163004,Karen Seio,72,1495
South,KT-164652,Kean Takahito,185,1282
South,KT-164653,Kean Takahito,6371,8
South,KT-164654,Kean Takahito,53,1549
South,KT-164802,Kean Thornton,63,1520
South,KT-164804,Kean Thornton,80,1477
South,KW-164352,Katrina Willman,993,544
South,KW-164353,Katrina Willman,46,1571
South,KW-164354,Katrina Willman,3748,52
South,KW-165703,Kelly Williams,944,570
South,KW-165704,Kelly Williams,176,1298
South,LA-167802,Laura Armstrong,278,1129
South,LA-167803,Laura Armstrong,814,662
South,LA-167804,Laura Armstrong,662,769
South,LB-167352,Larry Blacks,253,1167
South,LB-167353,Larry Blacks,4854,23
South,LB-167354,Larry Blacks,27,1641
South,LB-167952,Laurel Beltran,1399,365
South,LB-167953,Laurel Beltran,534,866
South,LB-167954,Laurel Beltran,682,761
South,LC-168703,Lena Cacioppo,493,908
South,LC-168704,Lena Cacioppo,875,607
South,LC-168853,Lena Creighton,292,1111
South,LC-168854,Lena Creighton,319,1077
South,LC-169302,Linda Cazamias,233,1202
South,LC-169303,Linda Cazamias,1212,433
South,LC-169602,Lindsay Castell,1593,313
South,LC-169603,Lindsay Castell,237,1196
South,LC-169604,Lindsay Castell,532,868
South,LC-170503,Liz Carlisle,2041,207
South,LC-170504,Liz Carlisle,866,614
South,LC-171402,Logan Currie,2875,111
South,LC-171403,Logan Currie,945,569
South,LC-171404,Logan Currie,859,622
South,LD-168553,Lela Donovan,552,855
South,LD-170053,Lisa DeCherney,411,976
South,LE-168102,Laurel Elliston,3298,79
South,LE-168104,Laurel Elliston,771,688
South,LF-171852,Luke Foster,399,987
South,LF-171854,Luke Foster,10,1726
South,LH-167503,Larry Hughes,646,780
South,LH-167504,Larry Hughes,272,1137
South,LH-169002,Lena Hernandez,111,1399
South,LH-169003,Lena Hernandez,2064,202
South,LH-169004,Lena Hernandez,1408,362
South,LH-170202,Lisa Hazard,32,1623
South,LH-170203,Lisa Hazard,601,811
South,LH-171552,Logan Haushalter,1638,301
South,LH-171553,Logan Haushalter,46,1572
South,LL-168402,Lauren Leatherbury,62,1528
South,LL-168403,Lauren Leatherbury,131,1370
South,LL-168404,Lauren Leatherbury,2615,133
South,LM-170654,Liz MacKendrick,646,781
South,LO-171702,Lori Olson,44,1580
South,LO-171703,Lori Olson,1110,485
South,LO-171704,Lori Olson,177,1297
South,LP-170802,Liz Pelletier,501,901
South,LP-170803,Liz Pelletier,617,798
South,LP-170953,Liz Preis,1279,412
South,LP-170954,Liz Preis,251,1171
South,LR-169152,Lena Radford,2730,125
South,LR-169153,Lena Radford,499,903
South,LR-169154,Lena Radford,1174,452
South,LR-170352,Lisa Ryan,799,670
South,LR-170353,Lisa Ryan,568,840
South,LS-169452,Linda Southworth,45,1575
South,LS-169453,Linda Southworth,84,1461
South,LS-169752,Lindsay Shagiari,313,1081
South,LS-169753,Lindsay Shagiari,1173,454
South,LS-172002,Luke Schmidt,237,1197
South,LS-172003,Luke Schmidt,3988,45
South,LS-172004,Luke Schmidt,605,808
South,LS-172302,Lycoris Saunders,728,720
South,LS-172303,Lycoris Saunders,358,1030
South,LS-172452,Lynn Smith,180,1290
South,LS-172453,Lynn Smith,1923,231
South,LS-172454,Lynn Smith,48,1562
South,LT-167652,Larry Tron,2570,138
South,LT-171103,Liz Thompson,230,1208
South,LT-171104,Liz Thompson,922,582
South,LW-168252,Laurel Workman,40,1594
South,LW-168253,Laurel Workman,469,925
South,LW-168254,Laurel Workman,581,829
South,LW-169902,Lindsay Williams,1293,407
South,LW-169903,Lindsay Williams,151,1335
South,LW-169904,Lindsay Williams,104,1416
South,LW-171253,Liz Willingham,1106,488
South,LW-171254,Liz Willingham,1121,477
South,LW-172152,Luke Weiss,244,1182
South,LW-172153,Luke Weiss,958,562
South,MA-175602,Matt Abelman,193,1270
South,MA-175603,Matt Abelman,973,556
South,MA-179954,Michelle Arnett,389,995
South,MB-173052,Maria Bertelson,213,1241
South,MB-173053,Maria Bertelson,69,1505
South,MB-173054,Maria Bertelson,19,1675
South,MB-180853,Mick Brown,866,615
South,MB-180854,Mick Brown,818,660
South,MC-172753,Marc Crier,874,608
South,MC-172754,Marc Crier,576,834
South,MC-174252,Mark Cousins,135,1362
South,MC-174253,Mark Cousins,652,777
South,MC-174254,Mark Cousins,3237,85
South,MC-175753,Matt Collins,1222,430
South,MC-175754,Matt Collins,98,1429
South,MC-175902,Matt Collister,1118,480
South,MC-175903,Matt Collister,238,1195
South,MC-176052,Matt Connell,562,847
South,MC-176054,Matt Connell,863,619
South,MC-176352,Matthew Clasen,449,942
South,MC-176353,Matthew Clasen,812,663
South,MC-178452,Michael Chen,22,1660
South,MC-178453,Michael Chen,1663,293
South,MC-178454,Michael Chen,647,778
South,MC-181002,Mick Crebagga,1481,339
South,MC-181003,Mick Crebagga,582,827
South,MC-181303,Mike Caudle,1822,253
South,MC-181304,Mike Caudle,13,1714
South,MD-173503,Maribeth Dona,5140,19
South,MD-173504,Maribeth Dona,105,1413
South,MD-178602,Michael Dominguez,858,623
South,MD-178603,Michael Dominguez,282,1125
South,MD-178604,Michael Dominguez,19,1676
South,ME-173202,Maria Etezadi,3726,54
South,ME-173203,Maria Etezadi,1262,417
South,ME-173204,Maria Etezadi,5157,18
South,ME-177253,Max Engle,608,807
South,ME-177254,Max Engle,751,698
South,ME-180102,Michelle Ellison,893,598
South,MF-176652,Maureen Fritzler,112,1392
South,MF-176653,Maureen Fritzler,32,1624
South,MF-176654,Maureen Fritzler,247,1174
South,MF-182502,Monica Federle,1121,478
South,MF-182503,Monica Federle,501,902
South,MF-182504,Monica Federle,1153,462
South,MG-176802,Maureen Gastineau,1186,446
South,MG-176803,Maureen Gastineau,245,1179
South,MG-176952,Maureen Gnade,3398,71
South,MG-176953,Maureen Gnade,239,1192
South,MG-178752,Michael Grace,83,1466
South,MG-178753,Michael Grace,464,931
South,MG-178754,Michael Grace,227,1214
South,MG-178903,Michael Granlund,47,1569
South,MG-181453,Mike Gockenbach,403,984
South,MG-181454,Mike Gockenbach,91,1441
South,MG-182052,Mitch Gastineau,1315,397
South,MG-182053,Mitch Gastineau,1760,267
South,MG-182054,Mitch Gastineau,16,1698
South,MH-172902,Marc Harrigan,53,1550
South,MH-172903,Marc Harrigan,71,1499
South,MH-172904,Marc Harrigan,62,1529
South,MH-174402,Mark Haberlin,435,953
South,MH-174403,Mark Haberlin,93,1440
South,MH-174404,Mark Haberlin,103,1419
South,MH-174552,Mark Hamilton,247,1175
South,MH-174553,Mark Hamilton,1236,422
South,MH-174554,Mark Hamilton,48,1563
South,MH-176202,Matt Hagelstein,223,1229
South,MH-176203,Matt Hagelstein,936,576
South,MH-177853,Maya Herman,634,788
South,MH-180252,Michelle Huthwaite,1974,221
South,MH-180253,Michelle Huthwaite,272,1138
South,MH-180254,Michelle Huthwaite,1631,302
South,MH-181152,Mick Hernandez,2252,176
South,MH-181154,Mick Hernandez,1075,505
South,MJ-177403,Max Jones,911,585
South,MJ-177404,Max Jones,176,1299
South,MK-179052,Michael Kennedy,728,721
South,MK-179053,Michael Kennedy,957,563
South,MK-179054,Michael Kennedy,239,1193
South,MK-181603,Mike Kennedy,263,1147
South,MK-181604,Mike Kennedy,882,602
South,ML-173952,Marina Lichtenstein,6691,6
South,ML-173953,Marina Lichtenstein,890,600
South,ML-173954,Marina Lichtenstein,21,1663
South,ML-177552,Max Ludwig,881,603
South,ML-177553,Max Ludwig,65,1517
South,ML-177554,Max Ludwig,159,1323
South,ML-180402,Michelle Lonsdale,222,1231
South,ML-180403,Michelle Lonsdale,614,800
South,ML-182652,Muhammed Lee,123,1380
South,ML-182653,Muhammed Lee,446,944
South,ML-182654,Muhammed Lee,10,1727
South,MM-172603,Magdelene Morse,273,1134
South,MM-179203,Michael Moore,893,599
South,MM-179204,Michael Moore,1691,285
South,MM-180552,Michelle Moray,739,713
South,MM-180553,Michelle Moray,156,1328
South,MM-182802,Muhammed MacIntyre,1629,303
South,MM-182804,Muhammed MacIntyre,71,1500
South,MN-179353,Michael Nguyen,2157,187
South,MN-179354,Michael Nguyen,729,719
South,MO-175002,Mary O'Rourke,468,927
South,MO-175003,Mary O'Rourke,2266,175
South,MO-178004,Meg O'Connel,830,650
South,MO-179502,Michael Oakman,1859,247
South,MO-179503,Michael Oakman,70,1502
South,MO-179504,Michael Oakman,24,1650
South,MP-174702,Mark Packer,368,1018
South,MP-174703,Mark Packer,939,574
South,MP-174704,Mark Packer,261,1149
South,MP-179652,Michael Paige,562,848
South,MP-179653,Michael Paige,2415,163
South,MP-179654,Michael Paige,273,1135
South,MP-181752,Mike Pelletier,704,740
South,MP-181753,Mike Pelletier,1815,254
South,MR-175452,Mathew Reese,1251,419
South,MS-173652,Maribeth Schnelling,1150,464
South,MS-173653,Maribeth Schnelling,746,705
South,MS-173654,Maribeth Schnelling,5,1736
South,MS-175303,MaryBeth Skach,1060,511
South,MS-175304,MaryBeth Skach,302,1096
South,MS-177102,Maurice Satty,675,762
South,MS-177103,Maurice Satty,2441,162
South,MS-177104,Maurice Satty,499,904
South,MS-177702,Maxwell Schwartz,424,965
South,MS-177703,Maxwell Schwartz,733,714
South,MS-177704,Maxwell Schwartz,38,1602
South,MS-178302,Melanie Seite,245,1180
South,MS-178303,Melanie Seite,275,1132
South,MS-179802,Michael Stewart,290,1113
South,MS-179803,Michael Stewart,3223,88
South,MT-178153,Meg Tillman,981,554
South,MT-178154,Meg Tillman,2504,147
South,MT-180702,Michelle Tran,1389,373
South,MV-174852,Mark Van Huff,3286,81
South,MV-174853,Mark Van Huff,870,612
South,MV-174854,Mark Van Huff,360,1029
South,MV-181902,Mike Vittorini,1077,502
South,MV-181903,Mike Vittorini,900,589
South,MV-181904,Mike Vittorini,864,618
South,MW-182202,Mitch Webber,988,547
South,MW-182203,Mitch Webber,1200,436
South,MW-182352,Mitch Willingham,364,1022
South,MW-182353,Mitch Willingham,1134,472
South,MW-182354,Mitch Willingham,3334,77
South,MY-173802,Maribeth Yedwab,2759,120
South,MY-173804,Maribeth Yedwab,77,1487
South,MY-182954,Muhammed Yedwab,30,1633
South,MZ-173352,Maria Zettner,1194,438
South,MZ-173353,Maria Zettner,3157,93
South,MZ-175152,Mary Zewe,310,1087
South,MZ-175153,Mary Zewe,688,756
South,NB-185803,Nicole Brennan,1563,318
South,NB-185804,Nicole Brennan,130,1372
South,NB-186552,Nona Balk,3191,89
South,NB-186554,Nona Balk,453,940
South,NC-184153,Nathan Cano,845,638
South,NC-184154,Nathan Cano,306,1092
South,NC-185352,Nick Crebassa,433,955
South,NC-185353,Nick Crebassa,112,1393
South,NC-185354,Nick Crebassa,1417,360
South,NC-186252,Noah Childs,1076,503
South,ND-183702,Natalie DeCherney,30,1634
South,ND-183703,Natalie DeCherney,744,708
South,ND-183704,Natalie DeCherney,673,765
South,ND-184602,Neil Ducich,846,637
South,ND-184603,Neil Ducich,148,1343
South,ND-184604,Neil Ducich,1735,271
South,NF-183852,Natalie Fritzler,1028,527
South,NF-183854,Natalie Fritzler,2615,134
South,NF-184754,Neil Französisch,91,1442
South,NF-185952,Nicole Fjeld,147,1345
South,NF-185953,Nicole Fjeld,1661,294
South,NG-183552,Nat Gilpin,165,1314
South,NG-183554,Nat Gilpin,113,1391
South,NG-184302,Nathan Gelder,569,838
South,NG-184303,Nathan Gelder,1755,268
South,NH-186103,Nicole Hansen,146,1347
South,NH-186104,Nicole Hansen,1312,399
South,NK-184902,Neil Knudson,83,1467
South,NK-184903,Neil Knudson,2998,101
South,NK-184904,Neil Knudson,18,1683
South,NM-184452,Nathan Mautz,259,1151
South,NM-184453,Nathan Mautz,1020,530
South,NM-185202,Neoma Murray,3350,75
South,NM-185203,Neoma Murray,134,1366
South,NP-183252,Naresj Patel,646,782
South,NP-183253,Naresj Patel,355,1038
South,NP-183254,Naresj Patel,426,962
South,NP-186702,Nora Paige,103,1420
South,NP-186852,Nora Pelletier,70,1503
South,NP-186853,Nora Pelletier,3232,86
South,NP-186854,Nora Pelletier,7,1733
South,NP-187002,Nora Preis,1295,406
South,NP-187003,Nora Preis,986,548
South,NR-185502,Nick Radford,369,1016
South,NR-185503,Nick Radford,67,1512
South,NR-185504,Nick Radford,1112,483
South,NS-185052,Neola Schneider,426,963
South,NS-185053,Neola Schneider,1896,239
South,NS-186402,Noel Staavos,1499,336
South,NS-186403,Noel Staavos,422,968
South,NS-186404,Noel Staavos,103,1421
South,NW-184003,Natalie Webber,88,1447
South,NW-184004,Natalie Webber,1919,233
South,NZ-185652,Nick Zandusky,438,951
South,NZ-185653,Nick Zandusky,916,584
South,ON-187152,Odella Nelson,363,1023
South,ON-187153,Odella Nelson,1389,374
South,ON-187154,Odella Nelson,696,748
South,OT-187302,Olvera Toch,2906,107
South,OT-187303,Olvera Toch,201,1256
South,OT-187304,Olvera Toch,609,805
South,PA-190603,Pete Armstrong,440,949
South,PA-190604,Pete Armstrong,4,1739
South,PB-188052,Patrick Bzostek,237,1198
South,PB-188053,Patrick Bzostek,286,1118
South,PB-191052,Peter Bühler,251,1172
South,PB-191053,Peter Bühler,2527,145
South,PB-191054,Peter Bühler,31,1630
South,PB-191502,Philip Brown,50,1557
South,PB-191503,Philip Brown,1540,324
South,PB-191504,Philip Brown,23,1655
South,PB-192102,Phillip Breyer,162,1317
South,PB-192103,Phillip Breyer,260,1150
South,PC-187452,Pamela Coakley,791,676
South,PC-190002,Pauline Chand,2249,177
South,PF-191202,Peter Fuller,172,1304
South,PF-191203,Peter Fuller,126,1377
South,PF-191204,Peter Fuller,41,1589
South,PF-191653,Philip Fox,1097,493
South,PF-191654,Philip Fox,1303,401
South,PF-192252,Phillip Flathmann,760,695
South,PF-192253,Phillip Flathmann,53,1551
South,PF-192254,Phillip Flathmann,136,1361
South,PG-188203,Patrick Gardner,522,882
South,PG-188204,Patrick Gardner,362,1025
South,PG-188952,Paul Gonzalez,1049,518
South,PG-188953,Paul Gonzalez,895,596
South,PG-188954,Paul Gonzalez,718,730
South,PH-187903,Patricia Hirasaki,1852,248
South,PH-187904,Patricia Hirasaki,730,718
South,PJ-188352,Patrick Jones,8429,3
South,PJ-188353,Patrick Jones,352,1041
South,PJ-188354,Patrick Jones,900,590
South,PJ-190153,Pauline Johnson,1123,476
South,PJ-190154,Pauline Johnson,13,1715
South,PK-189103,Paul Knutson,32,1625
South,PK-190752,Pete Kriz,341,1053
South,PK-190753,Pete Kriz,706,738
South,PK-190754,Pete Kriz,182,1288
South,PL-189253,Paul Lucas,352,1042
South,PM-189403,Paul MacIntyre,777,681
South,PM-189404,Paul MacIntyre,1057,514
South,PM-191352,Peter McVee,60,1533
South,PM-191353,Peter McVee,1305,400
South,PM-191354,Peter McVee,691,753
South,PN-187752,Parhena Norris,636,787
South,PN-187753,Parhena Norris,375,1009
South,PN-187754,Parhena Norris,721,729
South,PO-188502,Patrick O'Brill,459,937
South,PO-188503,Patrick O'Brill,803,667
South,PO-188504,Patrick O'Brill,4734,25
South,PO-188652,Patrick O'Donnell,2108,195
South,PO-188654,Patrick O'Donnell,302,1097
South,PO-191803,Philisse Overcash,487,915
South,PO-191952,Phillina Ober,995,542
South,PO-191953,Phillina Ober,1644,299
South,PP-189552,Paul Prost,83,1468
South,PP-189554,Paul Prost,2475,152
South,PR-188802,Patrick Ryan,112,1394
South,PR-188803,Patrick Ryan,1395,367
South,PR-188804,Patrick Ryan,154,1331
South,PS-187602,Pamela Stobb,746,706
South,PS-187603,Pamela Stobb,57,1540
South,PS-189702,Paul Stevenson,1980,220
South,PS-189703,Paul Stevenson,2760,119
South,PS-189704,Paul Stevenson,89,1445
South,PS-190453,Penelope Sewall,2782,117
South,PS-190454,Penelope Sewall,3267,83
South,PT-190902,Pete Takahito,777,682
South,PT-190903,Pete Takahito,42,1585
South,PT-190904,Pete Takahito,60,1534
South,PV-189852,Paul Van Hugh,57,1541
South,PV-189853,Paul Van Hugh,3592,61
South,PW-190302,Pauline Webber,1189,443
South,PW-190304,Pauline Webber,78,1484
South,PW-192403,Pierre Wener,15,1705
South,PW-192404,Pierre Wener,2,1744
South,QJ-192552,Quincy Jones,2936,106
South,QJ-192554,Quincy Jones,343,1051
South,RA-192852,Ralph Arnett,4978,20
South,RA-192853,Ralph Arnett,22,1661
South,RA-192854,Ralph Arnett,79,1481
South,RA-198854,Ruben Ausman,2529,144
South,RA-199152,Russell Applegate,3094,95
South,RA-199153,Russell Applegate,5796,11
South,RA-199154,Russell Applegate,487,916
South,RA-199452,Ryan Akin,1696,284
South,RA-199453,Ryan Akin,2107,196
South,RA-199454,Ryan Akin,709,736
South,RB-193302,Randy Bradley,2851,115
South,RB-193303,Randy Bradley,470,924
South,RB-193603,Raymond Buch,123,1381
South,RB-193604,Raymond Buch,60,1535
South,RB-194353,Richard Bierner,1190,441
South,RB-194354,Richard Bierner,23,1656
South,RB-194653,Rick Bensley,1167,457
South,RB-194654,Rick Bensley,270,1139
South,RB-195702,Rob Beeghly,5246,16
South,RB-195703,Rob Beeghly,366,1019
South,RB-195704,Rob Beeghly,30,1635
South,RB-196452,Robert Barroso,612,802
South,RB-196453,Robert Barroso,220,1235
South,RB-196454,Robert Barroso,104,1417
South,RB-197052,Roger Barcio,229,1210
South,RB-197053,Roger Barcio,434,954
South,RB-197953,Ross Baird,5789,12
South,RB-197954,Ross Baird,1720,274
South,RC-198253,Roy Collins,225,1221
South,RC-198254,Roy Collins,36,1610
South,RC-199603,Ryan Crowe,710,734
South,RC-199604,Ryan Crowe,35,1617
South,RD-194802,Rick Duston,1382,379
South,RD-194803,Rick Duston,1608,308
South,RD-195852,Rob Dowd,3890,47
South,RD-195853,Rob Dowd,381,1003
South,RD-195854,Rob Dowd,1326,391
South,RD-196602,Robert Dilbeck,2871,113
South,RD-197202,Roger Demir,244,1183
South,RD-197203,Roger Demir,110,1400
South,RD-197204,Roger Demir,78,1485
South,RD-198102,Ross DeVincentis,100,1425
South,RD-198103,Ross DeVincentis,355,1039
South,RD-198104,Ross DeVincentis,227,1215
South,RD-199002,Ruben Dartt,23,1657
South,RD-199003,Ruben Dartt,1606,310
South,RD-199302,Russell D'Ascenzo,384,999
South,RD-199303,Russell D'Ascenzo,939,575
South,RE-194053,Ricardo Emerson,404,982
South,RE-194502,Richard Eichhorn,229,1211
South,RF-193452,Randy Ferguson,1509,335
South,RF-193453,Randy Ferguson,1045,522
South,RF-193454,Randy Ferguson,2959,102
South,RF-197353,Roland Fjeld,178,1292
South,RF-197354,Roland Fjeld,63,1521
South,RF-198402,Roy Französisch,25,1646
South,RF-198403,Roy Französisch,1045,523
South,RF-198404,Roy Französisch,400,986
South,RH-194952,Rick Hansen,2027,210
South,RH-194953,Rick Hansen,1469,347
South,RH-194954,Rick Hansen,21,1664
South,RH-195102,Rick Huthwaite,185,1283
South,RH-195103,Rick Huthwaite,81,1474
South,RH-195552,Ritsa Hightower,844,640
South,RH-195553,Ritsa Hightower,69,1506
South,RH-195554,Ritsa Hightower,740,711
South,RH-196003,Rob Haberlin,203,1253
South,RH-196004,Rob Haberlin,780,679
South,RK-193002,Ralph Kennedy,403,985
South,RK-193003,Ralph Kennedy,3638,58
South,RL-196152,Rob Lucas,352,1043
South,RL-196153,Rob Lucas,1527,328
South,RL-196154,Rob Lucas,1233,425
South,RM-193753,Raymond Messe,256,1160
South,RM-193754,Raymond Messe,532,869
South,RM-196752,Robert Marley,399,988
South,RM-196753,Robert Marley,1002,537
South,RM-196754,Robert Marley,683,758
South,RM-197502,Roland Murray,52,1553
South,RM-197503,Roland Murray,1135,471
South,RO-197802,Rose O'Brian,124,1379
South,RO-197803,Rose O'Brian,507,891
South,RO-197804,Rose O'Brian,1999,215
South,RP-192702,Rachel Payne,189,1276
South,RP-192703,Rachel Payne,107,1407
South,RP-193902,Resi Pölking,149,1341
South,RP-193903,Resi Pölking,2327,170
South,RP-198552,Roy Phan,968,559
South,RP-198554,Roy Phan,145,1350
South,RR-193152,Ralph Ritter,1462,350
South,RR-193153,Ralph Ritter,24,1651
South,RR-195252,Rick Reed,66,1514
South,RR-195253,Rick Reed,1395,368
South,RR-195254,Rick Reed,343,1052
South,RS-194202,Ricardo Sperren,335,1060
South,RS-194203,Ricardo Sperren,1055,515
South,RS-194204,Ricardo Sperren,1066,508
South,RS-197653,Roland Schwarz,710,735
South,RS-197654,Roland Schwarz,1177,449
South,RS-198703,Roy Skaria,1023,529
South,RW-195402,Rick Wilson,777,683
South,RW-196302,Rob Williams,377,1006
South,RW-196303,Rob Williams,1190,442
South,RW-196902,Robert Waldorf,444,946
South,RW-196903,Robert Waldorf,138,1358
South,RW-196904,Robert Waldorf,3,1741
South,SA-208303,Sue Ann Reed,74,1492
South,SA-208304,Sue Ann Reed,1014,535
South,SB-201703,Sarah Bern,633,789
South,SB-201852,Sarah Brown,3569,62
South,SB-201853,Sarah Brown,4651,28
South,SB-202902,Sean Braxton,2740,124
South,SB-202903,Sean Braxton,283,1122
South,SB-202904,Sean Braxton,843,641
South,SC-200203,Sam Craven,186,1281
South,SC-200502,Sample Company A,243,1185
South,SC-200503,Sample Company A,3297,80
South,SC-200504,Sample Company A,421,969
South,SC-200952,Sanjit Chand,727,723
South,SC-200953,Sanjit Chand,108,1404
South,SC-200954,Sanjit Chand,1810,256
South,SC-202302,Scot Coram,3170,91
South,SC-202602,Scott Cohen,226,1217
South,SC-202603,Scott Cohen,39,1597
South,SC-202604,Scott Cohen,80,1478
South,SC-203052,Sean Christensen,1437,355
South,SC-203802,Shahid Collister,288,1117
South,SC-203803,Shahid Collister,425,964
South,SC-203804,Shahid Collister,4647,29
South,SC-204402,Shaun Chance,247,1176
South,SC-204403,Shaun Chance,362,1026
South,SC-205753,Sonia Cooley,462,934
South,SC-205754,Sonia Cooley,50,1558
South,SC-206802,Steve Carroll,568,841
South,SC-206803,Steve Carroll,519,886
South,SC-206804,Steve Carroll,72,1496
South,SC-206952,Steve Chapman,1209,434
South,SC-206953,Steve Chapman,2828,116
South,SC-206954,Steve Chapman,566,843
South,SC-207252,Steven Cartwright,603,810
South,SC-207253,Steven Cartwright,1303,402
South,SC-207702,Stewart Carmichael,372,1012
South,SC-207703,Stewart Carmichael,1394,369
South,SC-207704,Stewart Carmichael,225,1222
South,SC-208002,Stuart Calhoun,55,1545
South,SC-208003,Stuart Calhoun,171,1307
South,SC-208004,Stuart Calhoun,66,1515
South,SC-208452,Sung Chung,49,1560
South,SC-208453,Sung Chung,1086,500
South,SD-204852,Shirley Daniels,225,1223
South,SD-204853,Shirley Daniels,172,1305
South,SD-204854,Shirley Daniels,944,571
South,SE-201102,Sanjit Engle,2778,118
South,SE-201103,Sanjit Engle,1200,437
South,SE-201104,Sanjit Engle,8805,2
South,SF-200653,Sandra Flanagan,857,624
South,SF-200654,Sandra Flanagan,48,1564
South,SF-202002,Sarah Foster,194,1268
South,SF-202003,Sarah Foster,38,1603
South,SF-209653,Sylvia Foulston,1567,316
South,SG-200802,Sandra Glassco,936,577
South,SG-204702,Sheri Gordon,286,1119
South,SG-204703,Sheri Gordon,52,1554
South,SG-204704,Sheri Gordon,486,917
South,SG-206052,Speros Goranitis,98,1430
South,SG-206053,Speros Goranitis,25,1647
South,SG-206054,Speros Goranitis,16,1699
South,SG-208903,Susan Gilcrest,942,572
South,SH-199753,Sally Hughsby,830,651
South,SH-199754,Sally Hughsby,105,1414
South,SH-203953,Shahid Hopkins,1046,520
South,SH-203954,Shahid Hopkins,1400,363
South,SH-206352,Stefanie Holloman,63,1522
South,SH-206353,Stefanie Holloman,529,875
South,SH-206354,Stefanie Holloman,692,751
South,SJ-201252,Sanjit Jacobs,328,1065
South,SJ-201254,Sanjit Jacobs,1597,312
South,SJ-202152,Sarah Jordon,1647,296
South,SJ-202153,Sarah Jordon,505,896
South,SJ-202154,Sarah Jordon,80,1479
South,SJ-205002,Shirley Jackson,420,970
South,SJ-205003,Shirley Jackson,34,1619
South,SK-199903,Sally Knutson,1137,470
South,SL-201552,Sara Luxemburg,2904,108
South,SL-201553,Sara Luxemburg,580,830
South,SL-201554,Sara Luxemburg,1235,424
South,SM-200052,Sally Matthias,462,935
South,SM-200053,Sally Matthias,2332,169
South,SM-203203,Sean Miller,110,1401
South,SM-203204,Sean Miller,23668,1
South,SM-209502,Suzanne McNair,17,1691
South,SM-209503,Suzanne McNair,605,809
South,SM-209504,Suzanne McNair,18,1684
South,SN-205602,Skye Norling,530,873
South,SN-205603,Skye Norling,835,646
South,SN-207103,Steve Nguyen,190,1275
South,SN-207104,Steve Nguyen,612,803
South,SO-203352,Sean O'Donnell,339,1055
South,SO-203353,Sean O'Donnell,547,859
South,SO-203354,Sean O'Donnell,1439,353
South,SP-205452,Sibella Parks,40,1595
South,SP-205453,Sibella Parks,531,871
South,SP-206202,Stefania Perrino,1948,225
South,SP-206203,Stefania Perrino,386,998
South,SP-206204,Stefania Perrino,3,1742
South,SP-206502,Stephanie Phelps,1163,459
South,SP-206503,Stephanie Phelps,1337,388
South,SP-206504,Stephanie Phelps,39,1598
South,SP-208603,Sung Pak,1948,226
South,SP-208604,Sung Pak,295,1106
South,SP-209202,Susan Pistek,5637,13
South,SP-209203,Susan Pistek,1798,260
South,SR-204252,Sharelle Roach,391,993
South,SR-204253,Sharelle Roach,949,566
South,SR-204254,Sharelle Roach,142,1353
South,SR-207402,Steven Roelle,3051,99
South,SR-207403,Steven Roelle,468,928
South,SR-207404,Steven Roelle,48,1565
South,SS-201402,Saphhira Shifley,4430,34
South,SS-201403,Saphhira Shifley,4089,41
South,SS-201404,Saphhira Shifley,1024,528
South,SS-204103,Shahid Shariari,1181,448
South,SS-204104,Shahid Shariari,213,1242
South,SS-205152,Shirley Schmidt,549,856
South,SS-205153,Shirley Schmidt,740,712
South,SS-205154,Shirley Schmidt,526,878
South,SS-205903,Sonia Sunley,216,1237
South,SS-208752,Sung Shariari,84,1462
South,SS-208753,Sung Shariari,540,864
South,SS-208754,Sung Shariari,377,1007
South,ST-205302,Shui Tom,769,690
South,ST-205303,Shui Tom,1664,291
South,ST-205304,Shui Tom,73,1494
South,SU-206652,Stephanie Ulpright,184,1284
South,SU-206653,Stephanie Ulpright,986,549
South,SU-206654,Stephanie Ulpright,722,728
South,SV-203652,Seth Vernon,59,1537
South,SV-203654,Seth Vernon,161,1320
South,SV-207852,Stewart Visinsky,610,804
South,SV-207853,Stewart Visinsky,393,991
South,SV-207854,Stewart Visinsky,669,766
South,SV-208152,Stuart Van,569,839
South,SV-208153,Stuart Van,511,888
South,SV-208154,Stuart Van,31,1631
South,SV-209352,Susan Vittorini,86,1453
South,SV-209353,Susan Vittorini,492,910
South,SW-202454,Scot Wooten,429,959
South,SW-202752,Scott Williamson,1145,467
South,SW-202753,Scott Williamson,2948,105
South,SW-202754,Scott Williamson,174,1301
South,SW-203502,Sean Wendt,69,1507
South,SW-203503,Sean Wendt,67,1513
South,SW-204552,Shaun Weien,339,1056
South,SW-204553,Shaun Weien,129,1375
South,SW-204554,Shaun Weien,291,1112
South,SW-207553,Steven Ward,1593,314
South,SZ-200353,Sam Zeldin,1076,504
South,TA-213852,Tom Ashbrook,248,1173
South,TA-213853,Tom Ashbrook,1458,351
South,TB-210553,Ted Butterfield,761,694
South,TB-211752,Thomas Boland,706,739
South,TB-211753,Thomas Boland,992,545
South,TB-211754,Thomas Boland,3483,66
South,TB-211903,Thomas Brumley,26,1644
South,TB-211904,Thomas Brumley,6,1734
South,TB-212502,Tim Brockman,683,759
South,TB-212503,Tim Brockman,2951,104
South,TB-212803,Toby Braunhardt,3721,55
South,TB-212804,Toby Braunhardt,96,1434
South,TB-213552,Todd Boyes,18,1685
South,TB-213553,Todd Boyes,2145,190
South,TB-213554,Todd Boyes,525,879
South,TB-214003,Tom Boeckenhauer,225,1224
South,TB-214004,Tom Boeckenhauer,106,1410
South,TB-215202,Tracy Blumstein,1017,533
South,TB-215203,Tracy Blumstein,1083,501
South,TB-215952,Troy Blackwell,1060,512
South,TB-215953,Troy Blackwell,1045,524
South,TC-209802,Tamara Chand,196,1264
South,TC-209803,Tamara Chand,1972,222
South,TC-209804,Tamara Chand,522,883
South,TC-211452,Theresa Coyne,160,1321
South,TC-211453,Theresa Coyne,692,752
South,TC-212953,Toby Carlisle,36,1611
South,TC-212954,Toby Carlisle,698,746
South,TC-214752,Tony Chapman,564,845
South,TC-214753,Tony Chapman,666,767
South,TC-214754,Tony Chapman,791,677
South,TC-215352,Tracy Collins,1165,458
South,TC-215353,Tracy Collins,576,835
South,TC-215354,Tracy Collins,62,1530
South,TD-209952,Tamara Dahlen,375,1010
South,TD-209954,Tamara Dahlen,34,1620
South,TG-213103,Toby Gnade,618,796
South,TG-213104,Toby Gnade,5,1737
South,TG-216402,Trudy Glocke,276,1131
South,TG-216403,Trudy Glocke,2628,132
South,TG-216404,Trudy Glocke,1142,469
South,TH-211002,Thea Hendricks,407,981
South,TH-211003,Thea Hendricks,239,1194
South,TH-211004,Thea Hendricks,28,1639
South,TH-211153,Thea Hudgings,1519,332
South,TH-212352,Tiffany House,614,801
South,TH-215502,Tracy Hopkins,21,1665
South,TH-215503,Tracy Hopkins,936,578
South,TH-215504,Tracy Hopkins,1889,241
South,TM-210102,Tamara Manning,856,626
South,TM-210103,Tamara Manning,1646,297
South,TM-210104,Tamara Manning,48,1566
South,TM-214902,Tony Molinari,233,1203
South,TM-214903,Tony Molinari,32,1626
South,TN-210402,Tanja Norvell,661,770
South,TN-210403,Tanja Norvell,601,812
South,TN-210404,Tanja Norvell,432,958
South,TP-211302,Theone Pippenger,1392,371
South,TP-211303,Theone Pippenger,159,1324
South,TP-211304,Theone Pippenger,1546,323
South,TP-214153,Tom Prescott,85,1457
South,TP-215652,Tracy Poddar,1184,447
South,TP-215653,Tracy Poddar,358,1031
South,TR-213252,Toby Ritter,469,926
South,TR-213253,Toby Ritter,2060,204
South,TR-213254,Toby Ritter,16,1700
South,TS-210852,Thais Sissman,210,1249
South,TS-210853,Thais Sissman,195,1265
South,TS-210854,Thais Sissman,3,1743
South,TS-211602,Theresa Swint,120,1384
South,TS-211604,Theresa Swint,896,594
South,TS-212052,Thomas Seio,642,784
South,TS-212053,Thomas Seio,1676,290
South,TS-212054,Thomas Seio,2959,103
South,TS-213403,Toby Swindell,4287,37
South,TS-213702,Todd Sumrall,464,932
South,TS-213703,Todd Sumrall,183,1285
South,TS-214302,Tom Stivers,1236,423
South,TS-214303,Tom Stivers,76,1489
South,TS-215052,Tony Sayre,41,1590
South,TS-215053,Tony Sayre,12,1718
South,TS-215054,Tony Sayre,733,715
South,TS-216103,Troy Staebel,41,1591
South,TS-216553,Trudy Schmidt,1259,418
South,TS-216554,Trudy Schmidt,870,613
South,TT-210702,Ted Trevino,830,652
South,TT-210703,Ted Trevino,583,826
South,TT-210704,Ted Trevino,747,703
South,TT-212202,Thomas Thornton,1872,244
South,TT-212204,Thomas Thornton,183,1286
South,TT-212653,Tim Taslimi,1540,325
South,TT-214602,Tonja Turnell,1326,392
South,TT-214603,Tonja Turnell,1268,415
South,TT-214604,Tonja Turnell,36,1612
South,TW-210252,Tamara Willingham,41,1592
South,TW-210253,Tamara Willingham,84,1463
South,TW-210254,Tamara Willingham,68,1511
South,TZ-214453,Tom Zandusky,1392,372
South,TZ-215803,Tracy Zic,1913,235
South,VB-217452,Victoria Brennan,1176,450
South,VB-217453,Victoria Brennan,325,1068
South,VB-217454,Victoria Brennan,675,763
South,VD-216704,Valerie Dominguez,1125,475
South,VF-217152,Vicky Freymann,2358,165
South,VF-217153,Vicky Freymann,2292,171
South,VG-217902,Vivek Gonzalez,1523,329
South,VG-217903,Vivek Gonzalez,2089,199
South,VG-217904,Vivek Gonzalez,155,1329
South,VG-218052,Vivek Grady,413,974
South,VG-218053,Vivek Grady,1511,334
South,VG-218054,Vivek Grady,11,1720
South,VM-216853,Valerie Mitchum,748,701
South,VM-216854,Valerie Mitchum,259,1152
South,VM-218354,Vivian Mathis,58,1539
South,VP-217302,Victor Preis,475,922
South,VP-217303,Victor Preis,866,616
South,VP-217602,Victoria Pisteka,3281,82
South,VP-217603,Victoria Pisteka,83,1469
South,VP-217604,Victoria Pisteka,1894,240
South,VS-218203,Vivek Sundaresam,934,580
South,VS-218204,Vivek Sundaresam,188,1277
South,VT-217002,Valerie Takahito,259,1153
South,VT-217003,Valerie Takahito,3641,57
South,VW-217752,Victoria Wilson,295,1107
South,VW-217753,Victoria Wilson,320,1075
South,VW-217754,Victoria Wilson,21,1666
South,WB-218502,William Brown,254,1163
South,WB-218503,William Brown,507,892
South,XP-218652,Xylona Preis,1243,420
South,XP-218653,Xylona Preis,57,1542
South,XP-218654,Xylona Preis,524,880
South,YC-218952,Yoseph Carroll,1334,390
South,YC-218953,Yoseph Carroll,293,1108
South,YS-218803,Yana Sorensen,18,1686
South,YS-218804,Yana Sorensen,502,899
South,ZC-219102,Zuschuss Carroll,4082,42
South,ZC-219103,Zuschuss Carroll,297,1103
South,ZC-219104,Zuschuss Carroll,1471,345
South,ZD-219252,Zuschuss Donatelli,1226,429
South,ZD-219253,Zuschuss Donatelli,872,610
South,ZD-219254,Zuschuss Donatelli,857,625
Southeast Asia,AA-103151,Alex Avila,545,426
Southeast Asia,AA-104801,Andrew Allen,4774,17
Southeast Asia,AA-106451,Anna Andreadi,2010,157
Southeast Asia,AB-100151,Aaron Bergman,3067,76
Southeast Asia,AB-100601,Adam Bellavance,1600,210
Southeast Asia,AB-101651,Alan Barnes,1838,180
Southeast Asia,AB-102551,Alejandro Ballentine,2018,155
Southeast Asia,AB-106001,Ann Blume,698,383
Southeast Asia,AC-104201,Alyssa Crouse,739,369
Southeast Asia,AC-104501,Amy Cox,265,528
Southeast Asia,AC-106151,Ann Chong,719,375
Southeast Asia,AC-106601,Anna Chung,588,416
Southeast Asia,AD-101801,Alan Dominguez,6119,8
Southeast Asia,AF-108701,Art Ferguson,2375,124
Southeast Asia,AF-108851,Art Foster,905,328
Southeast Asia,AG-102701,Alejandro Grove,356,485
Southeast Asia,AG-103001,Aleksandra Gannaway,455,453
Southeast Asia,AG-103301,Alex Grayson,3206,68
Southeast Asia,AG-104951,Andrew Gjertsen,131,589
Southeast Asia,AG-106751,Anna Gayman,1585,212
Southeast Asia,AG-107651,Anthony Garverick,953,317
Southeast Asia,AG-109001,Arthur Gainer,296,507
Southeast Asia,AH-100301,Aaron Hawkins,1264,267
Southeast Asia,AH-100751,Adam Hart,2012,156
Southeast Asia,AH-101951,Alan Haines,2157,145
Southeast Asia,AH-102101,Alan Hwang,25,660
Southeast Asia,AH-104651,Amy Hunt,252,532
Southeast Asia,AH-105851,Angele Hood,410,466
Southeast Asia,AI-108551,Arianne Irving,172,566
Southeast Asia,AJ-107801,Anthony Jacobs,82,617
Southeast Asia,AJ-109451,Ashley Jarboe,138,583
Southeast Asia,AJ-109601,Astrea Jones,800,355
Southeast Asia,AM-103601,Alice McCarthy,417,464
Southeast Asia,AM-107051,Anne McFarland,7116,3
Southeast Asia,AO-108101,Anthony O'Donnell,1945,167
Southeast Asia,AP-107201,Anne Pryor,825,345
Southeast Asia,AP-109151,Arthur Prichep,1875,176
Southeast Asia,AR-103451,Alex Russell,2533,106
Southeast Asia,AR-104051,Allen Rosenblatt,177,564
Southeast Asia,AR-105101,Andrew Roberts,49,641
Southeast Asia,AR-105401,Andy Reiter,401,471
Southeast Asia,AR-105701,Anemone Ratner,543,427
Southeast Asia,AR-108251,Anthony Rawles,87,613
Southeast Asia,AS-100451,Aaron Smayling,1172,283
Southeast Asia,AS-101351,Adrian Shami,408,467
Southeast Asia,AS-102251,Alan Schoenberger,296,508
Southeast Asia,AS-102401,Alan Shonely,273,524
Southeast Asia,AS-106301,Ann Steele,201,554
Southeast Asia,AT-104351,Alyssa Tate,2547,104
Southeast Asia,AT-107351,Annie Thurman,535,430
Southeast Asia,AW-109301,Arthur Wiediger,54,633
Southeast Asia,BB-109901,Barry Blumstein,3088,73
Southeast Asia,BD-113201,Bill Donatelli,53,637
Southeast Asia,BD-115001,Bradley Drucker,1065,299
Southeast Asia,BD-115601,Brendan Dodson,542,428
Southeast Asia,BD-116051,Brian Dahlen,890,332
Southeast Asia,BD-116201,Brian DeCherney,2166,142
Southeast Asia,BD-116351,Brian Derr,852,337
Southeast Asia,BD-117251,Bruce Degenhardt,308,506
Southeast Asia,BD-117701,Bryan Davis,591,414
Southeast Asia,BE-113351,Bill Eplett,1999,161
Southeast Asia,BE-114101,Bobby Elias,3947,27
Southeast Asia,BE-114551,Brad Eason,2455,118
Southeast Asia,BF-109751,Barbara Fisher,61,631
Southeast Asia,BF-110051,Barry Franz,2227,138
Southeast Asia,BF-110201,Barry Französisch,369,481
Southeast Asia,BF-110801,Bart Folk,1663,205
Southeast Asia,BF-111701,Ben Ferrer,1472,226
Southeast Asia,BF-112151,Benjamin Farhat,967,313
Southeast Asia,BG-110351,Barry Gonzalez,965,315
Southeast Asia,BG-116951,Brooke Gillingham,2324,129
Southeast Asia,BG-117401,Bruce Geld,3537,46
Southeast Asia,BH-117101,Brosina Hoffman,91,610
Southeast Asia,BK-112601,Berenike Kampe,519,434
Southeast Asia,BM-111401,Becky Martin,972,312
Southeast Asia,BM-115751,Brendan Murry,128,592
Southeast Asia,BM-117851,Bryan Mills,645,398
Southeast Asia,BN-114701,Brad Norvell,5065,14
Southeast Asia,BN-115151,Bradley Nguyen,457,451
Southeast Asia,BO-113501,Bill Overfelt,459,449
Southeast Asia,BO-114251,Bobby Odegard,64,624
Southeast Asia,BP-110951,Bart Pistole,571,420
Southeast Asia,BP-111551,Becky Pak,354,487
Southeast Asia,BP-111851,Ben Peterman,41,649
Southeast Asia,BP-112301,Benjamin Patterson,124,595
Southeast Asia,BP-112901,Beth Paige,2750,87
Southeast Asia,BS-113801,Bill Stewart,3776,33
Southeast Asia,BS-115901,Brendan Sweed,78,618
Southeast Asia,BS-116651,Brian Stugart,169,568
Southeast Asia,BS-117551,Bruce Stewart,907,326
Southeast Asia,BS-118001,Bryan Spruell,4260,23
Southeast Asia,BT-113051,Beth Thompson,1272,266
Southeast Asia,BT-113951,Bill Tyler,123,596
Southeast Asia,BT-114401,Bobby Trafton,2586,101
Southeast Asia,BT-114851,Brad Thomas,1149,289
Southeast Asia,BT-115301,Bradley Talbott,340,494
Southeast Asia,BT-116801,Brian Thompson,2520,108
Southeast Asia,BV-112451,Benjamin Venier,709,380
Southeast Asia,BW-110651,Barry Weirich,50,639
Southeast Asia,BW-111101,Bart Watters,1435,241
Southeast Asia,BW-112001,Ben Wallace,1363,254
Southeast Asia,CA-119651,Carol Adams,2498,110
Southeast Asia,CA-122651,Christina Anderson,2328,128
Southeast Asia,CA-123101,Christine Abelman,13,668
Southeast Asia,CB-120251,Cassandra Brandow,2000,160
Southeast Asia,CC-121001,Chad Cunningham,227,544
Southeast Asia,CC-121451,Charles Crestani,837,341
Southeast Asia,CC-122201,Chris Cortes,72,621
Southeast Asia,CC-123701,Christopher Conant,2038,153
Southeast Asia,CC-124301,Chuck Clark,1827,184
Southeast Asia,CC-124751,Cindy Chapman,1321,259
Southeast Asia,CC-126701,Craig Carreira,792,357
Southeast Asia,CC-126851,Craig Carroll,127,593
Southeast Asia,CD-119201,Carlos Daly,3886,30
Southeast Asia,CD-119801,Carol Darley,161,569
Southeast Asia,CD-122801,Christina DeMoss,374,478
Southeast Asia,CD-127901,Cynthia Delaney,685,387
Southeast Asia,CG-120401,Catherine Glotzbach,198,557
Southeast Asia,CG-125201,Claire Gute,1554,218
Southeast Asia,CH-120701,Cathy Hwang,655,395
Southeast Asia,CJ-118751,Carl Jackson,262,529
Southeast Asia,CJ-120101,Caroline Jumper,587,417
Southeast Asia,CK-122051,Chloris Kastensmidt,1087,297
Southeast Asia,CK-123251,Christine Kargatis,555,423
Southeast Asia,CK-125951,Clytie Kelty,2243,136
Southeast Asia,CK-127601,Cyma Kinney,888,333
Southeast Asia,CL-118901,Carl Ludwig,1641,207
Southeast Asia,CL-127001,Craig Leslie,1836,181
Southeast Asia,CM-118151,Candace McMahon,15,666
Southeast Asia,CM-118301,Cari MacIntyre,2010,158
Southeast Asia,CM-119351,Carlos Meador,1174,282
Southeast Asia,CM-121151,Chad McGuire,3894,29
Southeast Asia,CM-121601,Charles McCrossin,1461,230
Southeast Asia,CM-121901,Charlotte Melton,528,433
Southeast Asia,CM-122351,Chris McAfee,135,586
Southeast Asia,CM-123851,Christopher Martinez,2448,119
Southeast Asia,CM-124451,Chuck Magee,684,389
Southeast Asia,CM-126551,Corinna Mitchell,557,422
Southeast Asia,CP-120851,Cathy Prescott,1962,166
Southeast Asia,CR-125801,Clay Rozendal,2523,107
Southeast Asia,CR-126251,Corey Roper,3482,50
Southeast Asia,CR-127301,Craig Reiter,992,308
Southeast Asia,CS-118451,Cari Sayre,290,513
Southeast Asia,CS-118601,Cari Schnelling,2236,137
Southeast Asia,CS-119501,Carlos Soltero,3256,65
Southeast Asia,CS-121301,Chad Sievert,1311,261
Southeast Asia,CS-121751,Charles Sheldon,3436,53
Southeast Asia,CS-122501,Chris Selesnick,1803,187
Southeast Asia,CS-123551,Christine Sundaresam,1064,300
Southeast Asia,CS-124001,Christopher Schild,54,634
Southeast Asia,CS-124601,Chuck Sachs,715,377
Southeast Asia,CS-125051,Cindy Stewart,1160,287
Southeast Asia,CV-122951,Christina VanderZanden,2544,105
Southeast Asia,CV-128051,Cynthia Voltz,1923,171
Southeast Asia,CW-119051,Carl Weiss,45,644
Southeast Asia,CY-127451,Craig Yedwab,691,385
Southeast Asia,Co-126401,Corey-Lock,1595,211
Southeast Asia,DA-134501,Dianna Arnett,546,425
Southeast Asia,DB-129101,Daniel Byrd,23,661
Southeast Asia,DB-130601,Dave Brooks,287,515
Southeast Asia,DB-132101,Dean Braden,723,372
Southeast Asia,DB-132701,Deborah Brumfield,1775,191
Southeast Asia,DB-133601,Dennis Bolton,1468,228
Southeast Asia,DB-134051,Denny Blanton,599,411
Southeast Asia,DB-135551,Dorothy Badders,553,424
Southeast Asia,DB-136601,Duane Benoit,40,650
Southeast Asia,DC-128501,Dan Campbell,216,550
Southeast Asia,DD-135701,Dorothy Dickinson,499,439
Southeast Asia,DF-131351,David Flashing,2322,130
Southeast Asia,DH-130751,Dave Hallsten,3507,48
Southeast Asia,DH-136751,Duane Huffman,579,419
Southeast Asia,DJ-134201,Denny Joy,2587,100
Southeast Asia,DJ-135101,Don Jones,321,501
Southeast Asia,DJ-136301,Doug Jacobs,1228,275
Southeast Asia,DK-128351,Damala Kotsonis,236,542
Southeast Asia,DK-128951,Dana Kaydos,6372,6
Southeast Asia,DK-129851,Darren Koutras,1470,227
Southeast Asia,DK-130901,Dave Kipp,3533,47
Southeast Asia,DK-131501,David Kendrick,2262,134
Southeast Asia,DK-132251,Dean Katz,64,625
Southeast Asia,DK-133751,Dennis Kane,1254,268
Southeast Asia,DL-128651,Dan Lawera,32,653
Southeast Asia,DL-129251,Daniel Lacy,131,590
Southeast Asia,DL-133151,Delfina Latchford,812,350
Southeast Asia,DM-129551,Dario Medina,113,601
Southeast Asia,DM-130151,Darrin Martin,1875,177
Southeast Asia,DM-133451,Denise Monton,1447,236
Southeast Asia,DN-136901,Duane Noonan,286,517
Southeast Asia,DO-134351,Denny Ordway,3145,71
Southeast Asia,DO-136451,Doug O'Connell,110,602
Southeast Asia,DP-130001,Darren Powers,2840,83
Southeast Asia,DP-131651,David Philippe,843,339
Southeast Asia,DP-133901,Dennis Pardue,384,474
Southeast Asia,DR-128801,Dan Reichenbach,1606,209
Southeast Asia,DR-129401,Daniel Raglin,1854,179
Southeast Asia,DS-130301,Darrin Sayre,344,491
Southeast Asia,DS-131801,David Smith,1171,284
Southeast Asia,DV-130451,Darrin Van Huff,3353,57
Southeast Asia,DV-134651,Dianna Vittorini,788,360
Southeast Asia,DW-131951,David Wiener,91,611
Southeast Asia,DW-134801,Dianna Wilson,853,336
Southeast Asia,DW-135401,Don Weiss,1977,164
Southeast Asia,DW-135851,Dorothy Wardle,260,530
Southeast Asia,Dl-136001,Dorris liebe,6786,4
Southeast Asia,EA-140351,Erin Ashbrook,439,459
Southeast Asia,EB-137051,Ed Braxton,907,327
Southeast Asia,EB-137501,Edward Becker,1051,301
Southeast Asia,EB-138401,Ellis Ballard,1429,242
Southeast Asia,EB-138701,Emily Burns,2654,97
Southeast Asia,EB-139301,Eric Barreto,2342,126
Southeast Asia,EB-139751,Erica Bern,357,484
Southeast Asia,EB-141101,Eugene Barchas,2633,98
Southeast Asia,EB-141701,Evan Bailliet,42,647
Southeast Asia,EC-140501,Erin Creighton,69,622
Southeast Asia,ED-138851,Emily Ducich,2295,133
Southeast Asia,EG-139001,Emily Grady,145,578
Southeast Asia,EH-139451,Eric Hoffmann,393,473
Southeast Asia,EH-139901,Erica Hackney,1216,277
Southeast Asia,EH-140051,Erica Hernandez,366,482
Southeast Asia,EH-141251,Eugene Hildebrand,2821,84
Southeast Asia,EH-141851,Evan Henry,1114,291
Southeast Asia,EJ-137201,Ed Jacobs,3274,62
Southeast Asia,EJ-141551,Eva Jacobs,2492,112
Southeast Asia,EK-137951,Eileen Kiefer,681,390
Southeast Asia,EM-138251,Elizabeth Moffitt,327,498
Southeast Asia,EM-139601,Eric Murdock,1692,203
Southeast Asia,EM-140651,Erin Mull,600,410
Southeast Asia,EM-140951,Eudokia Martin,1296,263
Southeast Asia,EM-141401,Eugene Moren,2744,89
Southeast Asia,EM-142001,Evan Minnotte,7194,2
Southeast Asia,EN-137801,Edward Nazzal,329,497
Southeast Asia,EP-139151,Emily Phan,3270,63
Southeast Asia,ER-138551,Elpida Rittenbach,1468,229
Southeast Asia,ES-140201,Erica Smith,218,548
Southeast Asia,ES-140801,Erin Smith,88,612
Southeast Asia,FA-142301,Frank Atkinson,722,373
Southeast Asia,FC-142451,Frank Carlisle,820,347
Southeast Asia,FC-143351,Fred Chung,1050,302
Southeast Asia,FH-142751,Frank Hawley,3707,39
Southeast Asia,FH-143501,Fred Harton,712,379
Southeast Asia,FH-143651,Fred Hopkins,1668,204
Southeast Asia,FM-142151,Filia McAdams,3756,34
Southeast Asia,FM-142901,Frank Merwin,861,335
Southeast Asia,FM-143801,Fred McMath,242,537
Southeast Asia,FO-143051,Frank Olsen,1049,303
Southeast Asia,FP-143201,Frank Preis,948,318
Southeast Asia,FW-143951,Fred Wasserman,5656,10
Southeast Asia,GA-145151,George Ashbrook,811,352
Southeast Asia,GA-147251,Guy Armstrong,342,493
Southeast Asia,GB-145751,Giulietta Baptist,238,540
Southeast Asia,GD-145901,Giulietta Dortch,483,444
Southeast Asia,GG-146501,Greg Guthrie,434,462
Southeast Asia,GH-144251,Gary Hwang,1229,274
Southeast Asia,GH-144851,Gene Hale,786,361
Southeast Asia,GH-146651,Greg Hansen,1238,273
Southeast Asia,GK-146201,Grace Kelly,920,325
Southeast Asia,GM-145001,Gene McClure,135,587
Southeast Asia,GM-146801,Greg Matthias,768,364
Southeast Asia,GM-146951,Greg Maxwell,612,406
Southeast Asia,GR-145601,Georgia Rosenberg,756,366
Southeast Asia,GT-146351,Grant Thornton,2127,149
Southeast Asia,GT-147551,Guy Thornton,86,614
Southeast Asia,GW-146051,Giulietta Weimer,177,565
Southeast Asia,GZ-144701,Gary Zandusky,294,510
Southeast Asia,GZ-145451,George Zrebassa,455,454
Southeast Asia,HA-149051,Helen Abelman,1942,168
Southeast Asia,HA-149201,Helen Andreada,1446,237
Southeast Asia,HD-147851,Harold Dahlen,977,310
Southeast Asia,HE-148001,Harold Engle,495,441
Southeast Asia,HF-149951,Herbert Flentye,938,320
Southeast Asia,HG-148451,Harry Greene,679,391
Southeast Asia,HG-149651,Henry Goldwyn,881,334
Southeast Asia,HG-150251,Hunter Glantz,3715,38
Southeast Asia,HJ-148751,Heather Jas,2656,96
Southeast Asia,HK-148901,Heather Kirkland,1158,288
Southeast Asia,HL-150401,Hunter Lopez,2055,152
Southeast Asia,HM-148601,Harry Marie,967,314
Southeast Asia,HM-149801,Henry MacAllister,1723,199
Southeast Asia,HR-147701,Hallie Redmond,3094,72
Southeast Asia,HR-148301,Harold Ryan,37,651
Southeast Asia,HW-149351,Helen Wasserman,830,342
Southeast Asia,HZ-149501,Henia Zydlo,2470,116
Southeast Asia,IG-150851,Ivan Gibson,535,431
Southeast Asia,IM-150551,Ionia McGrath,227,545
Southeast Asia,IM-150701,Irene Maddox,2307,132
Southeast Asia,JA-159701,Joseph Airdo,3740,36
Southeast Asia,JB-159251,Joni Blumstein,462,447
Southeast Asia,JB-160001,Joy Bell-,4681,18
Southeast Asia,JB-160451,Julia Barnett,670,393
Southeast Asia,JC-153401,Jasper Cacioppo,1576,214
Southeast Asia,JC-157751,John Castell,2713,91
Southeast Asia,JC-161051,Julie Creighton,188,560
Southeast Asia,JD-157901,John Dryer,2478,115
Southeast Asia,JD-158951,Jonathan Doherty,686,386
Southeast Asia,JD-160151,Joy Daniels,1458,231
Southeast Asia,JD-161501,Justin Deggeller,1363,255
Southeast Asia,JE-156101,Jim Epp,206,553
Southeast Asia,JE-157151,Joe Elijah,1204,278
Southeast Asia,JE-157451,Joel Eaton,3189,69
Southeast Asia,JE-161651,Justin Ellison,1411,247
Southeast Asia,JF-151901,Jamie Frazer,5869,9
Southeast Asia,JF-152951,Jason Fortune-,1444,239
Southeast Asia,JF-154151,Jennifer Ferguson,986,309
Southeast Asia,JF-154901,Jeremy Farry,721,374
Southeast Asia,JF-155651,Jill Fjeld,381,475
Southeast Asia,JG-151601,James Galang,12,669
Southeast Asia,JG-153101,Jason Gross,1937,169
Southeast Asia,JG-158051,John Grady,1756,196
Southeast Asia,JH-154301,Jennifer Halladay,2182,141
Southeast Asia,JH-158201,John Huston,351,488
Southeast Asia,JH-159101,Jonathan Howell,374,479
Southeast Asia,JH-159851,Joseph Holt,2362,125
Southeast Asia,JH-161801,Justin Hirsh,2001,159
Southeast Asia,JJ-154451,Jennifer Jackson,193,558
Southeast Asia,JK-152051,Jamie Kunitz,102,606
Southeast Asia,JK-153251,Jason Klamczynski,344,492
Southeast Asia,JK-153701,Jay Kimmel,418,463
Southeast Asia,JK-156251,Jim Karlsson,1239,272
Southeast Asia,JK-156401,Jim Kriz,217,549
Southeast Asia,JK-157301,Joe Kamberova,6784,5
Southeast Asia,JK-160901,Juliana Krohn,2996,81
Southeast Asia,JK-161201,Julie Kriz,3559,45
Southeast Asia,JL-151301,Jack Lebron,895,330
Southeast Asia,JL-151751,James Lanier,2819,85
Southeast Asia,JL-152351,Janet Lee,21,663
Southeast Asia,JL-155051,Jeremy Lonsdale,78,619
Southeast Asia,JM-152501,Janet Martin,110,603
Southeast Asia,JM-152651,Janet Molinari,1763,193
Southeast Asia,JM-155801,Jill Matthias,397,472
Southeast Asia,JM-156551,Jim Mitchum,737,370
Southeast Asia,JM-158651,John Murray,1091,295
Southeast Asia,JM-161951,Justin MacKendrick,172,567
Southeast Asia,JO-152801,Jas O'Carroll,140,581
Southeast Asia,JP-154601,Jennifer Patt,3073,75
Southeast Asia,JP-155201,Jeremy Pistek,2621,99
Southeast Asia,JP-161351,Julie Prescott,1757,195
Southeast Asia,JR-156701,Jim Radford,1766,192
Southeast Asia,JS-155951,Jill Stevenson,5585,11
Southeast Asia,JS-156851,Jim Sink,155,571
Southeast Asia,JS-158801,John Stevenson,56,632
Southeast Asia,JS-160301,Joy Smith,6192,7
Southeast Asia,JW-152201,Jane Waco,2425,121
Southeast Asia,JW-159551,Joni Wasserman,606,408
Southeast Asia,JW-160751,Julia West,1884,174
Southeast Asia,KA-165251,Kelly Andreada,1985,162
Southeast Asia,KB-162401,Karen Bern,279,521
Southeast Asia,KB-163151,Karl Braun,3289,60
Southeast Asia,KB-164051,Katrina Bavinger,4153,25
Southeast Asia,KB-166001,Ken Brennan,471,445
Southeast Asia,KC-162551,Karen Carlisle,824,346
Southeast Asia,KC-165401,Kelly Collister,2159,144
Southeast Asia,KC-166751,Kimberly Carter,50,640
Southeast Asia,KD-162701,Karen Daniels,4891,16
Southeast Asia,KD-163451,Katherine Ducich,319,502
Southeast Asia,KD-164951,Keith Dawkins,2165,143
Southeast Asia,KD-166151,Ken Dana,42,648
Southeast Asia,KE-164201,Katrina Edelman,1094,294
Southeast Asia,KF-162851,Karen Ferguson,18,665
Southeast Asia,KH-163301,Katharine Harms,3799,31
Southeast Asia,KH-163601,Katherine Hughes,1171,285
Southeast Asia,KH-165101,Keith Herrera,1714,201
Southeast Asia,KH-166301,Ken Heidel,150,572
Southeast Asia,KH-166901,Kristen Hastings,1456,234
Southeast Asia,KL-165551,Kelly Lampkin,828,344
Southeast Asia,KL-166451,Ken Lonsdale,110,604
Southeast Asia,KM-162251,Kalyca Meade,157,570
Southeast Asia,KM-166601,Khloe Miller,4406,20
Southeast Asia,KM-167201,Kunst Miller,4940,15
Southeast Asia,KN-163901,Katherine Nockton,2033,154
Southeast Asia,KN-164501,Kean Nguyen,123,597
Southeast Asia,KS-163001,Karen Seio,519,435
Southeast Asia,KT-164651,Kean Takahito,1796,188
Southeast Asia,KT-164801,Kean Thornton,678,392
Southeast Asia,KW-164351,Katrina Willman,829,343
Southeast Asia,KW-165701,Kelly Williams,460,448
Southeast Asia,LA-167801,Laura Armstrong,4275,22
Southeast Asia,LB-167351,Larry Blacks,812,351
Southeast Asia,LB-167951,Laurel Beltran,288,514
Southeast Asia,LC-168851,Lena Creighton,1446,238
Southeast Asia,LC-169601,Lindsay Castell,1914,172
Southeast Asia,LC-170501,Liz Carlisle,380,476
Southeast Asia,LD-168551,Lela Donovan,1403,250
Southeast Asia,LE-168101,Laurel Elliston,614,405
Southeast Asia,LF-171851,Luke Foster,1244,270
Southeast Asia,LH-169001,Lena Hernandez,1570,217
Southeast Asia,LH-171551,Logan Haushalter,792,358
Southeast Asia,LL-168401,Lauren Leatherbury,118,600
Southeast Asia,LM-170651,Liz MacKendrick,1203,279
Southeast Asia,LO-171701,Lori Olson,1436,240
Southeast Asia,LP-170801,Liz Pelletier,1537,221
Southeast Asia,LP-170951,Liz Preis,2338,127
Southeast Asia,LR-170351,Lisa Ryan,102,607
Southeast Asia,LS-169451,Linda Southworth,3344,58
Southeast Asia,LS-169751,Lindsay Shagiari,63,628
Southeast Asia,LS-172001,Luke Schmidt,1970,165
Southeast Asia,LS-172301,Lycoris Saunders,1420,245
Southeast Asia,LS-172451,Lynn Smith,1541,220
Southeast Asia,LT-167651,Larry Tron,414,465
Southeast Asia,LT-171101,Liz Thompson,438,460
Southeast Asia,LW-168251,Laurel Workman,372,480
Southeast Asia,LW-171251,Liz Willingham,529,432
Southeast Asia,LW-172151,Luke Weiss,148,574
Southeast Asia,MA-175601,Matt Abelman,664,394
Southeast Asia,MA-179951,Michelle Arnett,1795,189
Southeast Asia,MB-173051,Maria Bertelson,726,371
Southeast Asia,MC-172751,Marc Crier,716,376
Southeast Asia,MC-174251,Mark Cousins,3901,28
Southeast Asia,MC-175751,Matt Collins,2761,86
Southeast Asia,MC-176051,Matt Connell,356,486
Southeast Asia,MC-176351,Matthew Clasen,2702,94
Southeast Asia,MC-178451,Michael Chen,3684,40
Southeast Asia,MC-181001,Mick Crebagga,591,415
Southeast Asia,MC-181301,Mike Caudle,127,594
Southeast Asia,MD-173501,Maribeth Dona,817,348
Southeast Asia,MD-178601,Michael Dominguez,2713,92
Southeast Asia,ME-177251,Max Engle,655,396
Southeast Asia,ME-180101,Michelle Ellison,404,469
Southeast Asia,MF-176651,Maureen Fritzler,149,573
Southeast Asia,MF-182501,Monica Federle,3631,42
Southeast Asia,MG-176501,Matthew Grinstein,361,483
Southeast Asia,MG-176801,Maureen Gastineau,3432,54
Southeast Asia,MG-176951,Maureen Gnade,54,635
Southeast Asia,MG-178751,Michael Grace,137,584
Southeast Asia,MG-178901,Michael Granlund,445,457
Southeast Asia,MG-181451,Mike Gockenbach,199,555
Southeast Asia,MG-182051,Mitch Gastineau,184,562
Southeast Asia,MH-172901,Marc Harrigan,2442,120
Southeast Asia,MH-174401,Mark Haberlin,30,655
Southeast Asia,MH-174551,Mark Hamilton,141,580
Southeast Asia,MH-176201,Matt Hagelstein,713,378
Southeast Asia,MH-177851,Maya Herman,1515,222
Southeast Asia,MH-181151,Mick Hernandez,259,531
Southeast Asia,MK-179051,Michael Kennedy,2218,139
Southeast Asia,MK-181601,Mike Kennedy,685,388
Southeast Asia,ML-173951,Marina Lichtenstein,1091,296
Southeast Asia,ML-174101,Maris LaWare,1332,257
Southeast Asia,ML-177551,Max Ludwig,976,311
Southeast Asia,ML-180401,Michelle Lonsdale,1576,215
Southeast Asia,ML-182651,Muhammed Lee,268,527
Southeast Asia,MM-172601,Magdelene Morse,3561,44
Southeast Asia,MM-179201,Michael Moore,54,636
Southeast Asia,MM-180551,Michelle Moray,43,646
Southeast Asia,MM-182801,Muhammed MacIntyre,273,525
Southeast Asia,MN-179351,Michael Nguyen,185,561
Southeast Asia,MO-178001,Meg O'Connel,2417,122
Southeast Asia,MP-174701,Mark Packer,1243,271
Southeast Asia,MP-179651,Michael Paige,1583,213
Southeast Asia,MP-181751,Mike Pelletier,3454,52
Southeast Asia,MR-175451,Mathew Reese,615,404
Southeast Asia,MS-173651,Maribeth Schnelling,1718,200
Southeast Asia,MS-175301,MaryBeth Skach,776,362
Southeast Asia,MS-177101,Maurice Satty,86,615
Southeast Asia,MS-177701,Maxwell Schwartz,322,500
Southeast Asia,MS-178301,Melanie Seite,140,582
Southeast Asia,MS-179801,Michael Stewart,199,556
Southeast Asia,MT-178151,Meg Tillman,1413,246
Southeast Asia,MT-180701,Michelle Tran,1000,307
Southeast Asia,MV-174851,Mark Van Huff,1829,183
Southeast Asia,MW-182201,Mitch Webber,147,575
Southeast Asia,MW-182351,Mitch Willingham,567,421
Southeast Asia,MY-173801,Maribeth Yedwab,595,412
Southeast Asia,MY-182951,Muhammed Yedwab,926,323
Southeast Asia,MZ-173351,Maria Zettner,841,340
Southeast Asia,MZ-175151,Mary Zewe,3401,55
Southeast Asia,NB-185801,Nicole Brennan,944,319
Southeast Asia,NB-186551,Nona Balk,51,638
Southeast Asia,NC-183401,Nat Carroll,1813,185
Southeast Asia,NC-184151,Nathan Cano,63,629
Southeast Asia,NC-186251,Noah Childs,277,523
Southeast Asia,ND-184601,Neil Ducich,100,608
Southeast Asia,NF-183851,Natalie Fritzler,607,407
Southeast Asia,NF-184751,Neil Französisch,507,438
Southeast Asia,NF-185951,Nicole Fjeld,279,522
Southeast Asia,NG-183551,Nat Gilpin,11,672
Southeast Asia,NG-184301,Nathan Gelder,2729,90
Southeast Asia,NH-186101,Nicole Hansen,3182,70
Southeast Asia,NK-184901,Neil Knudson,2315,131
Southeast Asia,NL-183101,Nancy Lomonaco,699,382
Southeast Asia,NM-184451,Nathan Mautz,2244,135
Southeast Asia,NM-185201,Neoma Murray,283,519
Southeast Asia,NP-186701,Nora Paige,29,656
Southeast Asia,NP-186851,Nora Pelletier,3756,35
Southeast Asia,NP-187001,Nora Preis,511,437
Southeast Asia,NR-185501,Nick Radford,1832,182
Southeast Asia,NS-185051,Neola Schneider,1388,252
Southeast Asia,NS-186401,Noel Staavos,12,670
Southeast Asia,NW-184001,Natalie Webber,804,354
Southeast Asia,ON-187151,Odella Nelson,237,541
Southeast Asia,OT-187301,Olvera Toch,4462,19
Southeast Asia,PA-190601,Pete Armstrong,707,381
Southeast Asia,PB-188051,Patrick Bzostek,469,446
Southeast Asia,PB-191501,Philip Brown,137,585
Southeast Asia,PB-192101,Phillip Breyer,2134,148
Southeast Asia,PC-187451,Pamela Coakley,2146,146
Southeast Asia,PC-190001,Pauline Chand,1571,216
Southeast Asia,PF-191201,Peter Fuller,587,418
Southeast Asia,PF-191651,Philip Fox,249,535
Southeast Asia,PF-192251,Phillip Flathmann,1403,251
Southeast Asia,PG-188201,Patrick Gardner,1810,186
Southeast Asia,PG-188951,Paul Gonzalez,1458,232
Southeast Asia,PH-187901,Patricia Hirasaki,250,533
Southeast Asia,PJ-190151,Pauline Johnson,616,403
Southeast Asia,PK-189101,Paul Knutson,649,397
Southeast Asia,PK-190751,Pete Kriz,22,662
Southeast Asia,PL-189251,Paul Lucas,1609,208
Southeast Asia,PM-189401,Paul MacIntyre,3638,41
Southeast Asia,PM-191351,Peter McVee,1779,190
Southeast Asia,PN-187751,Parhena Norris,227,546
Southeast Asia,PO-188651,Patrick O'Donnell,1228,276
Southeast Asia,PO-191801,Philisse Overcash,3497,49
Southeast Asia,PO-191951,Phillina Ober,44,645
Southeast Asia,PP-189551,Paul Prost,627,402
Southeast Asia,PR-188801,Patrick Ryan,1386,253
Southeast Asia,PS-187601,Pamela Stobb,1407,249
Southeast Asia,PS-189701,Paul Stevenson,1491,224
Southeast Asia,PS-190451,Penelope Sewall,1937,170
Southeast Asia,PT-190901,Pete Takahito,32,654
Southeast Asia,PV-189851,Paul Van Hugh,1458,233
Southeast Asia,PW-190301,Pauline Webber,791,359
Southeast Asia,PW-192401,Pierre Wener,293,512
Southeast Asia,QJ-192551,Quincy Jones,130,591
Southeast Asia,RA-199151,Russell Applegate,1423,243
Southeast Asia,RA-199451,Ryan Akin,294,511
Southeast Asia,RB-193301,Randy Bradley,74,620
Southeast Asia,RB-193601,Raymond Buch,346,490
Southeast Asia,RB-194351,Richard Bierner,928,322
Southeast Asia,RB-196451,Robert Barroso,2377,123
Southeast Asia,RB-197051,Roger Barcio,631,401
Southeast Asia,RB-197951,Ross Baird,105,605
Southeast Asia,RC-198251,Roy Collins,756,367
Southeast Asia,RC-199601,Ryan Crowe,604,409
Southeast Asia,RD-195851,Rob Dowd,1453,235
Southeast Asia,RD-196601,Robert Dilbeck,351,489
Southeast Asia,RD-197201,Roger Demir,595,413
Southeast Asia,RE-194051,Ricardo Emerson,456,452
Southeast Asia,RE-194501,Richard Eichhorn,2143,147
Southeast Asia,RF-193451,Randy Ferguson,774,363
Southeast Asia,RF-197351,Roland Fjeld,1895,173
Southeast Asia,RH-194951,Rick Hansen,743,368
Southeast Asia,RH-195551,Ritsa Hightower,3001,80
Southeast Asia,RH-196001,Rob Haberlin,407,468
Southeast Asia,RM-193751,Raymond Messe,1141,290
Southeast Asia,RM-196751,Robert Marley,898,329
Southeast Asia,RM-197501,Roland Murray,1422,244
Southeast Asia,RO-197801,Rose O'Brian,2487,114
Southeast Asia,RP-192701,Rachel Payne,1499,223
Southeast Asia,RP-193901,Resi Pölking,3725,37
Southeast Asia,RP-198551,Roy Phan,3026,78
Southeast Asia,RR-193151,Ralph Ritter,376,477
Southeast Asia,RR-195251,Rick Reed,964,316
Southeast Asia,RS-194201,Ricardo Sperren,27,659
Southeast Asia,RS-197651,Roland Schwarz,2120,150
Southeast Asia,RW-196301,Rob Williams,183,563
Southeast Asia,RW-196901,Robert Waldorf,64,626
Southeast Asia,SA-208301,Sue Ann Reed,48,642
Southeast Asia,SB-201701,Sarah Bern,147,576
Southeast Asia,SB-201851,Sarah Brown,316,503
Southeast Asia,SB-202901,Sean Braxton,1882,175
Southeast Asia,SC-200201,Sam Craven,642,400
Southeast Asia,SC-200501,Sample Company A,219,547
Southeast Asia,SC-200951,Sanjit Chand,325,499
Southeast Asia,SC-202601,Scott Cohen,1279,264
Southeast Asia,SC-203051,Sean Christensen,445,458
Southeast Asia,SC-203801,Shahid Collister,2992,82
Southeast Asia,SC-204401,Shaun Chance,46,643
Southeast Asia,SC-205751,Sonia Cooley,404,470
Southeast Asia,SC-206801,Steve Carroll,5397,13
Southeast Asia,SC-206951,Steve Chapman,7991,1
Southeast Asia,SC-207701,Stewart Carmichael,3218,67
Southeast Asia,SC-208001,Stuart Calhoun,1855,178
Southeast Asia,SC-208451,Sung Chung,29,657
Southeast Asia,SD-204851,Shirley Daniels,893,331
Southeast Asia,SE-201101,Sanjit Engle,2497,111
Southeast Asia,SF-202001,Sarah Foster,64,627
Southeast Asia,SF-209651,Sylvia Foulston,21,664
Southeast Asia,SG-200801,Sandra Glassco,542,429
Southeast Asia,SG-204701,Sheri Gordon,28,658
Southeast Asia,SG-206051,Speros Goranitis,231,543
Southeast Asia,SG-208901,Susan Gilcrest,2492,113
Southeast Asia,SH-199751,Sally Hughsby,1096,293
Southeast Asia,SH-203951,Shahid Hopkins,340,495
Southeast Asia,SH-206351,Stefanie Holloman,1165,286
Southeast Asia,SJ-201251,Sanjit Jacobs,248,536
Southeast Asia,SJ-202151,Sarah Jordon,811,353
Southeast Asia,SJ-205001,Shirley Jackson,1553,219
Southeast Asia,SK-199901,Sally Knutson,1036,304
Southeast Asia,SL-201551,Sara Luxemburg,193,559
Southeast Asia,SM-200051,Sally Matthias,458,450
Southeast Asia,SM-203201,Sean Miller,816,349
Southeast Asia,SM-209051,Susan MacKendrick,1077,298
Southeast Asia,SM-209501,Suzanne McNair,121,598
Southeast Asia,SO-203351,Sean O'Donnell,213,552
Southeast Asia,SP-205451,Sibella Parks,287,516
Southeast Asia,SP-206201,Stefania Perrino,1330,258
Southeast Asia,SP-206501,Stephanie Phelps,4336,21
Southeast Asia,SP-209201,Susan Pistek,5569,12
Southeast Asia,SR-207401,Steven Roelle,1298,262
Southeast Asia,SS-201401,Saphhira Shifley,1198,280
Southeast Asia,SS-204101,Shahid Shariari,1730,198
Southeast Asia,SS-205151,Shirley Schmidt,1651,206
Southeast Asia,SS-205901,Sonia Sunley,1699,202
Southeast Asia,SS-208751,Sung Shariari,492,442
Southeast Asia,ST-205301,Shui Tom,1758,194
Southeast Asia,SV-109352,Susan Vittorini,315,504
Southeast Asia,SV-203651,Seth Vernon,1354,256
Southeast Asia,SV-207851,Stewart Visinsky,3792,32
Southeast Asia,SV-208151,Stuart Van,486,443
Southeast Asia,SV-209351,Susan Vittorini,3260,64
Southeast Asia,SW-202451,Scot Wooten,4166,24
Southeast Asia,SW-202751,Scott Williamson,273,526
Southeast Asia,SW-203501,Sean Wendt,3283,61
Southeast Asia,SW-204551,Shaun Weien,518,436
Southeast Asia,SW-207551,Steven Ward,2586,102
Southeast Asia,SZ-200351,Sam Zeldin,1317,260
Southeast Asia,TA-213851,Tom Ashbrook,3599,43
Southeast Asia,TB-210551,Ted Butterfield,3003,79
Southeast Asia,TB-211751,Thomas Boland,1748,197
Southeast Asia,TB-211901,Thomas Brumley,1036,305
Southeast Asia,TB-212501,Tim Brockman,438,461
Southeast Asia,TB-212801,Toby Braunhardt,795,356
Southeast Asia,TB-214001,Tom Boeckenhauer,2459,117
Southeast Asia,TB-215201,Tracy Blumstein,4032,26
Southeast Asia,TB-215951,Troy Blackwell,450,455
Southeast Asia,TB-216251,Trudy Brown,643,399
Southeast Asia,TC-209801,Tamara Chand,14,667
Southeast Asia,TC-211451,Theresa Coyne,2511,109
Southeast Asia,TC-212951,Toby Carlisle,2569,103
Southeast Asia,TC-214751,Tony Chapman,695,384
Southeast Asia,TC-215351,Tracy Collins,99,609
Southeast Asia,TD-209951,Tamara Dahlen,447,456
Southeast Asia,TG-213101,Toby Gnade,250,534
Southeast Asia,TG-216401,Trudy Glocke,1479,225
Southeast Asia,TH-211001,Thea Hendricks,3328,59
Southeast Asia,TH-211151,Thea Hudgings,2710,93
Southeast Asia,TH-215501,Tracy Hopkins,2059,151
Southeast Asia,TM-210101,Tamara Manning,239,538
Southeast Asia,TM-214901,Tony Molinari,3256,66
Southeast Asia,TP-211301,Theone Pippenger,3386,56
Southeast Asia,TP-214151,Tom Prescott,1409,248
Southeast Asia,TP-215651,Tracy Poddar,849,338
Southeast Asia,TR-213251,Toby Ritter,1252,269
Southeast Asia,TS-210851,Thais Sissman,214,551
Southeast Asia,TS-211601,Theresa Swint,1985,163
Southeast Asia,TS-212051,Thomas Seio,120,599
Southeast Asia,TS-213401,Toby Swindell,144,579
Southeast Asia,TS-214301,Tom Stivers,1182,281
Southeast Asia,TS-215051,Tony Sayre,3049,77
Southeast Asia,TS-216101,Troy Staebel,1009,306
Southeast Asia,TS-216551,Trudy Schmidt,925,324
Southeast Asia,TT-210701,Ted Trevino,933,321
Southeast Asia,TT-212201,Thomas Thornton,2684,95
Southeast Asia,TT-212651,Tim Taslimi,62,630
Southeast Asia,TT-214601,Tonja Turnell,3079,74
Southeast Asia,TW-210251,Tamara Willingham,295,509
Southeast Asia,TZ-214451,Tom Zandusky,239,539
Southeast Asia,TZ-215801,Tracy Zic,133,588
Southeast Asia,VB-217451,Victoria Brennan,763,365
Southeast Asia,VD-216701,Valerie Dominguez,2750,88
Southeast Asia,VF-217151,Vicky Freymann,2199,140
Southeast Asia,VG-217901,Vivek Gonzalez,68,623
Southeast Asia,VG-218051,Vivek Grady,1100,292
Southeast Asia,VM-216851,Valerie Mitchum,146,577
Southeast Asia,VM-218351,Vivian Mathis,83,616
Southeast Asia,VP-217301,Victor Preis,282,520
Southeast Asia,VP-217601,Victoria Pisteka,3465,51
Southeast Asia,VT-217001,Valerie Takahito,498,440
Southeast Asia,VW-217751,Victoria Wilson,1279,265
Southeast Asia,WB-218501,William Brown,37,652
Southeast Asia,XP-218651,Xylona Preis,12,671
Southeast Asia,YC-218951,Yoseph Carroll,314,505
Southeast Asia,ZC-219101,Zuschuss Carroll,331,496
Southeast Asia,ZD-219251,Zuschuss Donatelli,286,518
West,AA-103154,Alex Avila,754,312
West,AA-103754,Allen Armold,73,602
West,AA-106454,Anna Andreadi,1389,181
West,AB-100154,Aaron Bergman,310,451
West,AB-100604,Adam Bellavance,2695,60
West,AB-101054,Adrian Barton,1331,190
West,AB-101654,Alan Barnes,794,300
West,AB-102554,Alejandro Ballentine,745,317
West,AB-106004,Ann Blume,1484,168
West,AC-104204,Alyssa Crouse,706,328
West,AC-104504,Amy Cox,1962,113
West,AC-106154,Ann Chong,80,594
West,AC-106604,Anna Chung,287,467
West,AD-101804,Alan Dominguez,4353,19
West,AF-108704,Art Ferguson,98,584
West,AG-102704,Alejandro Grove,56,620
West,AG-103004,Aleksandra Gannaway,285,468
West,AG-103304,Alex Grayson,292,464
West,AG-103904,Allen Goldenen,20,654
West,AG-104954,Andrew Gjertsen,198,514
West,AG-109004,Arthur Gainer,2382,77
West,AH-100304,Aaron Hawkins,1327,191
West,AH-100754,Adam Hart,463,394
West,AH-101204,Adrian Hane,1311,196
West,AH-102104,Alan Hwang,1864,124
West,AH-104654,Amy Hunt,71,605
West,AH-105854,Angele Hood,483,389
West,AH-106904,Anna Häberlin,1312,194
West,AI-108554,Arianne Irving,3800,29
West,AJ-107804,Anthony Jacobs,319,449
West,AJ-107954,Anthony Johnson,2771,56
West,AJ-109454,Ashley Jarboe,104,578
West,AJ-109604,Astrea Jones,11,672
West,AM-103604,Alice McCarthy,611,348
West,AM-107054,Anne McFarland,934,266
West,AO-108104,Anthony O'Donnell,161,540
West,AP-107204,Anne Pryor,1018,252
West,AP-109154,Arthur Prichep,2371,79
West,AR-104054,Allen Rosenblatt,265,475
West,AR-105104,Andrew Roberts,58,616
West,AR-105404,Andy Reiter,720,323
West,AR-108254,Anthony Rawles,3410,36
West,AS-100454,Aaron Smayling,737,320
West,AS-100904,Adam Shillingsburg,14,665
West,AS-101354,Adrian Shami,4,681
West,AS-102254,Alan Schoenberger,2018,108
West,AS-102404,Alan Shonely,69,608
West,AS-102854,Alejandro Savely,311,450
West,AS-106304,Ann Steele,405,416
West,AT-104354,Alyssa Tate,1152,221
West,AT-107354,Annie Thurman,158,543
West,AW-108404,Anthony Witt,298,462
West,AW-109304,Arthur Wiediger,1100,230
West,AY-105554,Andy Yotov,488,385
West,AZ-107504,Annie Zypern,1073,237
West,BB-109904,Barry Blumstein,353,434
West,BB-115454,Brenda Bowman,1379,183
West,BC-111254,Becky Castell,1924,115
West,BD-113204,Bill Donatelli,2233,90
West,BD-115004,Bradley Drucker,369,430
West,BD-115604,Brendan Dodson,169,533
West,BD-116054,Brian Dahlen,2185,92
West,BD-116204,Brian DeCherney,497,380
West,BD-117254,Bruce Degenhardt,185,520
West,BD-117704,Bryan Davis,143,555
West,BE-113354,Bill Eplett,212,498
West,BE-114104,Bobby Elias,61,611
West,BF-110054,Barry Franz,1008,255
West,BF-110204,Barry Französisch,557,362
West,BF-111704,Ben Ferrer,1992,111
West,BF-112154,Benjamin Farhat,780,305
West,BF-112754,Beth Fritzler,388,422
West,BG-116954,Brooke Gillingham,29,646
West,BG-117404,Bruce Geld,925,267
West,BH-117104,Brosina Hoffman,3714,32
West,BK-112604,Berenike Kampe,181,524
West,BM-111404,Becky Martin,639,342
West,BM-115754,Brendan Murry,44,626
West,BM-116504,Brian Moss,520,371
West,BM-117854,Bryan Mills,58,617
West,BN-114704,Brad Norvell,11,673
West,BN-115154,Bradley Nguyen,273,471
West,BO-113504,Bill Overfelt,524,368
West,BP-110504,Barry Pond,33,641
West,BP-110954,Bart Pistole,1075,236
West,BP-111554,Becky Pak,1148,222
West,BP-111854,Ben Peterman,1082,235
West,BP-112304,Benjamin Patterson,146,553
West,BP-112904,Beth Paige,1086,234
West,BS-113654,Bill Shonely,70,606
West,BS-113804,Bill Stewart,2159,96
West,BS-115904,Brendan Sweed,1281,201
West,BS-116654,Brian Stugart,1874,121
West,BS-117554,Bruce Stewart,618,346
West,BS-118004,Bryan Spruell,188,519
West,BT-113054,Beth Thompson,2551,70
West,BT-113954,Bill Tyler,783,304
West,BT-114404,Bobby Trafton,72,603
West,BT-115304,Bradley Talbott,2303,85
West,BT-116804,Brian Thompson,893,277
West,BV-112454,Benjamin Venier,33,642
West,BW-111104,Bart Watters,1206,211
West,BW-112004,Ben Wallace,907,275
West,CA-119654,Carol Adams,892,278
West,CA-120554,Cathy Armstrong,1016,253
West,CA-122654,Christina Anderson,1551,156
West,CA-123104,Christine Abelman,495,383
West,CA-127754,Cynthia Arntzen,393,421
West,CB-120254,Cassandra Brandow,2456,73
West,CB-124154,Christy Brittain,60,614
West,CB-125354,Claudia Bergmann,1468,173
West,CC-121004,Chad Cunningham,1313,193
West,CC-121454,Charles Crestani,2382,78
West,CC-122204,Chris Cortes,819,289
West,CC-123704,Christopher Conant,3137,43
West,CC-124304,Chuck Clark,943,264
West,CC-124754,Cindy Chapman,753,313
West,CC-125504,Clay Cheatham,103,579
West,CC-126104,Corey Catlett,228,489
West,CC-126704,Craig Carreira,1251,204
West,CD-119204,Carlos Daly,297,463
West,CD-119804,Carol Darley,25,649
West,CD-122804,Christina DeMoss,410,413
West,CD-127904,Cynthia Delaney,729,321
West,CG-120404,Catherine Glotzbach,12,669
West,CJ-120104,Caroline Jumper,108,574
West,CK-122054,Chloris Kastensmidt,1387,182
West,CK-123254,Christine Kargatis,141,556
West,CK-125954,Clytie Kelty,77,597
West,CK-127604,Cyma Kinney,301,458
West,CL-118904,Carl Ludwig,17,658
West,CL-125654,Clay Ludtke,6070,7
West,CL-127004,Craig Leslie,1877,120
West,CM-118154,Candace McMahon,1605,147
West,CM-119354,Carlos Meador,35,638
West,CM-121154,Chad McGuire,861,282
West,CM-121604,Charles McCrossin,2004,109
West,CM-121904,Charlotte Melton,522,370
West,CM-122354,Chris McAfee,40,633
West,CM-123854,Christopher Martinez,2031,106
West,CM-124454,Chuck Magee,154,545
West,CM-126554,Corinna Mitchell,1868,123
West,CM-127154,Craig Molinari,1145,223
West,CP-120854,Cathy Prescott,285,469
West,CP-123404,Christine Phan,248,482
West,CR-125804,Clay Rozendal,1898,118
West,CS-118454,Cari Sayre,1261,203
West,CS-119504,Carlos Soltero,1621,146
West,CS-121304,Chad Sievert,796,299
West,CS-121754,Charles Sheldon,551,366
West,CS-122504,Chris Selesnick,752,314
West,CS-123554,Christine Sundaresam,414,411
West,CS-124004,Christopher Schild,913,271
West,CS-125054,Cindy Stewart,226,491
West,CT-119954,Carol Triggs,909,274
West,CV-122954,Christina VanderZanden,1069,238
West,CV-128054,Cynthia Voltz,322,447
West,CW-119054,Carl Weiss,95,585
West,CY-127454,Craig Yedwab,721,322
West,Co-126404,Corey-Lock,564,359
West,DB-129104,Daniel Byrd,1176,215
West,DB-129703,Darren Budd,1202,212
West,DB-130604,Dave Brooks,839,285
West,DB-131204,David Bremer,198,515
West,DB-132104,Dean Braden,122,566
West,DB-132704,Deborah Brumfield,1343,188
West,DB-133604,Dennis Bolton,217,495
West,DB-136154,Doug Bickford,1548,158
West,DB-136604,Duane Benoit,879,280
West,DC-132854,Debra Catini,308,453
West,DD-135704,Dorothy Dickinson,110,572
West,DE-132554,Deanra Eno,1029,249
West,DF-131354,David Flashing,110,573
West,DG-133004,Deirdre Greer,601,351
West,DH-130754,Dave Hallsten,1637,144
West,DH-136754,Duane Huffman,459,396
West,DJ-134204,Denny Joy,164,538
West,DJ-135104,Don Jones,1761,131
West,DJ-136304,Doug Jacobs,320,448
West,DK-128354,Damala Kotsonis,1518,164
West,DK-128954,Dana Kaydos,1058,241
West,DK-129854,Darren Koutras,301,459
West,DK-130904,Dave Kipp,788,302
West,DK-132254,Dean Katz,2943,48
West,DK-133754,Dennis Kane,987,258
West,DL-128654,Dan Lawera,1060,240
West,DL-129254,Daniel Lacy,205,508
West,DL-133154,Delfina Latchford,39,635
West,DL-133304,Denise Leinenbach,41,631
West,DL-134954,Dionis Lloyd,1104,228
West,DM-129554,Dario Medina,124,563
West,DM-130154,Darrin Martin,306,454
West,DM-133454,Denise Monton,243,485
West,DN-136904,Duane Noonan,951,263
West,DO-134354,Denny Ordway,269,472
West,DO-136454,Doug O'Connell,353,435
West,DP-130004,Darren Powers,384,424
West,DP-131054,Dave Poirier,453,398
West,DP-133904,Dennis Pardue,4942,13
West,DR-128804,Dan Reichenbach,3374,37
West,DR-129404,Daniel Raglin,302,457
West,DS-130304,Darrin Sayre,1362,186
West,DS-131804,David Smith,883,279
West,DV-130454,Darrin Van Huff,38,636
West,DV-134654,Dianna Vittorini,1420,176
West,DW-131954,David Wiener,627,344
West,DW-134804,Dianna Wilson,913,272
West,DW-135404,Don Weiss,158,544
West,DW-135854,Dorothy Wardle,193,518
West,Dl-136004,Dorris liebe,80,595
West,Dp-132404,Dean percer,464,393
West,EA-140354,Erin Ashbrook,209,504
West,EB-137054,Ed Braxton,2050,104
West,EB-137504,Edward Becker,172,531
West,EB-138404,Ellis Ballard,4037,24
West,EB-138704,Emily Burns,1520,162
West,EB-139304,Eric Barreto,122,567
West,EB-139754,Erica Bern,659,338
West,EB-141104,Eugene Barchas,1095,231
West,EB-141704,Evan Bailliet,818,290
West,EC-140504,Erin Creighton,94,588
West,ED-138854,Emily Ducich,596,352
West,EH-137654,Edward Hooks,7448,3
West,EH-139454,Eric Hoffmann,203,510
West,EH-139904,Erica Hackney,134,559
West,EH-140054,Erica Hernandez,194,516
West,EH-141254,Eugene Hildebrand,506,378
West,EJ-137204,Ed Jacobs,1645,143
West,EJ-141554,Eva Jacobs,1091,232
West,EK-137954,Eileen Kiefer,1277,202
West,EM-138104,Eleni McCrary,2057,103
West,EM-138254,Elizabeth Moffitt,343,437
West,EM-139604,Eric Murdock,760,308
West,EM-140954,Eudokia Martin,456,397
West,EM-141404,Eugene Moren,2499,71
West,EP-139154,Emily Phan,697,330
West,ER-138554,Elpida Rittenbach,61,612
West,ES-140204,Erica Smith,2944,47
West,ES-140804,Erin Smith,2308,84
West,FA-142304,Frank Atkinson,2082,100
West,FC-142454,Frank Carlisle,646,341
West,FC-143354,Fred Chung,3628,33
West,FG-142604,Frank Gastineau,182,523
West,FH-142754,Frank Hawley,815,291
West,FH-143504,Fred Harton,915,270
West,FH-143654,Fred Hopkins,5056,12
West,FM-142154,Filia McAdams,74,600
West,FM-142904,Frank Merwin,420,407
West,FM-143804,Fred McMath,664,337
West,FO-143054,Frank Olsen,240,487
West,FP-143204,Frank Preis,482,391
West,FW-143954,Fred Wasserman,17,659
West,GA-145154,George Ashbrook,2748,58
West,GA-147254,Guy Armstrong,377,425
West,GB-145304,George Bell,325,445
West,GD-145904,Giulietta Dortch,1104,229
West,GG-146504,Greg Guthrie,1793,130
West,GH-144104,Gary Hansen,793,301
West,GH-144254,Gary Hwang,4159,22
West,GK-146204,Grace Kelly,4149,23
West,GM-144404,Gary McGarr,2689,61
West,GM-145004,Gene McClure,299,461
West,GM-146804,Greg Matthias,2023,107
West,GM-146954,Greg Maxwell,1799,128
West,GR-145604,Georgia Rosenberg,13,667
West,GT-147104,Greg Tran,1241,205
West,GT-147554,Guy Thornton,114,571
West,GW-146054,Giulietta Weimer,329,442
West,GZ-144704,Gary Zandusky,1199,214
West,GZ-145454,George Zrebassa,2408,75
West,HA-149054,Helen Abelman,1109,227
West,HA-149204,Helen Andreada,1532,160
West,HF-149954,Herbert Flentye,1234,206
West,HG-149654,Henry Goldwyn,984,260
West,HG-150254,Hunter Glantz,1118,225
West,HH-150104,Hilary Holden,219,492
West,HJ-148754,Heather Jas,300,460
West,HK-148904,Heather Kirkland,1056,244
West,HM-148604,Harry Marie,441,402
West,HM-149804,Henry MacAllister,710,326
West,HP-148154,Harold Pawlan,242,486
West,HR-147704,Hallie Redmond,12,670
West,HR-148304,Harold Ryan,4006,25
West,HW-149354,Helen Wasserman,2844,53
West,IG-150854,Ivan Gibson,175,528
West,IL-151004,Ivan Liston,1367,185
West,IM-150554,Ionia McGrath,2872,52
West,IM-150704,Irene Maddox,1223,207
West,JA-159704,Joseph Airdo,1172,218
West,JB-154004,Jennifer Braxton,398,419
West,JB-159254,Joni Blumstein,250,481
West,JB-160004,Joy Bell-,101,580
West,JB-160454,Julia Barnett,666,336
West,JC-153404,Jasper Cacioppo,58,618
West,JC-153854,Jenna Caffey,1057,242
West,JC-157754,John Castell,714,325
West,JC-161054,Julie Creighton,435,404
West,JD-157904,John Dryer,72,604
West,JD-158954,Jonathan Doherty,1883,119
West,JD-160154,Joy Daniels,29,647
West,JD-160604,Julia Dunbar,212,499
West,JD-161504,Justin Deggeller,3565,34
West,JE-154754,Jeremy Ellison,1057,243
West,JE-156104,Jim Epp,759,309
West,JE-157154,Joe Elijah,3253,42
West,JE-157454,Joel Eaton,769,306
West,JE-161654,Justin Ellison,25,650
West,JF-151904,Jamie Frazer,358,432
West,JF-152954,Jason Fortune-,834,286
West,JF-153554,Jay Fein,1630,145
West,JF-154154,Jennifer Ferguson,2163,95
West,JF-154904,Jeremy Farry,656,340
West,JF-155654,Jill Fjeld,205,509
West,JG-151154,Jack Garza,2046,105
West,JG-151604,James Galang,3452,35
West,JG-153104,Jason Gross,509,376
West,JG-158054,John Grady,41,632
West,JH-154304,Jennifer Halladay,56,621
West,JH-159104,Jonathan Howell,395,420
West,JH-159854,Joseph Holt,3281,41
West,JH-161804,Justin Hirsh,1041,246
West,JJ-154454,Jennifer Jackson,37,637
West,JK-152054,Jamie Kunitz,1993,110
West,JK-153254,Jason Klamczynski,91,590
West,JK-153704,Jay Kimmel,800,296
West,JK-156254,Jim Karlsson,1562,154
West,JK-156404,Jim Kriz,4268,20
West,JK-157304,Joe Kamberova,337,438
West,JK-160904,Juliana Krohn,375,426
West,JK-161204,Julie Kriz,144,554
West,JL-151304,Jack Lebron,4,682
West,JL-151754,James Lanier,1470,172
West,JL-152354,Janet Lee,256,477
West,JL-155054,Jeremy Lonsdale,2564,68
West,JL-158354,John Lee,1176,216
West,JL-158504,John Lucas,2384,76
West,JM-152504,Janet Martin,418,410
West,JM-152654,Janet Molinari,208,505
West,JM-155354,Jessica Myrick,460,395
West,JM-155804,Jill Matthias,180,526
West,JM-156554,Jim Mitchum,409,414
West,JM-158654,John Murray,2473,72
West,JM-161954,Justin MacKendrick,1566,152
West,JO-151454,Jack O'Briant,1211,210
West,JO-152804,Jas O'Carroll,1689,137
West,JO-155504,Jesus Ocampo,497,381
West,JP-154604,Jennifer Patt,34,640
West,JP-155204,Jeremy Pistek,1551,157
West,JP-161354,Julie Prescott,510,375
West,JR-156704,Jim Radford,604,350
West,JR-162104,Justin Ritter,820,288
West,JS-155954,Jill Stevenson,14,666
West,JS-156854,Jim Sink,100,581
West,JS-158804,John Stevenson,1718,135
West,JS-160304,Joy Smith,40,634
West,JW-152204,Jane Waco,7393,4
West,JW-159554,Joni Wasserman,184,521
West,JW-160754,Julia West,17,660
West,KA-165254,Kelly Andreada,419,409
West,KB-162404,Karen Bern,1646,142
West,KB-163154,Karl Braun,511,374
West,KB-164054,Katrina Bavinger,211,501
West,KB-165854,Ken Black,979,261
West,KB-166004,Ken Brennan,61,613
West,KC-162554,Karen Carlisle,17,661
West,KC-165404,Kelly Collister,3803,28
West,KC-166754,Kimberly Carter,447,399
West,KD-162704,Karen Daniels,326,444
West,KD-163454,Katherine Ducich,173,530
West,KD-164954,Keith Dawkins,1008,256
West,KD-166154,Ken Dana,2098,99
West,KE-164204,Katrina Edelman,508,377
West,KF-162854,Karen Ferguson,7183,5
West,KH-163304,Katharine Harms,24,651
West,KH-165104,Keith Herrera,4810,17
West,KH-166304,Ken Heidel,199,512
West,KH-166904,Kristen Hastings,2171,94
West,KL-165554,Kelly Lampkin,1019,251
West,KL-166454,Ken Lonsdale,8473,2
West,KM-162254,Kalyca Meade,420,408
West,KM-163754,Katherine Murray,917,269
West,KM-166604,Khloe Miller,305,456
West,KM-167204,Kunst Miller,2259,88
West,KN-163904,Katherine Nockton,402,417
West,KN-164504,Kean Nguyen,1847,126
West,KN-167054,Kristina Nunn,1379,184
West,KS-163004,Karen Seio,17,662
West,KT-164654,Kean Takahito,1294,199
West,KT-164804,Kean Thornton,748,316
West,KW-165704,Kelly Williams,32,643
West,LA-167804,Laura Armstrong,812,293
West,LB-167354,Larry Blacks,21,653
West,LB-167954,Laurel Beltran,2837,54
West,LC-168704,Lena Cacioppo,1144,224
West,LC-168854,Lena Creighton,2996,45
West,LC-169304,Linda Cazamias,2765,57
West,LC-169604,Lindsay Castell,2677,62
West,LC-170504,Liz Carlisle,590,356
West,LC-171404,Logan Currie,181,525
West,LD-170054,Lisa DeCherney,95,586
West,LE-168104,Laurel Elliston,445,400
West,LF-171854,Luke Foster,219,493
West,LH-167504,Larry Hughes,9,675
West,LH-169004,Lena Hernandez,123,564
West,LH-170204,Lisa Hazard,159,542
West,LH-171554,Logan Haushalter,1036,248
West,LL-168404,Lauren Leatherbury,108,575
West,LO-171704,Lori Olson,46,624
West,LP-170804,Liz Pelletier,757,310
West,LP-170954,Liz Preis,366,431
West,LR-169154,Lena Radford,3969,26
West,LR-170354,Lisa Ryan,484,388
West,LS-169454,Linda Southworth,2363,82
West,LS-169754,Lindsay Shagiari,402,418
West,LS-172004,Luke Schmidt,107,577
West,LS-172304,Lycoris Saunders,19,655
West,LS-172454,Lynn Smith,207,506
West,LT-167654,Larry Tron,256,478
West,LT-171104,Liz Thompson,1087,233
West,LW-168254,Laurel Workman,871,281
West,LW-169904,Lindsay Williams,3128,44
West,LW-171254,Liz Willingham,128,562
West,LW-172154,Luke Weiss,254,479
West,MA-175604,Matt Abelman,708,327
West,MA-179954,Michelle Arnett,1675,139
West,MB-173054,Maria Bertelson,586,357
West,MB-180854,Mick Brown,31,645
West,MC-172754,Marc Crier,2110,98
West,MC-174254,Mark Cousins,336,439
West,MC-175754,Matt Collins,609,349
West,MC-175904,Matt Collister,164,539
West,MC-176054,Matt Connell,199,513
West,MC-176354,Matthew Clasen,512,373
West,MC-178454,Michael Chen,2794,55
West,MC-181004,Mick Crebagga,557,363
West,MC-181304,Mike Caudle,1536,159
West,MD-173504,Maribeth Dona,1050,245
West,ME-173204,Maria Etezadi,3770,31
West,ME-177254,Max Engle,203,511
West,ME-180104,Michelle Ellison,1201,213
West,MF-176654,Maureen Fritzler,552,365
West,MF-182504,Monica Federle,43,627
West,MG-176504,Matthew Grinstein,1310,197
West,MG-176804,Maureen Gastineau,1516,165
West,MG-178904,Michael Granlund,352,436
West,MG-181454,Mike Gockenbach,1325,192
West,MH-172904,Marc Harrigan,1344,187
West,MH-174404,Mark Haberlin,17,663
West,MH-174554,Mark Hamilton,194,517
West,MH-176204,Matt Hagelstein,1215,209
West,MH-177854,Maya Herman,1899,117
West,MH-180254,Michelle Huthwaite,1289,200
West,MJ-177404,Max Jones,4910,14
West,MK-179054,Michael Kennedy,43,628
West,MK-181604,Mike Kennedy,149,550
West,ML-173954,Marina Lichtenstein,1755,132
West,ML-174104,Maris LaWare,1336,189
West,ML-177554,Max Ludwig,717,324
West,ML-180404,Michelle Lonsdale,675,335
West,ML-182654,Muhammed Lee,152,547
West,MM-172604,Magdelene Morse,137,558
West,MM-179204,Michael Moore,166,536
West,MM-180554,Michelle Moray,755,311
West,MM-182804,Muhammed MacIntyre,258,476
West,MO-178004,Meg O'Connel,168,534
West,MP-181754,Mike Pelletier,1112,226
West,MR-175454,Mathew Reese,53,622
West,MS-173654,Maribeth Schnelling,4469,18
West,MS-175304,MaryBeth Skach,152,548
West,MS-177104,Maurice Satty,82,593
West,MS-177704,Maxwell Schwartz,1795,129
West,MS-178304,Melanie Seite,80,596
West,MT-178154,Meg Tillman,17,664
West,MT-180704,Michelle Tran,824,287
West,MV-174854,Mark Van Huff,594,354
West,MV-181904,Mike Vittorini,523,369
West,MW-182204,Mitch Webber,1039,247
West,MW-182354,Mitch Willingham,1920,116
West,MY-173804,Maribeth Yedwab,1558,155
West,MY-182954,Muhammed Yedwab,387,423
West,MZ-173354,Maria Zettner,594,355
West,MZ-175154,Mary Zewe,2180,93
West,NB-186554,Nona Balk,244,483
West,NC-184154,Nathan Cano,115,569
West,NC-185354,Nick Crebassa,6734,6
West,NC-186254,Noah Childs,752,315
West,ND-183704,Natalie DeCherney,1587,150
West,ND-184604,Neil Ducich,74,601
West,NF-184754,Neil Französisch,5,680
West,NF-185954,Nicole Fjeld,1656,141
West,NG-184304,Nathan Gelder,115,570
West,NH-186104,Nicole Hansen,422,405
West,NK-184904,Neil Knudson,166,537
West,NL-183104,Nancy Lomonaco,1420,177
West,NM-184454,Nathan Mautz,564,360
West,NM-185204,Neoma Murray,1869,122
West,NP-183254,Naresj Patel,1719,134
West,NP-186704,Nora Paige,595,353
West,NP-186854,Nora Pelletier,123,565
West,NP-187004,Nora Preis,5566,9
West,NR-185504,Nick Radford,183,522
West,NS-185054,Neola Schneider,414,412
West,NS-186404,Noel Staavos,810,294
West,NW-184004,Natalie Webber,1515,166
West,NZ-185654,Nick Zandusky,1010,254
West,ON-187154,Odella Nelson,290,465
West,OT-187304,Olvera Toch,1473,171
West,PA-190604,Pete Armstrong,67,609
West,PB-188054,Patrick Bzostek,741,319
West,PB-191504,Philip Brown,1403,180
West,PC-187454,Pamela Coakley,227,490
West,PC-190004,Pauline Chand,1062,239
West,PF-191204,Peter Fuller,497,382
West,PF-191654,Philip Fox,799,297
West,PF-192254,Phillip Flathmann,2071,101
West,PG-188204,Patrick Gardner,1174,217
West,PG-188954,Paul Gonzalez,518,372
West,PJ-188354,Patrick Jones,138,557
West,PJ-190154,Pauline Johnson,1564,153
West,PK-189104,Paul Knutson,19,656
West,PK-190754,Pete Kriz,2066,102
West,PL-189254,Paul Lucas,88,592
West,PN-187754,Parhena Norris,19,657
West,PO-188504,Patrick O'Brill,206,507
West,PO-188654,Patrick O'Donnell,935,265
West,PO-191804,Philisse Overcash,309,452
West,PO-191954,Phillina Ober,4,683
West,PP-189554,Paul Prost,2370,80
West,PR-188804,Patrick Ryan,1529,161
West,PS-187604,Pamela Stobb,581,358
West,PS-189704,Paul Stevenson,912,273
West,PS-190454,Penelope Sewall,3373,38
West,PV-189854,Paul Van Hugh,1741,133
West,PW-190304,Pauline Webber,1671,140
West,PW-192404,Pierre Wener,541,367
West,RA-192854,Ralph Arnett,1943,114
West,RA-198854,Ruben Ausman,1303,198
West,RA-199154,Russell Applegate,2314,83
West,RA-199454,Ryan Akin,631,343
West,RB-193604,Raymond Buch,14345,1
West,RB-194354,Richard Bierner,1576,151
West,RB-194654,Rick Bensley,1510,167
West,RB-195704,Rob Beeghly,70,607
West,RB-196454,Robert Barroso,117,568
West,RB-197054,Roger Barcio,6,679
West,RB-197954,Ross Baird,244,484
West,RC-198254,Roy Collins,422,406
West,RC-199604,Ryan Crowe,328,443
West,RD-194804,Rick Duston,2365,81
West,RD-195854,Rob Dowd,1021,250
West,RD-196604,Robert Dilbeck,495,384
West,RD-197204,Roger Demir,684,333
West,RD-198104,Ross DeVincentis,147,551
West,RD-199004,Ruben Dartt,2188,91
West,RD-199304,Russell D'Ascenzo,624,345
West,RE-194504,Richard Eichhorn,174,529
West,RF-193454,Randy Ferguson,93,589
West,RF-197354,Roland Fjeld,685,332
West,RF-198404,Roy Französisch,441,403
West,RH-194954,Rick Hansen,89,591
West,RH-195104,Rick Huthwaite,4161,21
West,RL-196154,Rob Lucas,485,387
West,RM-193754,Raymond Messe,216,496
West,RM-196754,Robert Marley,4881,16
West,RO-197804,Rose O'Brian,45,625
West,RP-192704,Rachel Payne,487,386
West,RP-193904,Resi Pölking,1520,163
West,RP-198554,Roy Phan,481,392
West,RR-193154,Ralph Ritter,7,677
West,RS-194204,Ricardo Sperren,925,268
West,RS-197654,Roland Schwarz,1976,112
West,RW-195404,Rick Wilson,5350,11
West,RW-196304,Rob Williams,2737,59
West,RW-196904,Robert Waldorf,442,401
West,SA-208304,Sue Ann Reed,988,257
West,SB-201704,Sarah Bern,355,433
West,SB-201854,Sarah Brown,3953,27
West,SB-202904,Sean Braxton,266,474
West,SC-200504,Sample Company A,3782,30
West,SC-200954,Sanjit Chand,2422,74
West,SC-202304,Scot Coram,3356,39
West,SC-202604,Scott Cohen,2666,63
West,SC-203054,Sean Christensen,2888,51
West,SC-203804,Shahid Collister,218,494
West,SC-204404,Shaun Chance,1312,195
West,SC-205754,Sonia Cooley,99,583
West,SC-206804,Steve Carroll,231,488
West,SC-207254,Steven Cartwright,2637,65
West,SC-207704,Stewart Carmichael,483,390
West,SC-208004,Stuart Calhoun,4,684
West,SC-208454,Sung Chung,267,473
West,SD-204854,Shirley Daniels,47,623
West,SE-201104,Sanjit Engle,2269,87
West,SF-200654,Sandra Flanagan,32,644
West,SF-202004,Sarah Foster,2961,46
West,SF-209654,Sylvia Foulston,1440,175
West,SG-200804,Sandra Glassco,2567,67
West,SG-204704,Sheri Gordon,210,502
West,SG-206054,Speros Goranitis,108,576
West,SH-199754,Sally Hughsby,2239,89
West,SH-203954,Shahid Hopkins,409,415
West,SH-206354,Stefanie Holloman,1404,179
West,SJ-201254,Sanjit Jacobs,335,440
West,SJ-202154,Sarah Jordon,374,427
West,SJ-205004,Shirley Jackson,254,480
West,SL-201554,Sara Luxemburg,2,685
West,SM-200054,Sally Matthias,23,652
West,SM-203204,Sean Miller,10,674
West,SM-209504,Suzanne McNair,212,500
West,SN-205604,Skye Norling,150,549
West,SN-207104,Steve Nguyen,703,329
West,SO-203354,Sean O'Donnell,370,429
West,SP-206204,Stefania Perrino,1678,138
West,SP-206504,Stephanie Phelps,561,361
West,SP-208604,Sung Pak,2929,49
West,SP-209204,Susan Pistek,64,610
West,SR-204254,Sharelle Roach,2614,66
West,SR-207404,Steven Roelle,75,599
West,SS-201404,Saphhira Shifley,160,541
West,SS-204104,Shahid Shariari,802,295
West,SS-205904,Sonia Sunley,372,428
West,SS-208754,Sung Shariari,43,629
West,ST-205304,Shui Tom,57,619
West,SU-206654,Stephanie Ulpright,216,497
West,SV-203654,Seth Vernon,903,276
West,SV-207854,Stewart Visinsky,1595,149
West,SV-208154,Stuart Van,12,671
West,SV-209354,Susan Vittorini,742,318
West,SW-202454,Scot Wooten,180,527
West,SW-202754,Scott Williamson,857,284
West,SW-204554,Shaun Weien,1413,178
West,SW-207554,Steven Ward,95,587
West,SZ-200354,Sam Zeldin,798,298
West,TB-211904,Thomas Brumley,43,630
West,TB-212504,Tim Brockman,787,303
West,TB-212804,Toby Braunhardt,8,676
West,TB-214004,Tom Boeckenhauer,987,259
West,TB-215204,Tracy Blumstein,500,379
West,TB-215954,Troy Blackwell,147,552
West,TB-216254,Trudy Brown,331,441
West,TC-209804,Tamara Chand,7,678
West,TC-212954,Toby Carlisle,1602,148
West,TC-214754,Tony Chapman,290,466
West,TC-215354,Tracy Collins,612,347
West,TD-209954,Tamara Dahlen,1168,219
West,TG-213104,Toby Gnade,2916,50
West,TG-216404,Trudy Glocke,683,334
West,TH-211004,Thea Hendricks,858,283
West,TH-212354,Tiffany House,275,470
West,TM-210104,Tamara Manning,2553,69
West,TM-214904,Tony Molinari,210,503
West,TN-210404,Tanja Norvell,1851,125
West,TP-211304,Theone Pippenger,35,639
West,TP-214154,Tom Prescott,13,668
West,TP-215654,Tracy Poddar,1803,127
West,TR-213254,Toby Ritter,132,560
West,TS-210854,Thais Sissman,2,686
West,TS-211604,Theresa Swint,60,615
West,TS-212054,Thomas Seio,2295,86
West,TS-213404,Toby Swindell,955,262
West,TS-213704,Todd Sumrall,1462,174
West,TS-214304,Tom Stivers,1478,169
West,TS-215054,Tony Sayre,766,307
West,TS-216104,Troy Staebel,1478,170
West,TS-216554,Trudy Schmidt,153,546
West,TT-210704,Ted Trevino,3328,40
West,TT-212204,Thomas Thornton,557,364
West,TT-212654,Tim Taslimi,323,446
West,TT-214604,Tonja Turnell,27,648
West,TW-210254,Tamara Willingham,4907,15
West,TZ-215804,Tracy Zic,1707,136
West,VD-216704,Valerie Dominguez,2126,97
West,VF-217154,Vicky Freymann,168,535
West,VG-217904,Vivek Gonzalez,691,331
West,VM-216854,Valerie Mitchum,813,292
West,VM-218354,Vivian Mathis,129,561
West,VP-217304,Victor Preis,76,598
West,VP-217604,Victoria Pisteka,100,582
West,VS-218204,Vivek Sundaresam,171,532
West,VW-217754,Victoria Wilson,1165,220
West,WB-218504,William Brown,5522,10
West,XP-218654,Xylona Preis,659,339
West,YC-218954,Yoseph Carroll,1216,208
West,YS-218804,Yana Sorensen,5755,8
West,ZC-219104,Zuschuss Carroll,2644,64
West,ZD-219254,Zuschuss Donatelli,306,455
