Customer_ID,Customer_Name,Sales
SM-203204,Sean Miller,25042
TC-209804,Tamara Chand,19050
CS-118451,Cari Sayre,16655
SP-209202,Susan Pistek,16566
VG-218051,Vivek Grady,15654
RB-193604,Raymond Buch,15117
PF-191201,Peter Fuller,15063
TA-213854,Tom Ashbrook,14596
BF-110051,Barry Franz,14563
AB-101054,Adrian Barton,14476
EM-139601,Eric Murdock,14324
KL-166454,Ken Lonsdale,14175
SC-200954,Sanjit Chand,14145
BN-114701,Brad Norvell,13672
CS-121751,Charles Sheldon,13516
FH-143653,Fred Hopkins,13328
JS-160301,Joy Smith,13219
DL-133152,Delfina Latchford,13191
PO-188652,Patrick O'Donnell,13056
CR-126251,Corey Roper,13043
HL-150404,Hunter Lopez,12875
BW-111101,Bart Watters,12267
RO-197801,Rose O'Brian,12210
SE-201104,Sanjit Engle,12209
CC-123704,Christopher Conant,12128
TS-213704,Todd Sumrall,11891
DP-131051,Dave Poirier,11883
ZC-219102,Zuschuss Carroll,11854
DP-131651,David Philippe,11836
GT-147104,Greg Tran,11821
BM-111404,Becky Martin,11791
JH-158202,John Huston,11729
AM-107051,Anne McFarland,11719
PB-192101,Phillip Breyer,11654
CA-119651,Carol Adams,11653
NH-186101,Nicole Hansen,11557
MR-175452,Mathew Reese,11500
CA-127751,Cynthia Arntzen,11493
NC-186251,Noah Childs,11491
BE-114551,Brad Eason,11483
SV-203654,Seth Vernon,11472
GT-147102,Greg Tran,11430
CM-118302,Cari MacIntyre,11303
CJ-120104,Caroline Jumper,11165
DJ-134202,Denny Joy,11158
JG-158051,John Grady,11116
TS-215051,Tony Sayre,10964
DR-129401,Daniel Raglin,10943
JK-153251,Jason Klamczynski,10908
FW-143951,Fred Wasserman,10897
CL-125654,Clay Ludtke,10881
SC-206951,Steve Chapman,10871
JK-160901,Juliana Krohn,10861
VT-217001,Valerie Takahito,10839
AF-108701,Art Ferguson,10793
PL-189251,Paul Lucas,10789
CD-122801,Christina DeMoss,10763
BE-113351,Bill Eplett,10731
JF-151901,Jamie Frazer,10692
ME-173204,Maria Etezadi,10665
AB-100151,Aaron Bergman,10662
KF-162854,Karen Ferguson,10606
EM-141401,Eugene Moren,10563
BS-113654,Bill Shonely,10502
HD-147851,Harold Dahlen,10484
HG-148452,Harry Greene,10466
BV-112452,Benjamin Venier,10437
BM-117851,Bryan Mills,10399
BW-111102,Bart Watters,10394
EH-137654,Edward Hooks,10313
HG-149651,Henry Goldwyn,10262
SW-207551,Steven Ward,10187
DK-130901,Dave Kipp,10186
CL-127001,Craig Leslie,10184
MC-176353,Matthew Clasen,10126
CD-127902,Cynthia Delaney,10120
NG-184301,Nathan Gelder,10114
RB-193601,Raymond Buch,10106
HM-148602,Harry Marie,9940
DB-130601,Dave Brooks,9904
EB-138402,Ellis Ballard,9895
JE-157151,Joe Elijah,9856
Dp-132401,Dean percer,9845
JL-158354,John Lee,9799
MP-181751,Mike Pelletier,9796
AS-102251,Alan Schoenberger,9773
DL-133301,Denise Leinenbach,9729
TA-213851,Tom Ashbrook,9717
JB-160002,Joy Bell-,9689
MD-173503,Maribeth Dona,9657
NF-183852,Natalie Fritzler,9656
KH-163301,Katharine Harms,9625
MF-182502,Monica Federle,9618
MD-178601,Michael Dominguez,9590
KD-164951,Keith Dawkins,9576
NZ-185651,Nick Zandusky,9544
CC-123701,Christopher Conant,9524
MG-181452,Mike Gockenbach,9501
MV-181901,Mike Vittorini,9480
RB-197953,Ross Baird,9463
SE-201102,Sanjit Engle,9380
GT-146354,Grant Thornton,9351
MO-178001,Meg O'Connel,9347
JG-151602,James Galang,9340
HW-149354,Helen Wasserman,9299
CJ-118751,Carl Jackson,9269
CA-122652,Christina Anderson,9234
SP-206201,Stefania Perrino,9224
SC-203051,Sean Christensen,9218
PO-191801,Philisse Overcash,9211
AD-101801,Alan Dominguez,9209
AB-101502,Aimee Bixby,9139
TB-214004,Tom Boeckenhauer,9134
JC-153401,Jasper Cacioppo,9111
DO-134351,Denny Ordway,9101
PF-191204,Peter Fuller,9065
AP-109151,Arthur Prichep,9049
AP-107201,Anne Pryor,9040
TB-214001,Tom Boeckenhauer,9033
MG-176801,Maureen Gastineau,9028
DV-130453,Darrin Van Huff,9018
MY-182951,Muhammed Yedwab,8991
BW-10651,Barry Weirich,8957
CM-123854,Christopher Martinez,8953
AM-103602,Alice McCarthy,8940
SB-201701,Sarah Bern,8934
SC-206801,Steve Carroll,8915
CM-121601,Charles McCrossin,8870
BT-116801,Brian Thompson,8849
TS-216101,Troy Staebel,8829
JD-161504,Justin Deggeller,8829
TC-212952,Toby Carlisle,8818
JM-152651,Janet Molinari,8818
HL-150401,Hunter Lopez,8802
PP-189551,Paul Prost,8800
NM-184451,Nathan Mautz,8764
JF-155652,Jill Fjeld,8700
JE-157154,Joe Elijah,8696
LB-167353,Larry Blacks,8694
LA-167804,Laura Armstrong,8674
RB-193302,Randy Bradley,8650
PK-190754,Pete Kriz,8646
CR-127301,Craig Reiter,8626
LB-167952,Laurel Beltran,8613
JJ-157602,Joel Jenkins,8606
TB-211901,Thomas Brumley,8577
HJ-148751,Heather Jas,8541
YC-218952,Yoseph Carroll,8531
PJ-188352,Patrick Jones,8509
LB-167951,Laurel Beltran,8487
GZ-144702,Gary Zandusky,8432
LR-169152,Lena Radford,8429
JB-154002,Jennifer Braxton,8395
CS-124601,Chuck Sachs,8390
JH-161802,Justin Hirsh,8370
ON-187152,Odella Nelson,8368
SV-208151,Stuart Van,8359
DR-129404,Daniel Raglin,8352
AF-108851,Art Foster,8347
JC-153402,Jasper Cacioppo,8333
NF-183854,Natalie Fritzler,8321
PG-188201,Patrick Gardner,8315
JL-152351,Janet Lee,8290
KD-162704,Karen Daniels,8282
TC-211451,Theresa Coyne,8279
KB-165851,Ken Black,8274
NC-185354,Nick Crebassa,8240
HM-148604,Harry Marie,8236
TC-211453,Theresa Coyne,8194
KN-164501,Kean Nguyen,8187
KD-164954,Keith Dawkins,8184
PS-190451,Penelope Sewall,8178
SV-209351,Susan Vittorini,8174
JM-152501,Janet Martin,8163
JK-157301,Joe Kamberova,8134
BS-113801,Bill Stewart,8133
GB-145301,George Bell,8129
Dl-136001,Dorris liebe,8124
JW-160752,Julia West,8113
LD-168552,Lela Donovan,8109
RD-195852,Rob Dowd,8108
DB-134051,Denny Blanton,8105
LA-167801,Laura Armstrong,8091
SC-202301,Scot Coram,8083
SB-202904,Sean Braxton,8057
ZC-219104,Zuschuss Carroll,8028
GW-146051,Giulietta Weimer,8000
MG-178901,Michael Granlund,7964
RA-192852,Ralph Arnett,7958
JH-159854,Joseph Holt,7955
ER-138552,Elpida Rittenbach,7927
JF-152952,Jason Fortune-,7907
NP-187004,Nora Preis,7904
JL-151302,Jack Lebron,7903
AH-106904,Anna Häberlin,7889
DB-130602,Dave Brooks,7873
KD-162701,Karen Daniels,7873
MM-172601,Magdelene Morse,7869
LT-71101,Liz Thompson,7853
TZ-214453,Tom Zandusky,7853
JG-158052,John Grady,7843
JW-152201,Jane Waco,7827
SS-204102,Shahid Shariari,7809
AF-108702,Art Ferguson,7808
RA-199153,Russell Applegate,7801
PO-91951,Phillina Ober,7799
CM-121151,Chad McGuire,7791
RE-194051,Ricardo Emerson,7787
BH-117103,Brosina Hoffman,7779
MS-177702,Maxwell Schwartz,7757
JE-156104,Jim Epp,7757
AB-100604,Adam Bellavance,7757
EM-142001,Evan Minnotte,7725
JW-152204,Jane Waco,7722
AR-108252,Anthony Rawles,7720
RK-193003,Ralph Kennedy,7683
MG-182051,Mitch Gastineau,7669
LC-168854,Lena Creighton,7662
KW-164352,Katrina Willman,7658
CR-127303,Craig Reiter,7637
NC-183401,Nat Carroll,7627
JM-158654,John Murray,7624
BE-114102,Bobby Elias,7623
GH-144251,Gary Hwang,7621
GG-146502,Greg Guthrie,7619
AC-104501,Amy Cox,7610
JD-158954,Jonathan Doherty,7609
BP-111552,Becky Pak,7590
CD-119201,Carlos Daly,7581
MC-176351,Matthew Clasen,7576
SH-99752,Sally Hughsby,7537
TP-211301,Theone Pippenger,7533
MB-173051,Maria Bertelson,7524
SZ-200351,Sam Zeldin,7512
EH-141252,Eugene Hildebrand,7494
PO-188504,Patrick O'Brill,7475
MC-175751,Matt Collins,7467
AG-104952,Andrew Gjertsen,7461
KT-164653,Kean Takahito,7450
ZC-219101,Zuschuss Carroll,7448
AS-106301,Ann Steele,7447
MS-173654,Maribeth Schnelling,7445
BG-110352,Barry Gonzalez,7445
JH-159101,Jonathan Howell,7444
DP-131652,David Philippe,7444
ST-205303,Shui Tom,7436
MM-179202,Michael Moore,7421
AH-102102,Alan Hwang,7417
CD-119202,Carlos Daly,7413
CW-119052,Carl Weiss,7410
RB-194651,Rick Bensley,7408
GM-144401,Gary McGarr,7407
RW-195404,Rick Wilson,7400
JJ-157601,Joel Jenkins,7400
CB-125352,Claudia Bergmann,7379
ML-182652,Muhammed Lee,7379
GH-144852,Gene Hale,7376
KN-163902,Katherine Nockton,7376
FO-143052,Frank Olsen,7365
KC-166752,Kimberly Carter,7362
NF-183851,Natalie Fritzler,7362
RF-198402,Roy Französisch,7357
JW-160751,Julia West,7352
DM-129551,Dario Medina,7348
JS-156851,Jim Sink,7329
IM-150702,Irene Maddox,7327
DW-131951,David Wiener,7327
DC-132852,Debra Catini,7308
DM-129553,Dario Medina,7304
RR-193151,Ralph Ritter,7303
MW-182201,Mitch Webber,7302
SC-200952,Sanjit Chand,7301
BM-116504,Brian Moss,7293
AH-100751,Adam Hart,7291
PO-188502,Patrick O'Brill,7288
PP-189554,Paul Prost,7254
DC-132853,Debra Catini,7248
NW-184004,Natalie Webber,7233
EM-138101,Eleni McCrary,7229
LT-167651,Larry Tron,7225
PS-190453,Penelope Sewall,7221
MS-179802,Michael Stewart,7202
Dp-132404,Dean percer,7199
TS-213403,Toby Swindell,7195
AB-106001,Ann Blume,7148
JL-158351,John Lee,7146
KA-165252,Kelly Andreada,7125
BF-111701,Ben Ferrer,7092
BH-117102,Brosina Hoffman,7089
AO-108101,Anthony O'Donnell,7085
FA-142302,Frank Atkinson,7077
CM-123851,Christopher Martinez,7050
AR-103452,Alex Russell,7043
AH-102103,Alan Hwang,7031
CK-125951,Clytie Kelty,7018
CC-124751,Cindy Chapman,7015
PS-190452,Penelope Sewall,7012
LS-172003,Luke Schmidt,6997
FH-143654,Fred Hopkins,6989
NL-183101,Nancy Lomonaco,6982
RH-195104,Rick Huthwaite,6980
ME-173202,Maria Etezadi,6977
SS-201401,Saphhira Shifley,6973
MC-178451,Michael Chen,6969
MG-176951,Maureen Gnade,6960
MG-176952,Maureen Gnade,6958
BC-111252,Becky Castell,6941
GD-145901,Giulietta Dortch,6939
BM-111401,Becky Martin,6930
BT-115301,Bradley Talbott,6924
RP-193901,Resi Pölking,6918
CL-118903,Carl Ludwig,6904
DD-135702,Dorothy Dickinson,6899
BK-112601,Berenike Kampe,6899
EG-139002,Emily Grady,6883
DM-133451,Denise Monton,6883
RF-197351,Roland Fjeld,6855
MD-78601,Michael Dominguez,6855
PS-190454,Penelope Sewall,6842
EP-139151,Emily Phan,6827
TT-214602,Tonja Turnell,6816
NS-185053,Neola Schneider,6814
Co-126401,Corey-Lock,6813
VS-218201,Vivek Sundaresam,6801
SN-205601,Skye Norling,6795
VW-217751,Victoria Wilson,6792
RB-195702,Rob Beeghly,6788
KM-163752,Katherine Murray,6772
ML-177551,Max Ludwig,6767
BB-115454,Brenda Bowman,6767
JE-157454,Joel Eaton,6762
GH-144102,Gary Hansen,6755
ML-173952,Marina Lichtenstein,6747
CL-118901,Carl Ludwig,6746
DK-128353,Damala Kotsonis,6745
YS-218804,Yana Sorensen,6722
MT-180702,Michelle Tran,6720
BG-110351,Barry Gonzalez,6713
AS-100452,Aaron Smayling,6708
KH-165101,Keith Herrera,6705
HA-149051,Helen Abelman,6695
KC-165401,Kelly Collister,6689
KD-166152,Ken Dana,6685
SW-207553,Steven Ward,6683
LA-167802,Laura Armstrong,6678
MY-182952,Muhammed Yedwab,6649
VP-217602,Victoria Pisteka,6643
KN-163901,Katherine Nockton,6633
SC-203801,Shahid Collister,6626
SV-203651,Seth Vernon,6624
JW-152202,Jane Waco,6622
AR-105404,Andy Reiter,6609
MG-178752,Michael Grace,6604
BB-115452,Brenda Bowman,6600
JM-158652,John Murray,6585
LH-171552,Logan Haushalter,6577
KC-165403,Kelly Collister,6577
CP-123401,Christine Phan,6559
DB-132102,Dean Braden,6544
BS-113653,Bill Shonely,6543
RP-192701,Rachel Payne,6542
DO-136451,Doug O'Connell,6540
ED-138851,Emily Ducich,6533
AR-105102,Andrew Roberts,6533
PS-187602,Pamela Stobb,6533
DR-128804,Dan Reichenbach,6527
TH-212352,Tiffany House,6523
EB-141102,Eugene Barchas,6522
JE-157453,Joel Eaton,6511
HG-150251,Hunter Glantz,6510
JK-161201,Julie Kriz,6498
GK-146204,Grace Kelly,6498
JA-159704,Joseph Airdo,6494
CC-126102,Corey Catlett,6492
MM-180552,Michelle Moray,6490
JF-154152,Jennifer Ferguson,6489
JM-156552,Jim Mitchum,6473
JF-54151,Jennifer Ferguson,6470
OT-187301,Olvera Toch,6463
NM-184454,Nathan Mautz,6461
MS-175301,MaryBeth Skach,6450
DA-134503,Dianna Arnett,6447
VD-216704,Valerie Dominguez,6444
TM-210102,Tamara Manning,6443
AB-101652,Alan Barnes,6437
CR-128203,Cyra Reiten,6434
MP-179652,Michael Paige,6431
SB-201852,Sarah Brown,6429
HG-148453,Harry Greene,6417
NP-186702,Nora Paige,6412
SB-201854,Sarah Brown,6411
NF-184752,Neil Französisch,6407
AS-102851,Alejandro Savely,6388
JH-154303,Jennifer Halladay,6387
DK-128951,Dana Kaydos,6372
TB-215201,Tracy Blumstein,6371
TH-211151,Thea Hudgings,6369
TH-211002,Thea Hendricks,6368
JG-151604,James Galang,6366
KM-166601,Khloe Miller,6362
JR-162101,Justin Ritter,6360
JC-161052,Julie Creighton,6355
RW-195401,Rick Wilson,6351
SB-201853,Sarah Brown,6349
SH-206352,Stefanie Holloman,6349
DM-130154,Darrin Martin,6344
BE-113353,Bill Eplett,6342
ML-174101,Maris LaWare,6342
AT-104352,Alyssa Tate,6342
CM-126554,Corinna Mitchell,6340
MJ-177404,Max Jones,6321
JB-160001,Joy Bell-,6316
BO-114252,Bobby Odegard,6314
CH-120702,Cathy Hwang,6312
DP-130002,Darren Powers,6306
AS-102252,Alan Schoenberger,6300
GH-144252,Gary Hwang,6292
PS-189703,Paul Stevenson,6286
AR-105101,Andrew Roberts,6269
CG-125201,Claire Gute,6267
BV-112451,Benjamin Venier,6258
BH-117104,Brosina Hoffman,6256
JC-153852,Jenna Caffey,6236
RL-196154,Rob Lucas,6236
EH-141851,Evan Henry,6225
RD-199001,Ruben Dartt,6221
MK-181601,Mike Kennedy,6220
NK-184901,Neil Knudson,6215
CS-124602,Chuck Sachs,6210
AH-105851,Angele Hood,6205
SS-201403,Saphhira Shifley,6190
HH-150101,Hilary Holden,6180
TT-210701,Ted Trevino,6180
MF-182501,Monica Federle,6176
JW-52201,Jane Waco,6173
LH-167503,Larry Hughes,6172
TA-213852,Tom Ashbrook,6160
WB-218504,William Brown,6159
QJ-192551,Quincy Jones,6156
SC-208001,Stuart Calhoun,6147
EH-139901,Erica Hackney,6141
VW-217754,Victoria Wilson,6135
BF-111702,Ben Ferrer,6134
SR-204252,Sharelle Roach,6126
SD-204854,Shirley Daniels,6121
AB-100152,Aaron Bergman,6116
MB-180851,Mick Brown,6116
AS-100903,Adam Shillingsburg,6112
QJ-192554,Quincy Jones,6111
AD-101804,Alan Dominguez,6106
AA-103152,Alex Avila,6105
LC-171402,Logan Currie,6100
LR-169151,Lena Radford,6098
AM-107052,Anne McFarland,6094
JB-159251,Joni Blumstein,6083
AG-103303,Alex Grayson,6078
CB-120254,Cassandra Brandow,6076
KB-164051,Katrina Bavinger,6075
AG-103002,Aleksandra Gannaway,6071
PC-190002,Pauline Chand,6069
MY-173801,Maribeth Yedwab,6052
GM-146954,Greg Maxwell,6051
JM-155803,Jill Matthias,6050
SO-203351,Sean O'Donnell,6035
BS-117551,Bruce Stewart,6031
TP-211303,Theone Pippenger,6028
SW-202451,Scot Wooten,6028
BM-115751,Brendan Murry,6011
SC-203804,Shahid Collister,5994
KH-166904,Kristen Hastings,5991
PJ-90152,Pauline Johnson,5990
LR-170352,Lisa Ryan,5989
AZ-107503,Annie Zypern,5989
PW-190302,Pauline Webber,5988
PS-189701,Paul Stevenson,5988
GH-146651,Greg Hansen,5986
CM-121902,Charlotte Melton,5985
RM-196754,Robert Marley,5978
JS-155951,Jill Stevenson,5975
BF-110801,Bart Folk,5973
DK-131502,David Kendrick,5970
TB-212803,Toby Braunhardt,5967
KH-165104,Keith Herrera,5954
JH-158203,John Huston,5947
AA-104801,Andrew Allen,5946
LE-168102,Laurel Elliston,5938
JG-153101,Jason Gross,5932
SR-207402,Steven Roelle,5929
JR-156701,Jim Radford,5919
HL-150403,Hunter Lopez,5919
AG-107653,Anthony Garverick,5913
BF-111704,Ben Ferrer,5909
DM-130151,Darrin Martin,5904
KD-164952,Keith Dawkins,5900
KB-166001,Ken Brennan,5897
CP-123404,Christine Phan,5889
LS-172301,Lycoris Saunders,5888
FM-142903,Frank Merwin,5888
OT-187302,Olvera Toch,5883
BE-113352,Bill Eplett,5882
ME-180102,Michelle Ellison,5882
AF-108852,Art Foster,5880
TS-213702,Todd Sumrall,5879
CC-124303,Chuck Clark,5878
GD-145902,Giulietta Dortch,5870
KB-164052,Katrina Bavinger,5858
DP-31051,Dave Poirier,5858
GT-147101,Greg Tran,5858
MZ-173353,Maria Zettner,5854
TC-209802,Tamara Chand,5835
AF-108703,Art Ferguson,5832
JF-152953,Jason Fortune-,5824
AJ-107801,Anthony Jacobs,5821
WB-218501,William Brown,5795
BS-116653,Brian Stugart,5789
TZ-215802,Tracy Zic,5783
TS-216102,Troy Staebel,5779
CC-124753,Cindy Chapman,5779
MY-182953,Muhammed Yedwab,5779
DB-129102,Daniel Byrd,5773
RD-194803,Rick Duston,5769
KA-165251,Kelly Andreada,5763
JB-160451,Julia Barnett,5763
EM-139602,Eric Murdock,5759
DV-130451,Darrin Van Huff,5756
AC-106151,Ann Chong,5753
DJ-135103,Don Jones,5736
RP-192702,Rachel Payne,5731
LH-169001,Lena Hernandez,5730
TB-211753,Thomas Boland,5722
BD-113204,Bill Donatelli,5721
LP-170953,Liz Preis,5720
BN-114703,Brad Norvell,5710
MW-182202,Mitch Webber,5709
SP-209201,Susan Pistek,5702
CS-124903,Cindy Schnelling,5698
JF-152951,Jason Fortune-,5696
SW-207552,Steven Ward,5693
CS-125054,Cindy Stewart,5691
CB-124152,Christy Brittain,5679
KE-164203,Katrina Edelman,5671
LH-171551,Logan Haushalter,5667
AM-107054,Anne McFarland,5665
CS-122502,Chris Selesnick,5663
AO-108102,Anthony O'Donnell,5657
SS-201402,Saphhira Shifley,5653
RW-196901,Robert Waldorf,5650
MS-173653,Maribeth Schnelling,5642
JK-157302,Joe Kamberova,5638
CC-126101,Corey Catlett,5637
TS-213401,Toby Swindell,5635
RB-197954,Ross Baird,5633
KM-163754,Katherine Murray,5622
PN-187751,Parhena Norris,5619
DL-134952,Dionis Lloyd,5618
EM-141403,Eugene Moren,5617
ME-173201,Maria Etezadi,5608
YC-218951,Yoseph Carroll,5606
HM-149802,Henry MacAllister,5605
LM-170651,Liz MacKendrick,5588
MV-174852,Mark Van Huff,5580
DK-129851,Darren Koutras,5573
JM-156551,Jim Mitchum,5566
AA-103154,Alex Avila,5565
SM-209504,Suzanne McNair,5563
GK-146201,Grace Kelly,5556
RD-194802,Rick Duston,5552
SC-202302,Scot Coram,5550
ML-182651,Muhammed Lee,5548
CC-23702,Christopher Conant,5544
MG-182052,Mitch Gastineau,5544
RM-193751,Raymond Messe,5541
BE-114101,Bobby Elias,5536
NP-183254,Naresj Patel,5532
AC-104504,Amy Cox,5529
DB-129702,Darren Budd,5520
AG-109003,Arthur Gainer,5519
BP-112302,Benjamin Patterson,5519
EM-140652,Erin Mull,5518
BG-117403,Bruce Geld,5513
FM-142152,Filia McAdams,5513
MZ-175151,Mary Zewe,5508
KW-165701,Kelly Williams,5505
MH-181154,Mick Hernandez,5503
VP-217601,Victoria Pisteka,5503
BP-12301,Benjamin Patterson,5496
TC-209803,Tamara Chand,5492
SC-200501,Sample Company A,5484
MM-179203,Michael Moore,5483
DP-133904,Dennis Pardue,5482
EP-139154,Emily Phan,5481
JB-160003,Joy Bell-,5478
NZ-185652,Nick Zandusky,5475
TM-214902,Tony Molinari,5474
SC-207252,Steven Cartwright,5473
SW-202751,Scott Williamson,5470
MB-180853,Mick Brown,5466
YC-218954,Yoseph Carroll,5455
CC-123702,Christopher Conant,5455
TR-213251,Toby Ritter,5454
DK-133753,Dennis Kane,5450
SP-206204,Stefania Perrino,5443
NP-186853,Nora Pelletier,5440
EM-142003,Evan Minnotte,5438
SK-199903,Sally Knutson,5435
DK-130902,Dave Kipp,5428
LW-172154,Luke Weiss,5422
KD-163451,Katherine Ducich,5411
CP-120854,Cathy Prescott,5401
JG-151152,Jack Garza,5396
PO-188503,Patrick O'Brill,5390
LD-170051,Lisa DeCherney,5389
GP-147401,Guy Phonely,5387
JH-158201,John Huston,5384
EG-139001,Emily Grady,5381
AH-101953,Alan Haines,5370
TS-212054,Thomas Seio,5370
TT-214604,Tonja Turnell,5365
GT-147103,Greg Tran,5364
RA-198851,Ruben Ausman,5363
VP-217301,Victor Preis,5354
CR-128201,Cyra Reiten,5354
RD-196602,Robert Dilbeck,5345
MW-182204,Mitch Webber,5342
DS-131803,David Smith,5338
EM-140952,Eudokia Martin,5336
SE-201103,Sanjit Engle,5335
PO-191951,Phillina Ober,5331
TP-214154,Tom Prescott,5329
MC-174253,Mark Cousins,5317
TB-112502,Tim Brockman,5314
DW-134801,Dianna Wilson,5313
TB-212503,Tim Brockman,5311
HE-148003,Harold Engle,5308
PP-189552,Paul Prost,5300
DV-134653,Dianna Vittorini,5297
DW-135402,Don Weiss,5296
JR-157001,Jocasta Rupert,5295
RD-197202,Roger Demir,5295
RR-195253,Rick Reed,5293
DN-136903,Duane Noonan,5290
GZ-144701,Gary Zandusky,5289
TS-114302,Tom Stivers,5288
LC-70502,Liz Carlisle,5284
SJ-202153,Sarah Jordon,5280
TW-210254,Tamara Willingham,5278
DW-134804,Dianna Wilson,5272
AA-106451,Anna Andreadi,5264
LW-168252,Laurel Workman,5260
MW-182354,Mitch Willingham,5254
AA-104802,Andrew Allen,5253
HR-148304,Harold Ryan,5251
BM-111403,Becky Martin,5250
TB-210551,Ted Butterfield,5246
DJ-134201,Denny Joy,5230
BT-113952,Bill Tyler,5228
SC-207254,Steven Cartwright,5226
MY-173802,Maribeth Yedwab,5220
LS-172453,Lynn Smith,5219
EH-137651,Edward Hooks,5217
BD-115602,Brendan Dodson,5213
AB-100603,Adam Bellavance,5210
TA-213853,Tom Ashbrook,5196
CC-124301,Chuck Clark,5193
ML-177552,Max Ludwig,5182
KB-163151,Karl Braun,5181
MM-72603,Magdelene Morse,5177
PF-191652,Philip Fox,5169
DK-128953,Dana Kaydos,5157
RP-193904,Resi Pölking,5155
EG-39001,Emily Grady,5151
FG-142601,Frank Gastineau,5148
LR-169154,Lena Radford,5143
MW-182351,Mitch Willingham,5128
CP-123403,Christine Phan,5127
MZ-173352,Maria Zettner,5126
PO-188501,Patrick O'Brill,5125
ND-184602,Neil Ducich,5124
MH-180252,Michelle Huthwaite,5120
HZ-149501,Henia Zydlo,5115
GA-147251,Guy Armstrong,5111
GM-144551,Gary Mitchum,5109
TP-215652,Tracy Poddar,5103
TG-216402,Trudy Glocke,5101
SB-202901,Sean Braxton,5101
NW-84001,Natalie Webber,5100
BD-16352,Brian Derr,5095
RS-194202,Ricardo Sperren,5093
MP-181754,Mike Pelletier,5090
AA-106454,Anna Andreadi,5087
MB-173052,Maria Bertelson,5086
KM-167201,Kunst Miller,5084
AH-301,Aaron Hawkins,5072
MP-181752,Mike Pelletier,5065
TB-210552,Ted Butterfield,5061
RM-193752,Raymond Messe,5054
FH-142751,Frank Hawley,5052
SW-202753,Scott Williamson,5047
CM-118152,Candace McMahon,5045
IL-151004,Ivan Liston,5040
MH-176203,Matt Hagelstein,5040
AG-109001,Arthur Gainer,5035
DW-135853,Dorothy Wardle,5034
PB-92102,Phillip Breyer,5031
SC-207701,Stewart Carmichael,5029
MK-179051,Michael Kennedy,5029
DG-133001,Deirdre Greer,5020
KL-165554,Kelly Lampkin,5019
SW-202452,Scot Wooten,5017
JA-159702,Joseph Airdo,5016
BN-115153,Bradley Nguyen,5014
TB-213553,Todd Boyes,5014
SJ-205002,Shirley Jackson,5012
KM-162251,Kalyca Meade,5006
ES-140202,Erica Smith,4999
AS-102852,Alejandro Savely,4997
LF-171852,Luke Foster,4989
LB-167954,Laurel Beltran,4986
NS-186403,Noel Staavos,4982
RB-194351,Richard Bierner,4966
CS-121301,Chad Sievert,4964
CJ-120103,Caroline Jumper,4961
HJ-148752,Heather Jas,4961
DK-128352,Damala Kotsonis,4960
CC-121452,Charles Crestani,4945
CK-125952,Clytie Kelty,4945
CS-124603,Chuck Sachs,4937
DH-130754,Dave Hallsten,4933
IM-150704,Irene Maddox,4931
RB-197051,Roger Barcio,4923
ED-138853,Emily Ducich,4922
TT-210704,Ted Trevino,4916
ES-140801,Erin Smith,4914
JL-152352,Janet Lee,4913
SP-208602,Sung Pak,4911
KM-167204,Kunst Miller,4910
RB-193303,Randy Bradley,4909
MG-176501,Matthew Grinstein,4904
MT-178151,Meg Tillman,4902
CM-123853,Christopher Martinez,4902
BG-117401,Bruce Geld,4900
CC-126851,Craig Carroll,4893
EB-139752,Erica Bern,4893
PO-191804,Philisse Overcash,4893
LT-167652,Larry Tron,4891
PB-188052,Patrick Bzostek,4889
ST-205301,Shui Tom,4887
EB-139753,Erica Bern,4883
MG-81451,Mike Gockenbach,4881
AR-105701,Anemone Ratner,4880
HK-148904,Heather Kirkland,4877
SV-207851,Stewart Visinsky,4873
DK-131501,David Kendrick,4872
AJ-107804,Anthony Jacobs,4868
JK-157304,Joe Kamberova,4868
JP-155202,Jeremy Pistek,4867
BD-116351,Brian Derr,4867
LC-168851,Lena Creighton,4867
RP-93901,Resi Pölking,4862
MF-176652,Maureen Fritzler,4860
HM-148603,Harry Marie,4851
RA-199453,Ryan Akin,4845
SC-204403,Shaun Chance,4842
AW-108402,Anthony Witt,4839
JM-155801,Jill Matthias,4838
MT-80701,Michelle Tran,4827
NW-184003,Natalie Webber,4823
RW-95401,Rick Wilson,4821
CT-119951,Carol Triggs,4812
MS-173651,Maribeth Schnelling,4809
LT-167653,Larry Tron,4808
DL-129251,Daniel Lacy,4807
NH-186102,Nicole Hansen,4807
DM-133452,Denise Monton,4806
AH-102104,Alan Hwang,4805
VF-217153,Vicky Freymann,4802
DK-132254,Dean Katz,4802
TM-214901,Tony Molinari,4799
MR-175451,Mathew Reese,4797
RA-199154,Russell Applegate,4794
MC-174251,Mark Cousins,4780
CK-122052,Chloris Kastensmidt,4774
AG-102701,Alejandro Grove,4771
SA-208304,Sue Ann Reed,4767
CC-126701,Craig Carreira,4766
CB-124153,Christy Brittain,4766
JK-156404,Jim Kriz,4762
KH-166902,Kristen Hastings,4761
LC-170503,Liz Carlisle,4760
BG-116953,Brooke Gillingham,4753
BW-111104,Bart Watters,4752
CC-126852,Craig Carroll,4745
JL-151751,James Lanier,4745
DK-129853,Darren Koutras,4743
CM-126552,Corinna Mitchell,4740
MS-177701,Maxwell Schwartz,4739
TB-215204,Tracy Blumstein,4737
ON-187153,Odella Nelson,4736
PF-191651,Philip Fox,4736
LP-170951,Liz Preis,4733
EH-140052,Erica Hernandez,4728
EB-139302,Eric Barreto,4727
SS-205902,Sonia Sunley,4726
SC-200503,Sample Company A,4725
CM-122351,Chris McAfee,4720
BB-109901,Barry Blumstein,4719
MH-172903,Marc Harrigan,4717
GB-145754,Giulietta Baptist,4717
RB-194654,Rick Bensley,4714
BS-118001,Bryan Spruell,4711
PG-188952,Paul Gonzalez,4707
AA-104803,Andrew Allen,4704
BS-117552,Bruce Stewart,4698
GM-146952,Greg Maxwell,4693
LT-171101,Liz Thompson,4690
TP-211302,Theone Pippenger,4687
BD-116352,Brian Derr,4687
PB-192102,Phillip Breyer,4684
DL-128651,Dan Lawera,4683
LO-171701,Lori Olson,4683
JC-153853,Jenna Caffey,4676
MH-177851,Maya Herman,4676
PS-189702,Paul Stevenson,4672
TT-212202,Thomas Thornton,4671
LM-70652,Liz MacKendrick,4665
DM-33452,Denise Monton,4664
TB-211752,Thomas Boland,4662
JP-161351,Julie Prescott,4659
BS-116651,Brian Stugart,4658
ES-140804,Erin Smith,4657
DB-132704,Deborah Brumfield,4655
NP-86851,Nora Pelletier,4655
DR-129402,Daniel Raglin,4652
RL-196151,Rob Lucas,4648
AB-102553,Alejandro Ballentine,4644
FO-143051,Frank Olsen,4643
KT-164804,Kean Thornton,4642
MF-176651,Maureen Fritzler,4636
PV-189853,Paul Van Hugh,4636
RF-193451,Randy Ferguson,4628
JW-159551,Joni Wasserman,4628
ES-140803,Erin Smith,4628
SC-200504,Sample Company A,4626
CM-118151,Candace McMahon,4625
TT-212201,Thomas Thornton,4625
AF-108853,Art Foster,4621
MM-172603,Magdelene Morse,4620
BS-113803,Bill Stewart,4614
LC-169601,Lindsay Castell,4611
CD-119801,Carol Darley,4610
LR-170351,Lisa Ryan,4601
SC-206953,Steve Chapman,4596
VM-216852,Valerie Mitchum,4589
EM-141404,Eugene Moren,4589
BF-112151,Benjamin Farhat,4587
SB-202902,Sean Braxton,4587
NS-186402,Noel Staavos,4581
YS-218803,Yana Sorensen,4573
IG-150851,Ivan Gibson,4573
SR-207401,Steven Roelle,4573
LC-168701,Lena Cacioppo,4570
AH-100303,Aaron Hawkins,4568
PM-189402,Paul MacIntyre,4564
KH-166901,Kristen Hastings,4562
AC-104203,Alyssa Crouse,4561
RD-99002,Ruben Dartt,4558
BW-112003,Ben Wallace,4557
KL-166452,Ken Lonsdale,4556
JK-153703,Jay Kimmel,4556
SJ-202152,Sarah Jordon,4555
ML-180402,Michelle Lonsdale,4549
TG-213102,Toby Gnade,4548
ZD-219252,Zuschuss Donatelli,4548
DS-130303,Darrin Sayre,4547
SG-208901,Susan Gilcrest,4544
RW-195402,Rick Wilson,4541
DL-134951,Dionis Lloyd,4541
SP-206501,Stephanie Phelps,4536
MW-182353,Mitch Willingham,4534
TC-214751,Tony Chapman,4533
DB-130604,Dave Brooks,4532
DB-132702,Deborah Brumfield,4532
AH-100752,Adam Hart,4526
AR-108254,Anthony Rawles,4523
DB-136601,Duane Benoit,4522
JK-156253,Jim Karlsson,4519
TS-212051,Thomas Seio,4519
KN-67052,Kristina Nunn,4514
DL-133302,Denise Leinenbach,4514
DJ-135102,Don Jones,4513
AG-109004,Arthur Gainer,4511
TW-210252,Tamara Willingham,4511
AJ-109602,Astrea Jones,4502
AJ-107954,Anthony Johnson,4501
SC-207704,Stewart Carmichael,4494
LC-169304,Linda Cazamias,4492
RA-199152,Russell Applegate,4488
CK-122051,Chloris Kastensmidt,4487
SC-208002,Stuart Calhoun,4487
CC-121451,Charles Crestani,4483
NB-186552,Nona Balk,4478
RH-95551,Ritsa Hightower,4477
JG-151153,Jack Garza,4476
GR-45601,Georgia Rosenberg,4473
MO-175002,Mary O'Rourke,4472
FH-143652,Fred Hopkins,4470
RD-95851,Rob Dowd,4464
VG-217903,Vivek Gonzalez,4462
AR-103451,Alex Russell,4462
TP-211304,Theone Pippenger,4456
TC-212951,Toby Carlisle,4451
HM-149801,Henry MacAllister,4451
JL-155053,Jeremy Lonsdale,4446
GH-144851,Gene Hale,4446
KB-165852,Ken Black,4440
RA-199452,Ryan Akin,4439
BP-111851,Ben Peterman,4436
MC-174254,Mark Cousins,4433
AS-101351,Adrian Shami,4430
GH-146652,Greg Hansen,4428
JK-152054,Jamie Kunitz,4427
EM-138252,Elizabeth Moffitt,4427
KT-164651,Kean Takahito,4421
DK-133751,Dennis Kane,4420
KW-164354,Katrina Willman,4418
CC-121002,Chad Cunningham,4417
MP-174702,Mark Packer,4416
DW-135851,Dorothy Wardle,4415
BD-115004,Bradley Drucker,4410
JF-154151,Jennifer Ferguson,4409
HR-147701,Hallie Redmond,4409
HM-148601,Harry Marie,4407
SA-208302,Sue Ann Reed,4398
SN-207102,Steve Nguyen,4389
JF-155651,Jill Fjeld,4381
BW-112001,Ben Wallace,4381
AI-108554,Arianne Irving,4376
MG-178751,Michael Grace,4374
SC-202304,Scot Coram,4374
MS-178302,Melanie Seite,4366
JK-156402,Jim Kriz,4359
AT-107352,Annie Thurman,4359
EB-138404,Ellis Ballard,4358
CS-118602,Cari Schnelling,4358
BF-112752,Beth Fritzler,4357
GZ-144704,Gary Zandusky,4355
PM-189401,Paul MacIntyre,4352
MS-178303,Melanie Seite,4350
BP-111852,Ben Peterman,4348
SR-207404,Steven Roelle,4345
JE-61651,Justin Ellison,4343
JH-159851,Joseph Holt,4342
DK-131503,David Kendrick,4340
RD-99302,Russell D'Ascenzo,4339
BM-117852,Bryan Mills,4330
ND-183704,Natalie DeCherney,4329
PH-187903,Patricia Hirasaki,4322
CM-124452,Chuck Magee,4322
RD-195851,Rob Dowd,4320
RE-194501,Richard Eichhorn,4319
MA-179951,Michelle Arnett,4311
AB-101051,Adrian Barton,4309
FM-142151,Filia McAdams,4305
MA-175604,Matt Abelman,4300
LC-170502,Liz Carlisle,4298
MH-74552,Mark Hamilton,4290
NF-185953,Nicole Fjeld,4287
EA-140353,Erin Ashbrook,4285
SP-208604,Sung Pak,4283
DK-128954,Dana Kaydos,4283
HK-148902,Heather Kirkland,4282
AB-102551,Alejandro Ballentine,4277
AB-106002,Ann Blume,4276
RH-95552,Ritsa Hightower,4275
LW-169902,Lindsay Williams,4275
LS-169451,Linda Southworth,4275
RD-194804,Rick Duston,4272
PK-190752,Pete Kriz,4270
RE-94502,Richard Eichhorn,4267
RB-97051,Roger Barcio,4267
JP-154601,Jennifer Patt,4266
TC-212954,Toby Carlisle,4266
DJ-136301,Doug Jacobs,4266
EM-140651,Erin Mull,4264
BP-112301,Benjamin Patterson,4264
RH-194952,Rick Hansen,4263
BS-117553,Bruce Stewart,4263
MP-179653,Michael Paige,4263
AS-102254,Alan Schoenberger,4262
FH-142754,Frank Hawley,4257
LL-168402,Lauren Leatherbury,4256
KN-164503,Kean Nguyen,4252
SG-204703,Sheri Gordon,4249
CB-125354,Claudia Bergmann,4247
TS-113702,Todd Sumrall,4243
TH-215504,Tracy Hopkins,4234
AW-108401,Anthony Witt,4229
EJ-141551,Eva Jacobs,4223
EL-137351,Ed Ludwig,4219
SS-205901,Sonia Sunley,4218
MB-73051,Maria Bertelson,4215
EM-139603,Eric Murdock,4212
AG-103301,Alex Grayson,4208
VB-217451,Victoria Brennan,4206
BE-113354,Bill Eplett,4205
PR-188803,Patrick Ryan,4204
JP-61352,Julie Prescott,4201
DF-131351,David Flashing,4201
Dp-132403,Dean percer,4201
JF-155654,Jill Fjeld,4198
TB-216251,Trudy Brown,4197
LT-171102,Liz Thompson,4197
NR-185501,Nick Radford,4196
CC-125501,Clay Cheatham,4195
TB-212502,Tim Brockman,4188
BS-113652,Bill Shonely,4186
TZ-214451,Tom Zandusky,4184
RC-198252,Roy Collins,4180
GH-144254,Gary Hwang,4172
AH-106901,Anna Häberlin,4163
BS-18001,Bryan Spruell,4163
RS-197654,Roland Schwarz,4160
HH-150102,Hilary Holden,4155
AH-100301,Aaron Hawkins,4154
MY-182954,Muhammed Yedwab,4151
IG-50851,Ivan Gibson,4148
JE-156101,Jim Epp,4147
HW-149352,Helen Wasserman,4146
AS-100902,Adam Shillingsburg,4140
SA-208303,Sue Ann Reed,4137
EJ-137201,Ed Jacobs,4136
CP-23401,Christine Phan,4136
JC-157751,John Castell,4133
FC-142451,Frank Carlisle,4133
JH-161803,Justin Hirsh,4133
JS-156853,Jim Sink,4132
SF-202001,Sarah Foster,4119
CY-127453,Craig Yedwab,4118
PM-191354,Peter McVee,4115
SC-200201,Sam Craven,4109
SV-207854,Stewart Visinsky,4106
BT-114852,Brad Thomas,4105
RD-199003,Ruben Dartt,4104
MC-176053,Matt Connell,4103
NM-185202,Neoma Murray,4103
MN-179351,Michael Nguyen,4101
SH-203951,Shahid Hopkins,4092
MS-179801,Michael Stewart,4091
BS-16652,Brian Stugart,4088
JW-159552,Joni Wasserman,4086
AC-104201,Alyssa Crouse,4086
VG-218053,Vivek Grady,4084
AB-2551,Alejandro Ballentine,4083
NM-185201,Neoma Murray,4082
CM-118301,Cari MacIntyre,4081
EB-138401,Ellis Ballard,4078
CA-119652,Carol Adams,4077
DM-133454,Denise Monton,4074
EH-141251,Eugene Hildebrand,4073
AG-105252,Andy Gerbode,4071
AJ-9601,Astrea Jones,4071
HM-49801,Henry MacAllister,4068
SM-100051,Sally Matthias,4068
RD-196601,Robert Dilbeck,4068
AW-109302,Arthur Wiediger,4066
MS-179803,Michael Stewart,4065
TT-214601,Tonja Turnell,4064
BF-112153,Benjamin Farhat,4064
RP-198552,Roy Phan,4063
KH-163601,Katherine Hughes,4062
PC-187453,Pamela Coakley,4058
JP-155203,Jeremy Pistek,4055
FP-143204,Frank Preis,4047
AH-101203,Adrian Hane,4044
LS-172001,Luke Schmidt,4036
BS-115902,Brendan Sweed,4036
BD-117253,Bruce Degenhardt,4035
SO-203352,Sean O'Donnell,4031
RM-193753,Raymond Messe,4028
AB-6002,Ann Blume,4027
VT-217003,Valerie Takahito,4026
SF-200652,Sandra Flanagan,4024
BF-112753,Beth Fritzler,4024
JO-151452,Jack O'Briant,4024
NP-187002,Nora Preis,4020
JM-158651,John Murray,4020
CH-20702,Cathy Hwang,4018
CA-120552,Cathy Armstrong,4018
MS-78302,Melanie Seite,4017
EM-138251,Elizabeth Moffitt,4013
MH-176202,Matt Hagelstein,4013
CR-125801,Clay Rozendal,4013
GT-146351,Grant Thornton,4010
MO-179502,Michael Oakman,4009
SV-108152,Stuart Van,4009
GM-145003,Gene McClure,4003
FH-143502,Fred Harton,4000
SZ-200353,Sam Zeldin,3999
CC-121003,Chad Cunningham,3997
TH-215501,Tracy Hopkins,3994
SM-103201,Sean Miller,3993
SP-209204,Susan Pistek,3990
CA-122651,Christina Anderson,3988
CB-125351,Claudia Bergmann,3987
CM-127154,Craig Molinari,3985
GA-145151,George Ashbrook,3985
LC-69301,Linda Cazamias,3984
MP-179654,Michael Paige,3984
RD-199303,Russell D'Ascenzo,3982
SC-203054,Sean Christensen,3980
PH-187901,Patricia Hirasaki,3975
BO-114253,Bobby Odegard,3974
AH-100302,Aaron Hawkins,3973
FP-143201,Frank Preis,3973
JM-155351,Jessica Myrick,3973
EB-137053,Ed Braxton,3972
RF-198403,Roy Französisch,3972
JD-160153,Joy Daniels,3966
PS-187601,Pamela Stobb,3962
DB-136602,Duane Benoit,3961
JD-158952,Jonathan Doherty,3959
MC-181002,Mick Crebagga,3957
KB-163152,Karl Braun,3956
CC-26851,Craig Carroll,3954
SJ-201254,Sanjit Jacobs,3950
RD-199301,Russell D'Ascenzo,3945
JF-153552,Jay Fein,3944
BF-110202,Barry Französisch,3939
TH-211001,Thea Hendricks,3938
LF-171854,Luke Foster,3931
EH-41252,Eugene Hildebrand,3926
CV-128052,Cynthia Voltz,3926
GA-145154,George Ashbrook,3922
PW-192404,Pierre Wener,3922
KH-166304,Ken Heidel,3920
JH-159853,Joseph Holt,3916
CC-122204,Chris Cortes,3914
BF-110052,Barry Franz,3911
PF-192252,Phillip Flathmann,3910
DB-135554,Dorothy Badders,3909
NP-186704,Nora Paige,3909
KC-165404,Kelly Collister,3908
DP-131053,Dave Poirier,3906
BD-117251,Bruce Degenhardt,3901
AJ-107802,Anthony Jacobs,3898
PR-188802,Patrick Ryan,3897
RB-194353,Richard Bierner,3896
RA-199151,Russell Applegate,3895
JL-151752,James Lanier,3892
BP-112902,Beth Paige,3892
CM-124451,Chuck Magee,3891
FC-143354,Fred Chung,3890
CP-120851,Cathy Prescott,3889
SD-204852,Shirley Daniels,3888
BS-113804,Bill Stewart,3888
SC-206952,Steve Chapman,3888
DM-129552,Dario Medina,3887
CS-119502,Carlos Soltero,3883
PT-90902,Pete Takahito,3881
LH-170203,Lisa Hazard,3880
DV-34652,Dianna Vittorini,3876
SV-207852,Stewart Visinsky,3875
DB-136152,Doug Bickford,3874
JP-155201,Jeremy Pistek,3872
LF-171851,Luke Foster,3870
NC-184153,Nathan Cano,3870
JS-158804,John Stevenson,3868
HA-149201,Helen Andreada,3868
RB-194653,Rick Bensley,3867
YS-218802,Yana Sorensen,3864
PG-188953,Paul Gonzalez,3864
DV-134651,Dianna Vittorini,3861
BK-112602,Berenike Kampe,3859
JH-61803,Justin Hirsh,3857
GK-146203,Grace Kelly,3856
BF-109751,Barbara Fisher,3856
JC-61052,Julie Creighton,3855
NP-186851,Nora Pelletier,3851
NM-84453,Nathan Mautz,3845
RD-197201,Roger Demir,3843
NG-184303,Nathan Gelder,3841
CM-121603,Charles McCrossin,3840
AH-101951,Alan Haines,3839
TC-209801,Tamara Chand,3839
SC-106802,Steve Carroll,3835
KB-163153,Karl Braun,3834
RA-198854,Ruben Ausman,3832
DH-130751,Dave Hallsten,3831
AT-107354,Annie Thurman,3831
TG-216403,Trudy Glocke,3822
OT-187304,Olvera Toch,3819
AJ-9451,Ashley Jarboe,3817
RO-197804,Rose O'Brian,3816
SL-201553,Sara Luxemburg,3815
MS-177102,Maurice Satty,3814
SL-201551,Sara Luxemburg,3808
SG-208902,Susan Gilcrest,3806
MC-178454,Michael Chen,3805
MZ-175152,Mary Zewe,3803
MG-176802,Maureen Gastineau,3801
DW-135401,Don Weiss,3800
JK-160903,Juliana Krohn,3798
RB-193301,Randy Bradley,3794
ML-174103,Maris LaWare,3794
MM-179204,Michael Moore,3793
AS-1352,Adrian Shami,3792
SW-203501,Sean Wendt,3791
CA-119654,Carol Adams,3789
JL-51303,Jack Lebron,3787
MG-176504,Matthew Grinstein,3785
JA-159701,Joseph Airdo,3780
WB-218503,William Brown,3780
JK-156251,Jim Karlsson,3778
EH-137652,Edward Hooks,3774
CS-119501,Carlos Soltero,3771
LD-168553,Lela Donovan,3770
NS-185052,Neola Schneider,3767
MD-173504,Maribeth Dona,3766
CR-26253,Corey Roper,3763
MH-172901,Marc Harrigan,3762
JK-156254,Jim Karlsson,3762
DE-132551,Deanra Eno,3761
BD-115001,Bradley Drucker,3761
AM-103603,Alice McCarthy,3759
BO-113501,Bill Overfelt,3754
JK-160904,Juliana Krohn,3748
GW-146052,Giulietta Weimer,3745
EH-141852,Evan Henry,3744
JE-157451,Joel Eaton,3743
DJ-134203,Denny Joy,3740
CM-121152,Chad McGuire,3738
FM-142904,Frank Merwin,3737
BS-116652,Brian Stugart,3734
SC-202604,Scott Cohen,3732
DW-135403,Don Weiss,3729
BN-114702,Brad Norvell,3729
BD-116051,Brian Dahlen,3719
MC-176052,Matt Connell,3719
CK-123253,Christine Kargatis,3713
XP-218651,Xylona Preis,3705
SL-201552,Sara Luxemburg,3701
MS-175302,MaryBeth Skach,3698
DB-33601,Dennis Bolton,3691
HG-150254,Hunter Glantz,3690
AS-102402,Alan Shonely,3688
VF-217151,Vicky Freymann,3686
MM-179201,Michael Moore,3683
BP-111854,Ben Peterman,3676
MC-172753,Marc Crier,3672
SJ-201252,Sanjit Jacobs,3671
GM-45001,Gene McClure,3670
RS-197652,Roland Schwarz,3669
NM-184453,Nathan Mautz,3664
KD-163452,Katherine Ducich,3658
LP-170954,Liz Preis,3654
JD-61502,Justin Deggeller,3652
LR-170353,Lisa Ryan,3652
CS-124004,Christopher Schild,3651
GH-44251,Gary Hwang,3649
PK-189103,Paul Knutson,3644
AG-106751,Anna Gayman,3644
EB-137054,Ed Braxton,3643
CY-127452,Craig Yedwab,3642
LS-172451,Lynn Smith,3639
JP-155204,Jeremy Pistek,3638
RH-195551,Ritsa Hightower,3631
IL-151003,Ivan Liston,3630
SZ-200354,Sam Zeldin,3628
HA-149053,Helen Abelman,3627
RH-194954,Rick Hansen,3622
SH-199751,Sally Hughsby,3622
AH-104653,Amy Hunt,3621
NG-184302,Nathan Gelder,3620
BP-111553,Becky Pak,3610
MP-174703,Mark Packer,3608
MT-178152,Meg Tillman,3607
AG-106753,Anna Gayman,3606
JD-157901,John Dryer,3605
GT-146352,Grant Thornton,3599
CT-119952,Carol Triggs,3598
DS-131801,David Smith,3598
BT-113951,Bill Tyler,3596
NK-184903,Neil Knudson,3592
HD-147852,Harold Dahlen,3591
AG-103302,Alex Grayson,3590
AH-101202,Adrian Hane,3590
KE-164201,Katrina Edelman,3589
TB-211754,Thomas Boland,3589
GZ-45453,George Zrebassa,3585
GM-144404,Gary McGarr,3583
JM-152502,Janet Martin,3565
SC-205753,Sonia Cooley,3563
KD-162702,Karen Daniels,3562
HG-148451,Harry Greene,3561
HW-149351,Helen Wasserman,3557
EM-142002,Evan Minnotte,3557
SP-208603,Sung Pak,3553
HR-147702,Hallie Redmond,3553
CM-119351,Carlos Meador,3551
GM-146801,Greg Matthias,3550
YS-218801,Yana Sorensen,3547
BD-117702,Bryan Davis,3543
JB-159252,Joni Blumstein,3542
BF-110053,Barry Franz,3540
DL-134954,Dionis Lloyd,3540
CG-125202,Claire Gute,3538
SJ-202151,Sarah Jordon,3535
AR-104052,Allen Rosenblatt,3532
CS-119503,Carlos Soltero,3530
CS-121302,Chad Sievert,3528
SC-200951,Sanjit Chand,3523
EL-137352,Ed Ludwig,3520
AJ-109453,Ashley Jarboe,3517
RP-198551,Roy Phan,3516
AH-106902,Anna Häberlin,3514
BD-116201,Brian DeCherney,3514
JK-160902,Juliana Krohn,3514
RB-193602,Raymond Buch,3511
ES-140204,Erica Smith,3511
SC-203052,Sean Christensen,3511
JR-156702,Jim Radford,3510
DM-135252,Don Miller,3505
JH-161801,Justin Hirsh,3505
RR-195251,Rick Reed,3504
HF-149952,Herbert Flentye,3497
BM-116503,Brian Moss,3497
RW-196904,Robert Waldorf,3495
MH-174401,Mark Haberlin,3492
SP-206202,Stefania Perrino,3492
AG-106754,Anna Gayman,3489
KD-162703,Karen Daniels,3488
ED-138854,Emily Ducich,3487
TB-215203,Tracy Blumstein,3486
ND-183702,Natalie DeCherney,3485
SM-209051,Susan MacKendrick,3483
AW-108403,Anthony Witt,3480
TB-216252,Trudy Brown,3478
LC-169602,Lindsay Castell,3477
SN-207101,Steve Nguyen,3474
CM-124453,Chuck Magee,3473
JD-60601,Julia Dunbar,3471
EB-141101,Eugene Barchas,3471
LO-171702,Lori Olson,3470
ME-177251,Max Engle,3465
SD-204851,Shirley Daniels,3462
DA-134501,Dianna Arnett,3460
PW-190304,Pauline Webber,3454
MH-174402,Mark Haberlin,3454
VM-216853,Valerie Mitchum,3452
AG-104951,Andrew Gjertsen,3451
MV-81901,Mike Vittorini,3445
PB-188051,Patrick Bzostek,3440
JF-154901,Jeremy Farry,3438
BG-116951,Brooke Gillingham,3436
AB-101651,Alan Barnes,3435
DH-136751,Duane Huffman,3433
VG-217902,Vivek Gonzalez,3430
CD-119802,Carol Darley,3430
AH-751,Adam Hart,3426
JD-161503,Justin Deggeller,3425
SF-202004,Sarah Foster,3424
CL-125652,Clay Ludtke,3424
FC-142454,Frank Carlisle,3419
MJ-177401,Max Jones,3419
GP-47401,Guy Phonely,3415
DH-36751,Duane Huffman,3412
DW-134802,Dianna Wilson,3412
JD-160151,Joy Daniels,3410
GP-147402,Guy Phonely,3409
SH-199754,Sally Hughsby,3408
SG-200804,Sandra Glassco,3406
AJ-109452,Ashley Jarboe,3402
MC-181001,Mick Crebagga,3397
DP-130001,Darren Powers,3395
CB-120251,Cassandra Brandow,3393
JM-156553,Jim Mitchum,3393
DB-134053,Denny Blanton,3390
TC-111452,Theresa Coyne,3384
CV-128051,Cynthia Voltz,3384
LH-169003,Lena Hernandez,3384
JF-51902,Jamie Frazer,3383
PG-188951,Paul Gonzalez,3381
AG-103903,Allen Goldenen,3380
DJ-35103,Don Jones,3376
DV-30452,Darrin Van Huff,3374
PF-192251,Phillip Flathmann,3374
TS-216554,Trudy Schmidt,3368
JF-55651,Jill Fjeld,3367
AT-104353,Alyssa Tate,3364
SC-200204,Sam Craven,3364
KL-166451,Ken Lonsdale,3364
AG-103003,Aleksandra Gannaway,3364
VP-217604,Victoria Pisteka,3361
TW-210251,Tamara Willingham,3359
DJ-136304,Doug Jacobs,3357
PC-187451,Pamela Coakley,3356
GZ-145451,George Zrebassa,3355
RA-198853,Ruben Ausman,3354
FM-142901,Frank Merwin,3353
EM-138253,Elizabeth Moffitt,3349
MM-182802,Muhammed MacIntyre,3349
PF-191653,Philip Fox,3347
AB-100602,Adam Bellavance,3345
JS-158801,John Stevenson,3345
EB-141703,Evan Bailliet,3344
DV-134654,Dianna Vittorini,3343
SC-208453,Sung Chung,3341
SF-209654,Sylvia Foulston,3338
HA-149052,Helen Abelman,3337
DC-128504,Dan Campbell,3336
OT-187303,Olvera Toch,3330
JK-153253,Jason Klamczynski,3330
SD-204853,Shirley Daniels,3330
DR-128801,Dan Reichenbach,3328
SH-206351,Stefanie Holloman,3327
JG-153102,Jason Gross,3327
AP-109154,Arthur Prichep,3324
JL-152353,Janet Lee,3320
EH-139453,Eric Hoffmann,3320
DK-133754,Dennis Kane,3318
JM-152653,Janet Molinari,3318
SS-101403,Saphhira Shifley,3316
MZ-73352,Maria Zettner,3314
QJ-192552,Quincy Jones,3314
KH-163304,Katharine Harms,3313
NR-185503,Nick Radford,3313
CM-119353,Carlos Meador,3313
DW-34803,Dianna Wilson,3311
HD-47851,Harold Dahlen,3311
RF-193454,Randy Ferguson,3310
SJ-205003,Shirley Jackson,3308
GD-145903,Giulietta Dortch,3307
GK-146202,Grace Kelly,3307
DB-129103,Daniel Byrd,3307
EB-139301,Eric Barreto,3305
PR-188801,Patrick Ryan,3303
RL-196153,Rob Lucas,3303
RR-195254,Rick Reed,3301
SH-203953,Shahid Hopkins,3300
BM-116502,Brian Moss,3296
PB-191503,Philip Brown,3294
TS-215052,Tony Sayre,3294
RS-194203,Ricardo Sperren,3292
SJ-205001,Shirley Jackson,3292
SG-200801,Sandra Glassco,3290
SC-208452,Sung Chung,3289
BD-116054,Brian Dahlen,3288
BS-116654,Brian Stugart,3288
RK-193001,Ralph Kennedy,3288
DF-131352,David Flashing,3288
JL-151753,James Lanier,3286
RW-196304,Rob Williams,3280
BW-110653,Barry Weirich,3280
SM-203202,Sean Miller,3279
PJ-190152,Pauline Johnson,3278
SH-203952,Shahid Hopkins,3278
RA-192851,Ralph Arnett,3278
MC-181302,Mike Caudle,3277
SF-100652,Sandra Flanagan,3276
DL-129254,Daniel Lacy,3274
KC-166753,Kimberly Carter,3272
ER-38552,Elpida Rittenbach,3271
BG-117402,Bruce Geld,3270
MK-179053,Michael Kennedy,3269
TH-211153,Thea Hudgings,3269
CY-127451,Craig Yedwab,3267
EH-139452,Eric Hoffmann,3265
CP-120853,Cathy Prescott,3262
JH-154301,Jennifer Halladay,3258
RB-94652,Rick Bensley,3257
JO-151454,Jack O'Briant,3257
DK-128354,Damala Kotsonis,3256
AS-100904,Adam Shillingsburg,3255
DS-130301,Darrin Sayre,3254
PS-187603,Pamela Stobb,3252
BH-17102,Brosina Hoffman,3251
AH-100754,Adam Hart,3251
HG-149654,Henry Goldwyn,3250
LC-169604,Lindsay Castell,3247
CS-123551,Christine Sundaresam,3244
TS-213701,Todd Sumrall,3242
TC-215351,Tracy Collins,3241
CT-119954,Carol Triggs,3241
EB-137504,Edward Becker,3236
PV-89852,Paul Van Hugh,3235
SR-204254,Sharelle Roach,3234
LW-169904,Lindsay Williams,3232
MH-174552,Mark Hamilton,3228
TT-210702,Ted Trevino,3223
PA-90601,Pete Armstrong,3223
RS-194204,Ricardo Sperren,3221
ML-173953,Marina Lichtenstein,3221
JK-156403,Jim Kriz,3219
SG-206053,Speros Goranitis,3217
AM-103601,Alice McCarthy,3217
LS-172002,Luke Schmidt,3216
AS-102854,Alejandro Savely,3215
SC-207253,Steven Cartwright,3215
VM-216851,Valerie Mitchum,3213
AG-103001,Aleksandra Gannaway,3212
JJ-154451,Jennifer Jackson,3212
SC-205752,Sonia Cooley,3210
RS-198702,Roy Skaria,3208
MP-174704,Mark Packer,3207
BW-111103,Bart Watters,3206
CS-123554,Christine Sundaresam,3201
BT-116804,Brian Thompson,3197
TS-213402,Toby Swindell,3196
DG-133004,Deirdre Greer,3195
MO-175003,Mary O'Rourke,3190
EM-140951,Eudokia Martin,3189
BD-113202,Bill Donatelli,3189
CS-118603,Cari Schnelling,3188
NG-183553,Nat Gilpin,3188
CD-122802,Christina DeMoss,3185
JC-157752,John Castell,3185
MN-179352,Michael Nguyen,3182
BF-111703,Ben Ferrer,3179
HH-150103,Hilary Holden,3178
JB-160453,Julia Barnett,3176
JL-155054,Jeremy Lonsdale,3175
SC-207703,Stewart Carmichael,3174
BP-112901,Beth Paige,3172
TC-214752,Tony Chapman,3170
RA-92853,Ralph Arnett,3170
MG-181451,Mike Gockenbach,3170
CD-119803,Carol Darley,3170
DL-129253,Daniel Lacy,3169
BT-114401,Bobby Trafton,3168
GM-146804,Greg Matthias,3164
CS-125053,Cindy Stewart,3164
JE-157152,Joe Elijah,3163
JP-154602,Jennifer Patt,3163
JM-152504,Janet Martin,3158
PV-89851,Paul Van Hugh,3156
CK-122054,Chloris Kastensmidt,3154
MC-175753,Matt Collins,3154
KB-162404,Karen Bern,3152
MS-177704,Maxwell Schwartz,3146
AB-1501,Aimee Bixby,3145
TS-216103,Troy Staebel,3140
RC-199601,Ryan Crowe,3140
TC-215353,Tracy Collins,3138
DP-130003,Darren Powers,3135
RD-199004,Ruben Dartt,3134
MG-182053,Mitch Gastineau,3134
EJ-141553,Eva Jacobs,3131
SP-205451,Sibella Parks,3130
TN-210404,Tanja Norvell,3129
SN-207104,Steve Nguyen,3128
EB-137052,Ed Braxton,3127
SG-206054,Speros Goranitis,3126
IM-50551,Ionia McGrath,3118
FW-143953,Fred Wasserman,3118
RE-194053,Ricardo Emerson,3116
GM-146802,Greg Matthias,3115
MN-179353,Michael Nguyen,3112
AG-109002,Arthur Gainer,3108
BW-110651,Barry Weirich,3107
BD-117701,Bryan Davis,3106
JD-157903,John Dryer,3104
KH-163604,Katherine Hughes,3102
SF-202002,Sarah Foster,3100
VP-217303,Victor Preis,3100
PK-190751,Pete Kriz,3098
JK-57302,Joe Kamberova,3097
ON-187151,Odella Nelson,3094
AH-2101,Alan Hwang,3090
PG-188204,Patrick Gardner,3088
HZ-149502,Henia Zydlo,3085
PB-91502,Philip Brown,3085
DC-128501,Dan Campbell,3085
EH-141254,Eugene Hildebrand,3084
LL-68401,Lauren Leatherbury,3082
SW-202752,Scott Williamson,3081
ED-138852,Emily Ducich,3080
GM-144554,Gary Mitchum,3078
JD-161502,Justin Deggeller,3075
EB-141104,Eugene Barchas,3073
CV-28051,Cynthia Voltz,3070
DK-133752,Dennis Kane,3069
MG-181454,Mike Gockenbach,3062
CM-18301,Cari MacIntyre,3061
MJ-177403,Max Jones,3061
TG-213104,Toby Gnade,3059
KM-166602,Khloe Miller,3059
KT-164654,Kean Takahito,3058
MC-175903,Matt Collister,3057
SS-204104,Shahid Shariari,3056
SL-201554,Sara Luxemburg,3053
RS-197651,Roland Schwarz,3052
AS-100454,Aaron Smayling,3051
AH-100753,Adam Hart,3044
GZ-145452,George Zrebassa,3043
CA-22652,Christina Anderson,3042
CS-124003,Christopher Schild,3041
CA-127754,Cynthia Arntzen,3040
KA-165253,Kelly Andreada,3039
CS-119504,Carlos Soltero,3038
KC-162551,Karen Carlisle,3037
DG-133003,Deirdre Greer,3034
LA-67802,Laura Armstrong,3030
RF-193452,Randy Ferguson,3029
VD-216703,Valerie Dominguez,3028
LC-168853,Lena Creighton,3025
DL-128652,Dan Lawera,3023
AY-105552,Andy Yotov,3023
RD-98101,Ross DeVincentis,3021
CM-118153,Candace McMahon,3020
MW-182352,Mitch Willingham,3020
DN-136902,Duane Noonan,3020
TS-214302,Tom Stivers,3018
JD-160602,Julia Dunbar,3015
RM-196752,Robert Marley,3011
NF-184751,Neil Französisch,3008
BS-118002,Bryan Spruell,3002
PB-188053,Patrick Bzostek,3001
RW-196301,Rob Williams,3001
RH-195552,Ritsa Hightower,2999
BW-12001,Ben Wallace,2997
XP-218653,Xylona Preis,2996
GR-145602,Georgia Rosenberg,2996
MY-82951,Muhammed Yedwab,2993
LS-169754,Lindsay Shagiari,2989
SC-208451,Sung Chung,2987
MH-180254,Michelle Huthwaite,2986
FA-142304,Frank Atkinson,2984
TG-216401,Trudy Glocke,2980
MC-72752,Marc Crier,2979
DH-130753,Dave Hallsten,2978
DB-131204,David Bremer,2974
Dl-136002,Dorris liebe,2973
DA-134502,Dianna Arnett,2972
TH-215503,Tracy Hopkins,2972
FH-142752,Frank Hawley,2972
MG-176502,Matthew Grinstein,2972
BE-114552,Brad Eason,2971
RE-194503,Richard Eichhorn,2970
NS-186404,Noel Staavos,2966
SM-209503,Suzanne McNair,2966
RB-94352,Richard Bierner,2964
RA-192853,Ralph Arnett,2964
RP-193903,Resi Pölking,2963
TB-215951,Troy Blackwell,2963
RH-194953,Rick Hansen,2961
RD-96601,Robert Dilbeck,2960
JW-160753,Julia West,2959
JD-161501,Justin Deggeller,2958
PB-191051,Peter Bühler,2957
TM-210104,Tamara Manning,2955
BP-10501,Barry Pond,2953
PO-188653,Patrick O'Donnell,2952
FH-143501,Fred Harton,2950
LP-170801,Liz Pelletier,2949
DG-33001,Deirdre Greer,2949
AB-101052,Adrian Barton,2949
JP-161352,Julie Prescott,2948
CK-123254,Christine Kargatis,2946
TH-211154,Thea Hudgings,2942
MC-176051,Matt Connell,2942
BG-110353,Barry Gonzalez,2942
CV-122953,Christina VanderZanden,2940
JL-158352,John Lee,2939
LH-71553,Logan Haushalter,2937
MF-176653,Maureen Fritzler,2935
LT-171104,Liz Thompson,2935
BC-111254,Becky Castell,2934
SG-204701,Sheri Gordon,2933
JK-161204,Julie Kriz,2933
DM-130152,Darrin Martin,2930
KB-162401,Karen Bern,2930
KM-67201,Kunst Miller,2928
JJ-154452,Jennifer Jackson,2926
NP-183252,Naresj Patel,2922
ML-174104,Maris LaWare,2922
MM-82802,Muhammed MacIntyre,2922
SW-204554,Shaun Weien,2922
EA-140351,Erin Ashbrook,2922
EB-138701,Emily Burns,2920
BP-111853,Ben Peterman,2919
AP-107203,Anne Pryor,2919
BT-113052,Beth Thompson,2919
LW-172151,Luke Weiss,2914
RD-195854,Rob Dowd,2913
TS-216552,Trudy Schmidt,2910
BP-112903,Beth Paige,2908
BM-115753,Brendan Murry,2908
RR-195252,Rick Reed,2907
JK-152052,Jamie Kunitz,2905
CL-127002,Craig Leslie,2902
RC-199602,Ryan Crowe,2901
CY-127454,Craig Yedwab,2900
JF-53552,Jay Fein,2900
IG-150852,Ivan Gibson,2899
ND-184604,Neil Ducich,2894
MZ-173351,Maria Zettner,2892
IM-150703,Irene Maddox,2891
MT-178154,Meg Tillman,2890
BF-110204,Barry Französisch,2889
SS-205152,Shirley Schmidt,2889
RA-198852,Ruben Ausman,2886
DS-131804,David Smith,2882
AS-2852,Alejandro Savely,2881
MC-181303,Mike Caudle,2881
DB-134052,Denny Blanton,2879
MG-76801,Maureen Gastineau,2878
FW-143952,Fred Wasserman,2878
TG-116403,Trudy Glocke,2876
PV-189854,Paul Van Hugh,2875
HE-148002,Harold Engle,2874
MF-182503,Monica Federle,2874
JE-154751,Jeremy Ellison,2873
IM-150554,Ionia McGrath,2872
TH-212353,Tiffany House,2870
CC-124304,Chuck Clark,2869
SM-200053,Sally Matthias,2868
CK-23252,Christine Kargatis,2867
SO-203353,Sean O'Donnell,2866
JE-161651,Justin Ellison,2865
FH-143651,Fred Hopkins,2864
SV-108153,Stuart Van,2863
SG-208903,Susan Gilcrest,2863
MC-75752,Matt Collins,2859
BD-117703,Bryan Davis,2859
PT-190903,Pete Takahito,2858
GH-144103,Gary Hansen,2856
CC-126854,Craig Carroll,2854
AW-109304,Arthur Wiediger,2853
JJ-154453,Jennifer Jackson,2852
BD-17251,Bruce Degenhardt,2849
MG-178902,Michael Granlund,2846
EA-140354,Erin Ashbrook,2846
MH-172902,Marc Harrigan,2845
LS-169454,Linda Southworth,2845
VD-216701,Valerie Dominguez,2844
KH-166903,Kristen Hastings,2844
MC-172752,Marc Crier,2843
DB-129703,Darren Budd,2840
GR-145601,Georgia Rosenberg,2840
SK-199902,Sally Knutson,2838
JM-161954,Justin MacKendrick,2834
SV-107851,Stewart Visinsky,2833
RH-94951,Rick Hansen,2833
CV-122954,Christina VanderZanden,2832
CS-124901,Cindy Schnelling,2831
BC-111251,Becky Castell,2829
BD-113201,Bill Donatelli,2828
SC-202601,Scott Cohen,2826
MA-175602,Matt Abelman,2823
TP-215653,Tracy Poddar,2821
TS-216104,Troy Staebel,2820
GH-144104,Gary Hansen,2819
DK-129852,Darren Koutras,2819
KB-166003,Ken Brennan,2818
SS-205903,Sonia Sunley,2816
CP-20853,Cathy Prescott,2814
JK-161203,Julie Kriz,2809
KF-62852,Karen Ferguson,2808
PA-190603,Pete Armstrong,2808
NB-186551,Nona Balk,2804
RF-198401,Roy Französisch,2803
LP-170803,Liz Pelletier,2799
BG-110354,Barry Gonzalez,2799
PT-190901,Pete Takahito,2798
TB-216254,Trudy Brown,2798
PM-191351,Peter McVee,2796
MV-181902,Mike Vittorini,2796
TB-216253,Trudy Brown,2795
CR-25801,Clay Rozendal,2793
BS-115901,Brendan Sweed,2791
GZ-144703,Gary Zandusky,2789
FC-143351,Fred Chung,2788
RD-196604,Robert Dilbeck,2787
MH-177852,Maya Herman,2780
TN-210403,Tanja Norvell,2779
AT-104351,Alyssa Tate,2779
JC-157754,John Castell,2773
KL-165552,Kelly Lampkin,2771
JD-158953,Jonathan Doherty,2770
PF-191654,Philip Fox,2770
EB-138704,Emily Burns,2768
LR-169153,Lena Radford,2765
JK-57301,Joe Kamberova,2764
MH-74401,Mark Haberlin,2763
MS-177103,Maurice Satty,2762
TG-213101,Toby Gnade,2762
JF-154902,Jeremy Farry,2761
JD-160603,Julia Dunbar,2760
EH-141253,Eugene Hildebrand,2760
RA-92851,Ralph Arnett,2760
EK-137952,Eileen Kiefer,2758
CS-122504,Chris Selesnick,2757
BD-115603,Brendan Dodson,2756
ML-180401,Michelle Lonsdale,2753
JR-156703,Jim Radford,2753
MM-180554,Michelle Moray,2752
SV-203652,Seth Vernon,2750
CA-120551,Cathy Armstrong,2746
KB-165854,Ken Black,2745
GZ-145453,George Zrebassa,2743
TS-210852,Thais Sissman,2743
SM-200052,Sally Matthias,2741
LL-168404,Lauren Leatherbury,2740
AC-106152,Ann Chong,2738
TS-212053,Thomas Seio,2737
CA-123102,Christine Abelman,2734
BF-112152,Benjamin Farhat,2734
EC-140501,Erin Creighton,2733
TD-209952,Tamara Dahlen,2730
AA-106452,Anna Andreadi,2730
DJ-136302,Doug Jacobs,2730
MC-172754,Marc Crier,2727
JL-158504,John Lucas,2726
KC-162553,Karen Carlisle,2725
KN-163903,Katherine Nockton,2724
ML-173954,Marina Lichtenstein,2723
EB-37051,Ed Braxton,2720
SV-209352,Susan Vittorini,2719
PV-189851,Paul Van Hugh,2717
CL-25651,Clay Ludtke,2713
MS-175303,MaryBeth Skach,2710
JK-153704,Jay Kimmel,2710
CL-118902,Carl Ludwig,2709
JL-158353,John Lee,2707
IM-150701,Irene Maddox,2706
CC-124752,Cindy Chapman,2705
PJ-188351,Patrick Jones,2704
NF-183853,Natalie Fritzler,2703
RS-197653,Roland Schwarz,2702
JE-161654,Justin Ellison,2698
RD-97201,Roger Demir,2698
DO-134352,Denny Ordway,2697
MS-178301,Melanie Seite,2696
LC-169302,Linda Cazamias,2689
DB-132103,Dean Braden,2689
MD-178602,Michael Dominguez,2689
ER-138551,Elpida Rittenbach,2687
DB-36151,Doug Bickford,2686
BT-115304,Bradley Talbott,2684
TP-214151,Tom Prescott,2683
BO-113504,Bill Overfelt,2682
MT-180701,Michelle Tran,2682
FO-143054,Frank Olsen,2681
BT-114851,Brad Thomas,2681
JP-54603,Jennifer Patt,2680
LL-168401,Lauren Leatherbury,2678
NH-186104,Nicole Hansen,2673
MH-181152,Mick Hernandez,2669
DJ-135101,Don Jones,2668
CM-121602,Charles McCrossin,2667
AC-6601,Anna Chung,2666
SG-200803,Sandra Glassco,2666
JF-151902,Jamie Frazer,2665
DR-128803,Dan Reichenbach,2664
VF-217152,Vicky Freymann,2663
ND-184603,Neil Ducich,2663
RB-194354,Richard Bierner,2663
KB-162403,Karen Bern,2661
NF-185951,Nicole Fjeld,2661
JL-58352,John Lee,2657
EJ-141554,Eva Jacobs,2657
SG-206051,Speros Goranitis,2654
VB-217452,Victoria Brennan,2653
DK-130904,Dave Kipp,2652
CW-119051,Carl Weiss,2652
JH-159852,Joseph Holt,2652
EL-137353,Ed Ludwig,2651
TC-109802,Tamara Chand,2650
TS-214301,Tom Stivers,2649
CA-122654,Christina Anderson,2649
DN-136901,Duane Noonan,2649
AG-103902,Allen Goldenen,2646
GB-145753,Giulietta Baptist,2637
MH-181151,Mick Hernandez,2634
LC-171404,Logan Currie,2633
LH-170201,Lisa Hazard,2632
BT-14852,Brad Thomas,2630
LC-169301,Linda Cazamias,2629
SV-208153,Stuart Van,2629
DK-128351,Damala Kotsonis,2628
JG-151603,James Galang,2628
GT-147552,Guy Thornton,2625
HR-47703,Hallie Redmond,2620
AG-105253,Andy Gerbode,2620
GZ-44701,Gary Zandusky,2619
RA-192854,Ralph Arnett,2619
TT-112651,Tim Taslimi,2618
KN-163904,Katherine Nockton,2618
QJ-192553,Quincy Jones,2616
MC-176352,Matthew Clasen,2615
JE-157452,Joel Eaton,2614
KN-167051,Kristina Nunn,2614
JM-158653,John Murray,2613
TM-210103,Tamara Manning,2611
Co-126403,Corey-Lock,2607
PO-88651,Patrick O'Donnell,2607
SE-201101,Sanjit Engle,2606
SO-203354,Sean O'Donnell,2603
TB-211751,Thomas Boland,2603
MH-174551,Mark Hamilton,2602
CV-122951,Christina VanderZanden,2602
MK-179052,Michael Kennedy,2601
CA-122653,Christina Anderson,2601
RO-97801,Rose O'Brian,2597
SU-206654,Stephanie Ulpright,2596
TA-113852,Tom Ashbrook,2594
CR-126253,Corey Roper,2593
NG-84303,Nathan Gelder,2591
CG-125203,Claire Gute,2591
PB-191053,Peter Bühler,2587
HA-149204,Helen Andreada,2586
AT-107351,Annie Thurman,2586
JK-152053,Jamie Kunitz,2584
AG-102704,Alejandro Grove,2584
JL-151303,Jack Lebron,2583
AR-105703,Anemone Ratner,2581
JL-158501,John Lucas,2581
LC-168704,Lena Cacioppo,2579
SC-206954,Steve Chapman,2578
NS-185054,Neola Schneider,2576
PM-189403,Paul MacIntyre,2575
DE-32552,Deanra Eno,2573
MB-173053,Maria Bertelson,2573
TP-215651,Tracy Poddar,2570
TB-213551,Todd Boyes,2568
BT-113054,Beth Thompson,2568
DB-136151,Doug Bickford,2567
EM-138104,Eleni McCrary,2567
FC-142453,Frank Carlisle,2566
JF-155653,Jill Fjeld,2565
MZ-175154,Mary Zewe,2565
TZ-214452,Tom Zandusky,2565
BS-117554,Bruce Stewart,2564
TB-215953,Troy Blackwell,2561
FH-43652,Fred Hopkins,2561
LS-169753,Lindsay Shagiari,2560
BP-110953,Bart Pistole,2560
DM-135251,Don Miller,2553
PT-190902,Pete Takahito,2553
MP-179651,Michael Paige,2552
DE-132554,Deanra Eno,2551
PO-188651,Patrick O'Donnell,2550
MJ-177402,Max Jones,2549
GM-146951,Greg Maxwell,2548
TM-214903,Tony Molinari,2543
CC-126104,Corey Catlett,2541
TB-115201,Tracy Blumstein,2540
JM-161951,Justin MacKendrick,2539
AC-106154,Ann Chong,2538
JO-151451,Jack O'Briant,2538
CP-123402,Christine Phan,2537
BD-115002,Bradley Drucker,2534
HF-149954,Herbert Flentye,2534
DK-128952,Dana Kaydos,2533
SC-102602,Scott Cohen,2533
CM-121604,Charles McCrossin,2533
HP-148153,Harold Pawlan,2529
HZ-49501,Henia Zydlo,2525
PO-191952,Phillina Ober,2524
FM-143804,Fred McMath,2523
AB-101503,Aimee Bixby,2523
TS-211601,Theresa Swint,2521
CS-122501,Chris Selesnick,2520
MH-180253,Michelle Huthwaite,2520
RD-198103,Ross DeVincentis,2519
PN-187752,Parhena Norris,2519
JS-160304,Joy Smith,2519
FG-142602,Frank Gastineau,2518
DH-136752,Duane Huffman,2518
JB-160454,Julia Barnett,2518
SJ-201253,Sanjit Jacobs,2515
SC-106801,Steve Carroll,2511
CL-127003,Craig Leslie,2506
RF-93453,Randy Ferguson,2506
LB-167953,Laurel Beltran,2504
DE-132553,Deanra Eno,2503
TT-212203,Thomas Thornton,2503
DJ-135104,Don Jones,2502
SP-206503,Stephanie Phelps,2501
CB-125353,Claudia Bergmann,2500
LE-168101,Laurel Elliston,2499
PB-192103,Phillip Breyer,2497
AH-104654,Amy Hunt,2495
RE-194502,Richard Eichhorn,2495
BD-16202,Brian DeCherney,2494
PO-188654,Patrick O'Donnell,2494
CJ-118753,Carl Jackson,2494
BD-116202,Brian DeCherney,2490
EH-140053,Erica Hernandez,2489
BT-115302,Bradley Talbott,2488
CC-24751,Cindy Chapman,2488
NZ-185654,Nick Zandusky,2487
MA-175603,Matt Abelman,2486
TH-212351,Tiffany House,2484
DG-133002,Deirdre Greer,2484
AH-1953,Alan Haines,2483
AB-152,Aaron Bergman,2481
KL-165553,Kelly Lampkin,2480
MN-179354,Michael Nguyen,2477
RB-197951,Ross Baird,2476
BT-114403,Bobby Trafton,2476
GT-47551,Guy Thornton,2475
AS-101352,Adrian Shami,2474
SH-199753,Sally Hughsby,2474
CS-118601,Cari Schnelling,2474
CC-121454,Charles Crestani,2473
BP-112904,Beth Paige,2472
DW-34802,Dianna Wilson,2469
JB-154003,Jennifer Braxton,2468
EG-139003,Emily Grady,2468
BV-112453,Benjamin Venier,2464
LO-171703,Lori Olson,2462
SS-204101,Shahid Shariari,2462
NC-183404,Nat Carroll,2461
RB-93302,Randy Bradley,2458
FM-142154,Filia McAdams,2456
MC-178453,Michael Chen,2456
MH-174554,Mark Hamilton,2456
BS-115904,Brendan Sweed,2455
BF-109752,Barbara Fisher,2455
GZ-145454,George Zrebassa,2454
VM-216854,Valerie Mitchum,2454
RM-197501,Roland Murray,2453
MA-179954,Michelle Arnett,2453
PG-188203,Patrick Gardner,2453
RH-194951,Rick Hansen,2452
ND-183703,Natalie DeCherney,2452
CA-19652,Carol Adams,2448
TH-112352,Tiffany House,2447
MT-178153,Meg Tillman,2446
MC-175901,Matt Collister,2445
MC-172751,Marc Crier,2443
BT-113053,Beth Thompson,2443
BP-110954,Bart Pistole,2442
RS-194201,Ricardo Sperren,2441
VD-216702,Valerie Dominguez,2441
CH-120701,Cathy Hwang,2440
AY-5552,Andy Yotov,2436
NZ-185653,Nick Zandusky,2436
GA-145153,George Ashbrook,2436
AR-108253,Anthony Rawles,2435
TT-112652,Tim Taslimi,2433
BN-115152,Bradley Nguyen,2433
ND-83702,Natalie DeCherney,2431
SS-204103,Shahid Shariari,2430
JH-159103,Jonathan Howell,2429
MC-175904,Matt Collister,2427
PF-192253,Phillip Flathmann,2427
BP-110952,Bart Pistole,2425
RF-193453,Randy Ferguson,2424
TH-211004,Thea Hendricks,2423
TZ-215803,Tracy Zic,2422
SG-104702,Sheri Gordon,2420
HD-147853,Harold Dahlen,2419
MS-173652,Maribeth Schnelling,2419
MG-181453,Mike Gockenbach,2416
BH-117101,Brosina Hoffman,2412
MO-78002,Meg O'Connel,2411
VG-218052,Vivek Grady,2410
TP-214153,Tom Prescott,2409
AA-103751,Allen Armold,2407
DJ-35101,Don Jones,2406
SV-209353,Susan Vittorini,2406
GM-144402,Gary McGarr,2402
RS-198703,Roy Skaria,2399
BT-113051,Beth Thompson,2394
JB-160452,Julia Barnett,2394
MH-172904,Marc Harrigan,2393
NK-84901,Neil Knudson,2393
DF-131354,David Flashing,2391
GM-144403,Gary McGarr,2390
DB-132701,Deborah Brumfield,2386
DH-130752,Dave Hallsten,2386
BD-115003,Bradley Drucker,2385
NP-183253,Naresj Patel,2382
SF-202003,Sarah Foster,2380
HK-148901,Heather Kirkland,2378
RB-196451,Robert Barroso,2377
BM-117853,Bryan Mills,2377
ES-140203,Erica Smith,2377
KD-166153,Ken Dana,2376
AB-100153,Aaron Bergman,2375
JK-153252,Jason Klamczynski,2375
XP-218654,Xylona Preis,2375
AS-102401,Alan Shonely,2374
JS-158802,John Stevenson,2373
SR-207403,Steven Roelle,2373
RR-193152,Ralph Ritter,2372
CK-125954,Clytie Kelty,2372
CV-128054,Cynthia Voltz,2372
JD-158951,Jonathan Doherty,2372
JF-154154,Jennifer Ferguson,2371
LS-172302,Lycoris Saunders,2369
NR-185504,Nick Radford,2368
KM-167202,Kunst Miller,2368
RM-197502,Roland Murray,2363
GH-146653,Greg Hansen,2359
AS-102403,Alan Shonely,2358
JG-151154,Jack Garza,2358
AG-104954,Andrew Gjertsen,2356
CL-127004,Craig Leslie,2354
MC-175752,Matt Collins,2352
PJ-190153,Pauline Johnson,2352
MG-176804,Maureen Gastineau,2351
SC-103051,Sean Christensen,2350
JK-53701,Jay Kimmel,2350
HK-148903,Heather Kirkland,2349
CM-122353,Chris McAfee,2346
RF-197354,Roland Fjeld,2342
RP-98551,Roy Phan,2342
NS-186401,Noel Staavos,2341
DW-134803,Dianna Wilson,2340
EM-138254,Elizabeth Moffitt,2340
JS-160303,Joy Smith,2337
JM-56551,Jim Mitchum,2336
NC-184152,Nathan Cano,2335
DB-132104,Dean Braden,2333
TT-212653,Tim Taslimi,2333
DB-135551,Dorothy Badders,2331
DO-136452,Doug O'Connell,2329
LW-171252,Liz Willingham,2329
SC-202303,Scot Coram,2329
AJ-109451,Ashley Jarboe,2329
HG-150252,Hunter Glantz,2326
JO-55502,Jesus Ocampo,2325
DB-133601,Dennis Bolton,2322
HF-149951,Herbert Flentye,2320
SA-208301,Sue Ann Reed,2320
MO-178003,Meg O'Connel,2319
SV-208152,Stuart Van,2319
PV-189852,Paul Van Hugh,2313
EJ-141552,Eva Jacobs,2313
MR-175453,Mathew Reese,2312
CM-122354,Chris McAfee,2306
GW-146053,Giulietta Weimer,2306
BF-110802,Bart Folk,2303
MK-179054,Michael Kennedy,2302
FM-143801,Fred McMath,2301
LH-169004,Lena Hernandez,2298
AC-104502,Amy Cox,2295
CK-127602,Cyma Kinney,2293
JC-53852,Jenna Caffey,2291
EM-138103,Eleni McCrary,2290
EP-139152,Emily Phan,2289
LC-171401,Logan Currie,2287
AG-106752,Anna Gayman,2284
JF-151904,Jamie Frazer,2280
NC-83401,Nat Carroll,2280
KN-167054,Kristina Nunn,2280
JE-161652,Justin Ellison,2278
FH-143504,Fred Harton,2273
JH-59101,Jonathan Howell,2272
TR-113251,Toby Ritter,2272
CC-126704,Craig Carreira,2271
AR-5102,Andrew Roberts,2267
JK-56252,Jim Karlsson,2264
AA-106453,Anna Andreadi,2263
BE-114104,Bobby Elias,2262
KM-162254,Kalyca Meade,2261
DO-34351,Denny Ordway,2261
CM-119352,Carlos Meador,2261
MC-176054,Matt Connell,2258
JH-161804,Justin Hirsh,2257
JO-51451,Jack O'Briant,2255
MY-173804,Maribeth Yedwab,2255
MK-181602,Mike Kennedy,2254
MW-82202,Mitch Webber,2252
RL-96152,Rob Lucas,2251
AJ-107952,Anthony Johnson,2249
CA-120553,Cathy Armstrong,2248
KD-166154,Ken Dana,2245
TS-215054,Tony Sayre,2243
JG-153104,Jason Gross,2241
MW-182203,Mitch Webber,2241
LW-168254,Laurel Workman,2239
JC-161051,Julie Creighton,2239
PW-190303,Pauline Webber,2237
AR-104054,Allen Rosenblatt,2235
AC-106602,Anna Chung,2234
AA-3152,Alex Avila,2234
JO-152803,Jas O'Carroll,2234
MG-178753,Michael Grace,2233
BD-17252,Bruce Degenhardt,2229
AG-103901,Allen Goldenen,2228
CS-123553,Christine Sundaresam,2227
TA-113851,Tom Ashbrook,2226
BS-118003,Bryan Spruell,2224
MV-174851,Mark Van Huff,2222
GG-146504,Greg Guthrie,2222
MC-181004,Mick Crebagga,2220
NC-184154,Nathan Cano,2219
BF-10201,Barry Französisch,2217
DP-131054,Dave Poirier,2215
HG-150253,Hunter Glantz,2211
DV-130452,Darrin Van Huff,2210
CM-27152,Craig Molinari,2210
DM-135253,Don Miller,2208
PF-192254,Phillip Flathmann,2207
DJ-136303,Doug Jacobs,2206
AT-107353,Annie Thurman,2206
JL-152354,Janet Lee,2204
BS-18002,Bryan Spruell,2203
MH-177854,Maya Herman,2203
JR-162104,Justin Ritter,2202
EN-137804,Edward Nazzal,2200
TB-212804,Toby Braunhardt,2198
SM-100052,Sally Matthias,2194
TS-213703,Todd Sumrall,2191
KM-163751,Katherine Murray,2191
MC-175902,Matt Collister,2191
GW-146054,Giulietta Weimer,2190
TT-214603,Tonja Turnell,2189
AC-106603,Anna Chung,2189
BT-113954,Bill Tyler,2188
JK-157303,Joe Kamberova,2188
TN-210401,Tanja Norvell,2186
PC-190001,Pauline Chand,2185
SM-209052,Susan MacKendrick,2184
DO-134353,Denny Ordway,2184
AH-104651,Amy Hunt,2183
RD-99301,Russell D'Ascenzo,2183
BF-10802,Bart Folk,2183
PS-187604,Pamela Stobb,2182
VP-217302,Victor Preis,2182
GM-146803,Greg Matthias,2181
CA-127752,Cynthia Arntzen,2181
SH-203954,Shahid Hopkins,2180
BM-16503,Brian Moss,2180
CS-125051,Cindy Stewart,2179
DB-132101,Dean Braden,2179
FA-142301,Frank Atkinson,2177
DL-134953,Dionis Lloyd,2176
DB-129104,Daniel Byrd,2172
KN-164504,Kean Nguyen,2171
BP-110503,Barry Pond,2170
RP-198554,Roy Phan,2169
IG-150853,Ivan Gibson,2169
KF-162851,Karen Ferguson,2166
HA-149054,Helen Abelman,2163
TB-110552,Ted Butterfield,2163
NM-185204,Neoma Murray,2163
TS-211604,Theresa Swint,2162
LB-167351,Larry Blacks,2161
EJ-137204,Ed Jacobs,2161
AG-107652,Anthony Garverick,2159
JS-59403,Joni Sundaresam,2158
LD-170053,Lisa DeCherney,2154
JD-157904,John Dryer,2153
CC-126103,Corey Catlett,2152
TM-210101,Tamara Manning,2152
AP-9151,Arthur Prichep,2151
CR-125804,Clay Rozendal,2149
RD-198101,Ross DeVincentis,2147
GA-145152,George Ashbrook,2146
GA-147252,Guy Armstrong,2145
CK-125953,Clytie Kelty,2144
CM-21601,Charles McCrossin,2144
CR-125802,Clay Rozendal,2143
JS-159402,Joni Sundaresam,2143
JR-162103,Justin Ritter,2141
DN-136904,Duane Noonan,2139
SC-107251,Steven Cartwright,2136
EJ-137203,Ed Jacobs,2136
NG-183552,Nat Gilpin,2134
SU-206651,Stephanie Ulpright,2131
AB-151,Aaron Bergman,2125
KC-162554,Karen Carlisle,2122
GT-146353,Grant Thornton,2121
TB-215202,Tracy Blumstein,2119
AJ-7952,Anthony Johnson,2119
JM-161953,Justin MacKendrick,2117
CS-124001,Christopher Schild,2117
TS-115051,Tony Sayre,2116
XP-218652,Xylona Preis,2114
AG-104953,Andrew Gjertsen,2110
EB-137503,Edward Becker,2109
JM-155802,Jill Matthias,2108
AB-100601,Adam Bellavance,2107
LC-171403,Logan Currie,2106
AI-108552,Arianne Irving,2105
MN-79352,Michael Nguyen,2104
SN-205602,Skye Norling,2103
EM-140653,Erin Mull,2097
LC-170504,Liz Carlisle,2096
MP-181753,Mike Pelletier,2096
SH-206354,Stefanie Holloman,2096
BM-17851,Bryan Mills,2096
DC-28502,Dan Campbell,2091
MD-178603,Michael Dominguez,2090
TR-213253,Toby Ritter,2090
BC-111253,Becky Castell,2086
RH-196004,Rob Haberlin,2086
DS-130302,Darrin Sayre,2082
CK-27601,Cyma Kinney,2081
RB-93301,Randy Bradley,2079
FM-142153,Filia McAdams,2078
BS-115903,Brendan Sweed,2078
EB-39751,Erica Bern,2074
NG-183551,Nat Gilpin,2074
TG-216404,Trudy Glocke,2074
JG-51152,Jack Garza,2072
ML-177554,Max Ludwig,2071
HL-150402,Hunter Lopez,2071
AP-109153,Arthur Prichep,2070
SS-205151,Shirley Schmidt,2070
JO-152801,Jas O'Carroll,2069
RB-197054,Roger Barcio,2068
AG-5252,Andy Gerbode,2067
DR-29401,Daniel Raglin,2065
CT-119953,Carol Triggs,2064
NC-183403,Nat Carroll,2063
MD-173501,Maribeth Dona,2062
AS-2851,Alejandro Savely,2059
JB-60451,Julia Barnett,2058
KH-63302,Katharine Harms,2058
AS-100451,Aaron Smayling,2056
TS-214304,Tom Stivers,2054
CM-121901,Charlotte Melton,2052
AF-108704,Art Ferguson,2052
KS-163002,Karen Seio,2051
CM-126553,Corinna Mitchell,2041
ES-140802,Erin Smith,2036
CD-119204,Carlos Daly,2035
GM-144552,Gary Mitchum,2032
NF-185954,Nicole Fjeld,2031
BP-10502,Barry Pond,2031
NF-83851,Natalie Fritzler,2029
KW-65702,Kelly Williams,2028
SR-204251,Sharelle Roach,2027
LW-168251,Laurel Workman,2026
MT-80702,Michelle Tran,2025
EB-137502,Edward Becker,2024
DK-33753,Dennis Kane,2022
CV-28052,Cynthia Voltz,2021
DB-133603,Dennis Bolton,2018
NC-186252,Noah Childs,2018
MH-177853,Maya Herman,2017
FO-43052,Frank Olsen,2017
BT-114402,Bobby Trafton,2016
TS-210853,Thais Sissman,2015
LW-71251,Liz Willingham,2012
DJ-134204,Denny Joy,2012
AR-104051,Allen Rosenblatt,2010
SC-205751,Sonia Cooley,2009
DL-133153,Delfina Latchford,2007
VB-217454,Victoria Brennan,2006
CM-122352,Chris McAfee,2006
PF-191203,Peter Fuller,2001
AG-2701,Alejandro Grove,1997
SR-107402,Steven Roelle,1996
AB-1053,Adrian Barton,1996
CC-122202,Chris Cortes,1995
FM-42151,Filia McAdams,1994
RC-198253,Roy Collins,1993
HP-148154,Harold Pawlan,1991
SC-203803,Shahid Collister,1990
DB-136154,Doug Bickford,1989
PG-188954,Paul Gonzalez,1988
NG-83553,Nat Gilpin,1987
EB-139751,Erica Bern,1985
SN-205603,Skye Norling,1984
NM-185203,Neoma Murray,1983
KE-164202,Katrina Edelman,1983
SC-200502,Sample Company A,1982
KS-163001,Karen Seio,1979
LS-169452,Linda Southworth,1979
CL-125653,Clay Ludtke,1979
DL-128653,Dan Lawera,1977
LS-169751,Lindsay Shagiari,1977
EL-37351,Ed Ludwig,1976
SB-102901,Sean Braxton,1976
NB-186554,Nona Balk,1974
ND-84601,Neil Ducich,1973
DK-132253,Dean Katz,1972
DB-135553,Dorothy Badders,1971
JK-56251,Jim Karlsson,1969
PO-191803,Philisse Overcash,1967
SW-202754,Scott Williamson,1966
MR-75451,Mathew Reese,1963
LD-170054,Lisa DeCherney,1963
CS-21752,Charles Sheldon,1960
KH-163603,Katherine Hughes,1958
PO-191953,Phillina Ober,1958
TB-112501,Tim Brockman,1957
EN-137802,Edward Nazzal,1957
LD-170052,Lisa DeCherney,1956
JM-52501,Janet Martin,1956
GH-144253,Gary Hwang,1956
NP-86701,Nora Paige,1954
DB-131202,David Bremer,1953
SC-107703,Stewart Carmichael,1953
JF-154903,Jeremy Farry,1953
JJ-54451,Jennifer Jackson,1952
DL-133303,Denise Leinenbach,1949
CB-124154,Christy Brittain,1949
LS-172303,Lycoris Saunders,1949
CJ-120101,Caroline Jumper,1948
DO-136453,Doug O'Connell,1947
AW-8401,Anthony Witt,1946
JL-158502,John Lucas,1941
EH-140051,Erica Hernandez,1941
TS-216551,Trudy Schmidt,1940
ES-140201,Erica Smith,1940
HR-148301,Harold Ryan,1940
BO-114251,Bobby Odegard,1939
CK-27602,Cyma Kinney,1937
ZD-119252,Zuschuss Donatelli,1937
TP-215654,Tracy Poddar,1937
TG-213103,Toby Gnade,1937
JO-152804,Jas O'Carroll,1934
RB-197053,Roger Barcio,1930
HM-149803,Henry MacAllister,1926
CG-120401,Catherine Glotzbach,1925
ML-174102,Maris LaWare,1924
EM-42001,Evan Minnotte,1922
PA-190602,Pete Armstrong,1921
CA-123103,Christine Abelman,1920
HA-149203,Helen Andreada,1918
CK-123251,Christine Kargatis,1916
CC-125503,Clay Cheatham,1915
PB-88053,Patrick Bzostek,1913
MM-172602,Magdelene Morse,1912
JF-153554,Jay Fein,1912
LC-70501,Liz Carlisle,1909
ME-177254,Max Engle,1908
AS-6301,Ann Steele,1908
SS-205153,Shirley Schmidt,1907
GG-146501,Greg Guthrie,1906
EH-141853,Evan Henry,1906
LC-69601,Lindsay Castell,1905
JJ-157603,Joel Jenkins,1904
SV-209354,Susan Vittorini,1903
PL-189252,Paul Lucas,1899
AR-105702,Anemone Ratner,1898
TB-210553,Ted Butterfield,1897
IM-50702,Irene Maddox,1896
DR-128802,Dan Reichenbach,1894
DP-133901,Dennis Pardue,1889
KD-163454,Katherine Ducich,1889
ZD-219251,Zuschuss Donatelli,1889
JR-162102,Justin Ritter,1888
ME-180103,Michelle Ellison,1888
GD-145904,Giulietta Dortch,1888
SJ-101253,Sanjit Jacobs,1887
CP-20851,Cathy Prescott,1887
NB-185803,Nicole Brennan,1886
MO-78001,Meg O'Connel,1885
SG-204704,Sheri Gordon,1885
VW-217752,Victoria Wilson,1884
LR-170354,Lisa Ryan,1880
JO-55501,Jesus Ocampo,1880
BK-112603,Berenike Kampe,1877
SC-204404,Shaun Chance,1875
DP-131653,David Philippe,1874
SP-206504,Stephanie Phelps,1873
JR-157003,Jocasta Rupert,1873
BG-116954,Brooke Gillingham,1873
NG-183554,Nat Gilpin,1871
HR-147703,Hallie Redmond,1869
SP-209203,Susan Pistek,1866
LR-70351,Lisa Ryan,1864
CM-121903,Charlotte Melton,1864
PF-191202,Peter Fuller,1864
EH-41851,Evan Henry,1863
CD-127904,Cynthia Delaney,1861
AA-103753,Allen Armold,1861
SN-205604,Skye Norling,1861
NP-186703,Nora Paige,1860
TC-212953,Toby Carlisle,1860
AI-108551,Arianne Irving,1859
EB-138403,Ellis Ballard,1856
PB-191052,Peter Bühler,1855
JH-154302,Jennifer Halladay,1853
DL-133151,Delfina Latchford,1850
SG-106052,Speros Goranitis,1849
PB-191501,Philip Brown,1849
LC-169303,Linda Cazamias,1848
KB-63152,Karl Braun,1846
SB-201851,Sarah Brown,1844
RO-197802,Rose O'Brian,1842
EJ-41551,Eva Jacobs,1841
CB-20251,Cassandra Brandow,1841
PR-188804,Patrick Ryan,1841
AJ-109454,Ashley Jarboe,1839
KW-164353,Katrina Willman,1835
BN-15152,Bradley Nguyen,1834
AH-101952,Alan Haines,1833
EG-139004,Emily Grady,1833
HR-47701,Hallie Redmond,1833
TH-111002,Thea Hendricks,1832
PC-187454,Pamela Coakley,1832
DK-28351,Damala Kotsonis,1830
BD-13202,Bill Donatelli,1829
RH-96002,Rob Haberlin,1826
RB-195703,Rob Beeghly,1824
PJ-190154,Pauline Johnson,1823
DD-35701,Dorothy Dickinson,1823
NC-186254,Noah Childs,1822
RB-195701,Rob Beeghly,1822
JA-159703,Joseph Airdo,1820
DK-132252,Dean Katz,1819
JP-154603,Jennifer Patt,1818
Dl-36002,Dorris liebe,1815
ML-173951,Marina Lichtenstein,1814
TS-214303,Tom Stivers,1813
KM-163753,Katherine Murray,1813
TR-213252,Toby Ritter,1812
TC-115351,Tracy Collins,1810
PB-91051,Peter Bühler,1809
MZ-75153,Mary Zewe,1809
BB-109902,Barry Blumstein,1808
JM-152654,Janet Molinari,1804
CS-25051,Cindy Stewart,1804
JL-55052,Jeremy Lonsdale,1803
SM-203203,Sean Miller,1801
JB-159253,Joni Blumstein,1800
SS-104102,Shahid Shariari,1799
RW-196303,Rob Williams,1798
SC-207702,Stewart Carmichael,1797
SB-201702,Sarah Bern,1797
IL-151001,Ivan Liston,1797
KL-165551,Kelly Lampkin,1796
RB-196453,Robert Barroso,1796
RR-93152,Ralph Ritter,1795
AA-104804,Andrew Allen,1792
AJ-109603,Astrea Jones,1792
JB-154004,Jennifer Braxton,1791
BB-109903,Barry Blumstein,1790
LW-172153,Luke Weiss,1789
EB-141701,Evan Bailliet,1788
GB-145752,Giulietta Baptist,1786
MC-181003,Mick Crebagga,1781
LC-170501,Liz Carlisle,1780
LB-167352,Larry Blacks,1780
JK-153702,Jay Kimmel,1779
PJ-190151,Pauline Johnson,1779
TM-114902,Tony Molinari,1779
TC-214753,Tony Chapman,1776
SK-199901,Sally Knutson,1776
JE-57452,Joel Eaton,1776
SH-206353,Stefanie Holloman,1775
EM-40651,Erin Mull,1775
BD-17702,Bryan Davis,1775
TD-209951,Tamara Dahlen,1774
GR-145603,Georgia Rosenberg,1773
DP-133902,Dennis Pardue,1773
BM-11402,Becky Martin,1772
CC-121004,Chad Cunningham,1771
SS-208751,Sung Shariari,1769
SU-106651,Stephanie Ulpright,1766
HG-48451,Harry Greene,1765
PN-187753,Parhena Norris,1765
DK-33751,Dennis Kane,1764
TC-215352,Tracy Collins,1763
AP-107202,Anne Pryor,1763
JH-61801,Justin Hirsh,1762
DS-130304,Darrin Sayre,1762
TB-114001,Tom Boeckenhauer,1761
TH-111151,Thea Hudgings,1761
MF-182504,Monica Federle,1759
EM-40951,Eudokia Martin,1759
GP-147403,Guy Phonely,1759
DB-136603,Duane Benoit,1758
JF-54152,Jennifer Ferguson,1758
HP-148152,Harold Pawlan,1756
NC-183402,Nat Carroll,1754
KC-166751,Kimberly Carter,1752
CS-121752,Charles Sheldon,1748
MS-177703,Maxwell Schwartz,1747
JS-156852,Jim Sink,1746
AH-100304,Aaron Hawkins,1744
CS-24001,Christopher Schild,1742
LH-171554,Logan Haushalter,1740
CS-22502,Chris Selesnick,1739
BW-112004,Ben Wallace,1738
VT-217004,Valerie Takahito,1736
AH-101204,Adrian Hane,1736
MV-181904,Mike Vittorini,1736
MB-180852,Mick Brown,1735
JM-155354,Jessica Myrick,1733
NL-183102,Nancy Lomonaco,1732
MO-175001,Mary O'Rourke,1731
BE-114554,Brad Eason,1728
CW-119053,Carl Weiss,1721
KC-165402,Kelly Collister,1721
NW-184002,Natalie Webber,1720
KT-64801,Kean Thornton,1720
EL-37352,Ed Ludwig,1718
BE-14101,Bobby Elias,1718
MC-178452,Michael Chen,1717
KW-165702,Kelly Williams,1717
CM-18302,Cari MacIntyre,1716
EH-41852,Evan Henry,1714
AW-109303,Arthur Wiediger,1713
DB-134054,Denny Blanton,1712
LC-68851,Lena Creighton,1711
BT-115303,Bradley Talbott,1711
SN-207103,Steve Nguyen,1711
AJ-109601,Astrea Jones,1709
CS-24601,Chuck Sachs,1707
TZ-215804,Tracy Zic,1707
JP-161354,Julie Prescott,1706
AC-6151,Ann Chong,1706
TT-212651,Tim Taslimi,1706
BF-110201,Barry Französisch,1704
AR-8251,Anthony Rawles,1704
LD-68551,Lela Donovan,1703
CK-127603,Cyma Kinney,1700
AC-106153,Ann Chong,1699
AG-9001,Arthur Gainer,1698
BP-111554,Becky Pak,1698
MP-174701,Mark Packer,1697
JH-159102,Jonathan Howell,1697
DR-129403,Daniel Raglin,1696
LW-69902,Lindsay Williams,1696
JO-52801,Jas O'Carroll,1696
HG-149652,Henry Goldwyn,1695
MH-174553,Mark Hamilton,1691
CS-118453,Cari Sayre,1689
CC-125502,Clay Cheatham,1689
DK-129854,Darren Koutras,1687
LM-170652,Liz MacKendrick,1687
RA-199454,Ryan Akin,1686
KE-164204,Katrina Edelman,1686
EP-139153,Emily Phan,1686
MO-178004,Meg O'Connel,1686
KN-164502,Kean Nguyen,1685
MH-72901,Marc Harrigan,1684
AS-2402,Alan Shonely,1681
NS-185051,Neola Schneider,1681
JS-56852,Jim Sink,1681
CA-120554,Cathy Armstrong,1679
JD-61501,Justin Deggeller,1679
KM-167203,Kunst Miller,1678
BT-114853,Brad Thomas,1678
GT-147553,Guy Thornton,1678
PW-192403,Pierre Wener,1677
FM-42902,Frank Merwin,1676
CM-118154,Candace McMahon,1676
BS-17551,Bruce Stewart,1675
SC-206802,Steve Carroll,1673
BS-113802,Bill Stewart,1671
JP-154604,Jennifer Patt,1669
BF-110203,Barry Französisch,1668
JB-54001,Jennifer Braxton,1666
ME-177253,Max Engle,1666
SW-204551,Shaun Weien,1665
SG-204702,Sheri Gordon,1665
JF-52953,Jason Fortune-,1664
AG-102702,Alejandro Grove,1663
CC-22203,Chris Cortes,1662
CM-121154,Chad McGuire,1662
CC-124754,Cindy Chapman,1659
RH-195103,Rick Huthwaite,1654
EH-40052,Erica Hernandez,1654
BD-113203,Bill Donatelli,1652
PK-190753,Pete Kriz,1651
CM-127151,Craig Molinari,1650
CS-24902,Cindy Schnelling,1650
SC-104401,Shaun Chance,1648
SC-200202,Sam Craven,1645
EB-139754,Erica Bern,1644
EB-137051,Ed Braxton,1641
BW-110652,Barry Weirich,1640
AP-107204,Anne Pryor,1639
AO-108103,Anthony O'Donnell,1636
CA-127753,Cynthia Arntzen,1635
MA-179952,Michelle Arnett,1634
SC-206803,Steve Carroll,1634
PM-191353,Peter McVee,1632
DS-131802,David Smith,1632
CP-120852,Cathy Prescott,1632
JG-151601,James Galang,1631
BD-17701,Bryan Davis,1630
JC-161053,Julie Creighton,1628
CD-122803,Christina DeMoss,1628
CR-127302,Craig Reiter,1625
LP-70801,Liz Pelletier,1625
AZ-107504,Annie Zypern,1624
RF-197353,Roland Fjeld,1622
AG-102703,Alejandro Grove,1622
TB-214003,Tom Boeckenhauer,1622
MM-180553,Michelle Moray,1619
SC-102302,Scot Coram,1619
IG-50852,Ivan Gibson,1618
JH-59103,Jonathan Howell,1618
LM-70651,Liz MacKendrick,1616
KH-63601,Katherine Hughes,1616
AH-105852,Angele Hood,1615
NW-84003,Natalie Webber,1614
TS-116102,Troy Staebel,1614
LL-168403,Lauren Leatherbury,1613
BP-112303,Benjamin Patterson,1612
MS-177104,Maurice Satty,1611
TH-215502,Tracy Hopkins,1610
RC-99601,Ryan Crowe,1610
GB-145751,Giulietta Baptist,1609
AJ-7801,Anthony Jacobs,1608
SC-202602,Scott Cohen,1608
SF-109652,Sylvia Foulston,1608
AR-103453,Alex Russell,1607
MA-179953,Michelle Arnett,1607
SU-206653,Stephanie Ulpright,1607
HG-149653,Henry Goldwyn,1606
CS-121303,Chad Sievert,1603
TB-212504,Tim Brockman,1603
DB-136153,Doug Bickford,1602
CD-19201,Carlos Daly,1602
AM-3602,Alice McCarthy,1601
AW-109301,Arthur Wiediger,1601
CR-127304,Craig Reiter,1600
KH-166303,Ken Heidel,1597
AG-6752,Anna Gayman,1595
BT-14402,Bobby Trafton,1594
NR-85502,Nick Radford,1593
CA-119653,Carol Adams,1591
ML-182653,Muhammed Lee,1591
MY-73802,Maribeth Yedwab,1589
AH-101954,Alan Haines,1588
TB-214002,Tom Boeckenhauer,1587
DH-30751,Dave Hallsten,1587
SF-102002,Sarah Foster,1587
BF-112154,Benjamin Farhat,1586
AG-107651,Anthony Garverick,1586
SM-209501,Suzanne McNair,1585
KW-165703,Kelly Williams,1585
EM-39603,Eric Murdock,1585
AS-102853,Alejandro Savely,1584
CK-127604,Cyma Kinney,1583
BF-110803,Bart Folk,1583
MM-182801,Muhammed MacIntyre,1582
MC-181304,Mike Caudle,1582
BP-110502,Barry Pond,1581
RB-196452,Robert Barroso,1580
MH-77851,Maya Herman,1580
MG-178903,Michael Granlund,1579
SM-109051,Susan MacKendrick,1576
SF-200651,Sandra Flanagan,1574
RH-195553,Ritsa Hightower,1573
NC-186253,Noah Childs,1573
TT-110701,Ted Trevino,1572
JL-151754,James Lanier,1571
PH-87902,Patricia Hirasaki,1570
GB-145304,George Bell,1569
SU-106652,Stephanie Ulpright,1568
KB-163154,Karl Braun,1568
CC-22201,Chris Cortes,1568
BF-10801,Bart Folk,1568
SF-209653,Sylvia Foulston,1567
ON-187154,Odella Nelson,1567
MB-80852,Mick Brown,1566
MV-181903,Mike Vittorini,1564
MV-174854,Mark Van Huff,1561
TG-116402,Trudy Glocke,1561
Co-126402,Corey-Lock,1560
BO-14251,Bobby Odegard,1560
CS-122503,Chris Selesnick,1560
RM-197503,Roland Murray,1560
SS-208753,Sung Shariari,1559
MA-79951,Michelle Arnett,1558
NF-185952,Nicole Fjeld,1557
NW-184001,Natalie Webber,1550
ZD-219253,Zuschuss Donatelli,1550
LB-67952,Laurel Beltran,1550
DC-128503,Dan Campbell,1548
CC-126703,Craig Carreira,1548
MB-173054,Maria Bertelson,1547
MG-76952,Maureen Gnade,1547
JG-158053,John Grady,1544
KH-163302,Katharine Harms,1544
DK-28352,Damala Kotsonis,1542
AD-101803,Alan Dominguez,1541
NM-85201,Neoma Murray,1541
BD-116204,Brian DeCherney,1539
JR-157002,Jocasta Rupert,1538
EC-40501,Erin Creighton,1537
CH-120704,Cathy Hwang,1537
ER-138553,Elpida Rittenbach,1537
SV-203653,Seth Vernon,1537
JH-59851,Joseph Holt,1536
PF-91651,Philip Fox,1533
RM-93752,Raymond Messe,1532
BD-117254,Bruce Degenhardt,1527
TB-215952,Troy Blackwell,1526
BV-112454,Benjamin Venier,1522
ME-180101,Michelle Ellison,1520
KA-165254,Kelly Andreada,1520
RH-195102,Rick Huthwaite,1519
SL-101551,Sara Luxemburg,1516
AB-106004,Ann Blume,1515
CM-127153,Craig Molinari,1513
ML-80401,Michelle Lonsdale,1513
SC-203802,Shahid Collister,1512
EN-137801,Edward Nazzal,1511
GH-144853,Gene Hale,1509
MZ-175153,Mary Zewe,1508
JG-158054,John Grady,1507
LC-168852,Lena Creighton,1506
CS-124902,Cindy Schnelling,1506
DL-128654,Dan Lawera,1504
AA-6451,Anna Andreadi,1503
AS-100901,Adam Shillingsburg,1502
PG-88952,Paul Gonzalez,1500
BT-116802,Brian Thompson,1499
DB-133602,Dennis Bolton,1498
BN-14702,Brad Norvell,1498
VT-217002,Valerie Takahito,1496
ZD-219254,Zuschuss Donatelli,1494
SC-100501,Sample Company A,1493
LP-170952,Liz Preis,1493
MF-82502,Monica Federle,1492
DW-135852,Dorothy Wardle,1490
RB-197952,Ross Baird,1486
AB-601,Adam Bellavance,1483
JR-56701,Jim Radford,1480
DB-36602,Duane Benoit,1479
DC-28501,Dan Campbell,1476
AH-1201,Adrian Hane,1476
CM-121904,Charlotte Melton,1475
LD-168551,Lela Donovan,1475
EB-41101,Eugene Barchas,1475
CB-120252,Cassandra Brandow,1475
KH-65101,Keith Herrera,1473
RR-193153,Ralph Ritter,1472
SW-203502,Sean Wendt,1472
TB-210554,Ted Butterfield,1470
LE-168104,Laurel Elliston,1469
SP-206502,Stephanie Phelps,1468
EM-138102,Eleni McCrary,1467
CM-121153,Chad McGuire,1467
PN-187754,Parhena Norris,1467
RB-97053,Roger Barcio,1464
BE-114553,Brad Eason,1464
JD-60152,Joy Daniels,1464
VP-117602,Victoria Pisteka,1463
EB-39301,Eric Barreto,1462
TT-114602,Tonja Turnell,1462
GA-47251,Guy Armstrong,1462
VS-218202,Vivek Sundaresam,1462
SC-200203,Sam Craven,1462
AZ-7501,Annie Zypern,1461
BN-115154,Bradley Nguyen,1460
RS-198701,Roy Skaria,1460
RK-193004,Ralph Kennedy,1460
DL-133154,Delfina Latchford,1458
PB-191504,Philip Brown,1457
TH-112351,Tiffany House,1456
KH-66302,Ken Heidel,1456
AG-105254,Andy Gerbode,1455
AS-106302,Ann Steele,1455
RM-193754,Raymond Messe,1453
TB-115202,Tracy Blumstein,1451
JF-154153,Jennifer Ferguson,1450
RH-195101,Rick Huthwaite,1448
PC-187452,Pamela Coakley,1448
CM-118303,Cari MacIntyre,1447
SW-202453,Scot Wooten,1447
SC-103801,Shahid Collister,1446
AA-103151,Alex Avila,1445
EB-38402,Ellis Ballard,1444
DB-30602,Dave Brooks,1441
PK-189104,Paul Knutson,1441
KC-162552,Karen Carlisle,1439
JH-58202,John Huston,1438
SM-209502,Suzanne McNair,1437
AP-109152,Arthur Prichep,1435
JD-58951,Jonathan Doherty,1435
TD-209954,Tamara Dahlen,1435
KH-166302,Ken Heidel,1434
FH-143503,Fred Harton,1433
VP-217603,Victoria Pisteka,1432
MM-182803,Muhammed MacIntyre,1429
MB-180854,Mick Brown,1429
TT-212204,Thomas Thornton,1429
JF-151903,Jamie Frazer,1428
JW-160754,Julia West,1428
BD-15602,Brendan Dodson,1427
CA-123104,Christine Abelman,1423
RH-96001,Rob Haberlin,1421
MG-76802,Maureen Gastineau,1421
SW-102451,Scot Wooten,1420
RD-197204,Roger Demir,1420
DM-29553,Dario Medina,1420
NL-183104,Nancy Lomonaco,1420
BD-117252,Bruce Degenhardt,1418
JS-155954,Jill Stevenson,1418
CC-23701,Christopher Conant,1414
CS-124002,Christopher Schild,1413
SG-200802,Sandra Glassco,1412
RE-94501,Richard Eichhorn,1411
HF-49951,Herbert Flentye,1410
KH-165102,Keith Herrera,1409
KW-164351,Katrina Willman,1409
NB-185802,Nicole Brennan,1409
JR-57001,Jocasta Rupert,1409
SV-207853,Stewart Visinsky,1408
JD-157902,John Dryer,1408
FM-142902,Frank Merwin,1407
JL-58502,John Lucas,1405
PM-189404,Paul MacIntyre,1405
KL-65551,Kelly Lampkin,1401
CM-24452,Chuck Magee,1401
GA-147254,Guy Armstrong,1400
EG-39002,Emily Grady,1398
JC-57752,John Castell,1398
PK-189101,Paul Knutson,1397
CR-128204,Cyra Reiten,1397
NG-184304,Nathan Gelder,1397
CL-27001,Craig Leslie,1393
LC-168702,Lena Cacioppo,1392
CS-18452,Cari Sayre,1390
SH-199752,Sally Hughsby,1390
JE-154754,Jeremy Ellison,1388
PG-88202,Patrick Gardner,1387
TB-215954,Troy Blackwell,1387
AB-6001,Ann Blume,1384
CC-126702,Craig Carreira,1384
FG-142604,Frank Gastineau,1383
MC-74251,Mark Cousins,1381
CS-21751,Charles Sheldon,1380
SW-104551,Shaun Weien,1379
DM-135254,Don Miller,1378
ND-184601,Neil Ducich,1377
GB-45751,Giulietta Baptist,1372
HA-149202,Helen Andreada,1371
BM-15751,Brendan Murry,1368
MS-77102,Maurice Satty,1366
ME-77253,Max Engle,1366
DP-31651,David Philippe,1364
BN-115151,Bradley Nguyen,1364
HF-149953,Herbert Flentye,1363
GH-144854,Gene Hale,1362
LH-170202,Lisa Hazard,1361
IM-150552,Ionia McGrath,1357
MG-82051,Mitch Gastineau,1355
KM-63751,Katherine Murray,1355
EK-37952,Eileen Kiefer,1355
TT-210703,Ted Trevino,1354
CK-123252,Christine Kargatis,1353
LO-71701,Lori Olson,1349
RW-196302,Rob Williams,1349
SB-201704,Sarah Bern,1348
LM-170654,Liz MacKendrick,1347
BP-10952,Bart Pistole,1346
TP-114152,Tom Prescott,1344
BM-111402,Becky Martin,1344
AH-5852,Angele Hood,1343
TB-114002,Tom Boeckenhauer,1343
MG-176954,Maureen Gnade,1342
SJ-202154,Sarah Jordon,1341
KL-66451,Ken Lonsdale,1340
DW-34801,Dianna Wilson,1339
PS-89702,Paul Stevenson,1339
DC-128502,Dan Campbell,1339
BM-117854,Bryan Mills,1338
SR-204253,Sharelle Roach,1337
EA-140352,Erin Ashbrook,1337
KD-164953,Keith Dawkins,1336
BF-110054,Barry Franz,1336
SC-106951,Steve Chapman,1335
NM-184452,Nathan Mautz,1335
BH-17101,Brosina Hoffman,1333
IL-151002,Ivan Liston,1333
HR-148302,Harold Ryan,1333
SP-205453,Sibella Parks,1332
NP-87001,Nora Preis,1330
PL-189253,Paul Lucas,1329
SK-99902,Sally Knutson,1327
KF-162852,Karen Ferguson,1326
BN-14701,Brad Norvell,1325
MC-72751,Marc Crier,1324
SS-201404,Saphhira Shifley,1324
EM-140953,Eudokia Martin,1324
MT-180704,Michelle Tran,1321
DM-129554,Dario Medina,1321
SB-101701,Sarah Bern,1321
LS-69451,Linda Southworth,1321
LS-169453,Linda Southworth,1321
BS-113651,Bill Shonely,1321
RF-197352,Roland Fjeld,1320
SJ-205004,Shirley Jackson,1319
CM-21901,Charlotte Melton,1317
CC-121001,Chad Cunningham,1317
LC-168703,Lena Cacioppo,1317
PM-191352,Peter McVee,1315
MM-172604,Magdelene Morse,1315
TN-210402,Tanja Norvell,1313
JL-51301,Jack Lebron,1313
KH-63301,Katharine Harms,1311
MK-81601,Mike Kennedy,1310
LC-71401,Logan Currie,1309
PB-191502,Philip Brown,1308
ST-205302,Shui Tom,1308
TS-216553,Trudy Schmidt,1308
MK-81603,Mike Kennedy,1307
SP-205454,Sibella Parks,1306
NB-185801,Nicole Brennan,1306
NF-83853,Natalie Fritzler,1305
RM-96753,Robert Marley,1305
MC-175754,Matt Collins,1304
CM-21151,Chad McGuire,1304
ME-73202,Maria Etezadi,1302
EK-137954,Eileen Kiefer,1302
EM-40653,Erin Mull,1300
Co-126404,Corey-Lock,1300
HR-147704,Hallie Redmond,1299
DO-134354,Denny Ordway,1298
FA-142303,Frank Atkinson,1297
HH-50101,Hilary Holden,1296
RP-198553,Roy Phan,1294
FH-142753,Frank Hawley,1292
DM-133453,Denise Monton,1290
AZ-107502,Annie Zypern,1287
BB-115451,Brenda Bowman,1286
RD-198102,Ross DeVincentis,1286
GR-145604,Georgia Rosenberg,1285
CR-128202,Cyra Reiten,1284
CJ-120102,Caroline Jumper,1283
ME-173203,Maria Etezadi,1281
LT-67651,Larry Tron,1279
CS-118454,Cari Sayre,1279
PS-189704,Paul Stevenson,1278
KH-165103,Keith Herrera,1277
AJ-7951,Anthony Johnson,1276
SJ-102153,Sarah Jordon,1276
JG-51601,James Galang,1274
GM-146953,Greg Maxwell,1272
SV-208154,Stuart Van,1271
KT-164801,Kean Thornton,1271
DV-30451,Darrin Van Huff,1269
DE-132552,Deanra Eno,1269
BD-116052,Brian Dahlen,1268
BW-11103,Bart Watters,1268
CD-119203,Carlos Daly,1267
DO-136454,Doug O'Connell,1267
RM-196753,Robert Marley,1266
PA-190601,Pete Armstrong,1265
GW-46052,Giulietta Weimer,1265
TS-212052,Thomas Seio,1262
EM-41402,Eugene Moren,1262
CL-118904,Carl Ludwig,1262
LW-171254,Liz Willingham,1259
SW-204552,Shaun Weien,1259
ME-180104,Michelle Ellison,1257
DO-34352,Denny Ordway,1256
GM-145004,Gene McClure,1255
SC-206804,Steve Carroll,1255
MH-176204,Matt Hagelstein,1253
LW-171253,Liz Willingham,1252
RH-95102,Rick Huthwaite,1252
JL-158503,John Lucas,1251
AH-302,Aaron Hawkins,1248
DK-31502,David Kendrick,1246
ER-138554,Elpida Rittenbach,1245
JW-159554,Joni Wasserman,1245
TC-214754,Tony Chapman,1245
EH-39451,Eric Hoffmann,1244
JS-159403,Joni Sundaresam,1243
AR-3451,Alex Russell,1243
CM-127152,Craig Molinari,1243
KH-66903,Kristen Hastings,1241
MG-178754,Michael Grace,1241
MM-80552,Michelle Moray,1239
NP-187003,Nora Preis,1238
DA-34501,Dianna Arnett,1237
JG-153103,Jason Gross,1234
AB-101053,Adrian Barton,1234
MZ-75151,Mary Zewe,1234
AS-451,Aaron Smayling,1234
MS-73651,Maribeth Schnelling,1233
NP-186854,Nora Pelletier,1229
GH-144101,Gary Hansen,1228
RP-98552,Roy Phan,1226
MP-81752,Mike Pelletier,1225
HG-48452,Harry Greene,1223
SM-109502,Suzanne McNair,1223
KN-64501,Kean Nguyen,1221
PJ-188354,Patrick Jones,1220
EH-140054,Erica Hernandez,1220
DH-36753,Duane Huffman,1220
CR-26251,Corey Roper,1216
JL-151304,Jack Lebron,1215
NC-84152,Nathan Cano,1215
JP-55201,Jeremy Pistek,1213
JD-160601,Julia Dunbar,1212
AR-105103,Andrew Roberts,1210
LS-69453,Linda Southworth,1210
VM-118351,Vivian Mathis,1209
AJ-107951,Anthony Johnson,1209
MA-175601,Matt Abelman,1209
MH-181153,Mick Hernandez,1208
PJ-188353,Patrick Jones,1208
IM-50552,Ionia McGrath,1207
CK-122053,Chloris Kastensmidt,1207
CD-122804,Christina DeMoss,1206
JL-151301,Jack Lebron,1206
DW-135854,Dorothy Wardle,1205
SC-202603,Scott Cohen,1205
GB-145302,George Bell,1204
EJ-37201,Ed Jacobs,1204
MD-178604,Michael Dominguez,1203
MV-174853,Mark Van Huff,1202
DB-135552,Dorothy Badders,1202
DR-28802,Dan Reichenbach,1201
JM-155352,Jessica Myrick,1201
MY-173803,Maribeth Yedwab,1198
BF-109753,Barbara Fisher,1196
GP-47402,Guy Phonely,1196
RB-194652,Rick Bensley,1190
JD-60151,Joy Daniels,1188
DW-31952,David Wiener,1187
EB-141704,Evan Bailliet,1187
JL-52351,Janet Lee,1186
DM-35252,Don Miller,1183
BW-112002,Ben Wallace,1183
AR-104053,Allen Rosenblatt,1182
BP-112304,Benjamin Patterson,1181
DB-29102,Daniel Byrd,1180
FC-143353,Fred Chung,1180
JB-60452,Julia Barnett,1178
PS-87602,Pamela Stobb,1175
AC-106601,Anna Chung,1175
DC-132854,Debra Catini,1175
TS-113401,Toby Swindell,1173
JE-154752,Jeremy Ellison,1173
AT-104354,Alyssa Tate,1172
FP-143202,Frank Preis,1172
VG-217901,Vivek Gonzalez,1172
EM-39601,Eric Murdock,1171
CB-24152,Christy Brittain,1169
DB-130603,Dave Brooks,1169
TB-212802,Toby Braunhardt,1166
JM-56552,Jim Mitchum,1164
CR-126252,Corey Roper,1164
LT-171103,Liz Thompson,1163
ON-87152,Odella Nelson,1162
GM-145001,Gene McClure,1161
PC-87452,Pamela Coakley,1161
KB-162402,Karen Bern,1158
MT-78152,Meg Tillman,1157
JR-156704,Jim Radford,1157
DB-136604,Duane Benoit,1156
GZ-44703,Gary Zandusky,1154
AR-105401,Andy Reiter,1154
GG-146503,Greg Guthrie,1154
LW-169901,Lindsay Williams,1151
CG-125204,Claire Gute,1148
ZC-219103,Zuschuss Carroll,1148
TT-112201,Thomas Thornton,1146
BB-115453,Brenda Bowman,1146
JS-160302,Joy Smith,1146
JK-153701,Jay Kimmel,1145
KC-166754,Kimberly Carter,1145
DP-133903,Dennis Pardue,1141
DM-30152,Darrin Martin,1141
CW-119054,Carl Weiss,1138
YS-118802,Yana Sorensen,1138
NC-185351,Nick Crebassa,1137
RD-198104,Ross DeVincentis,1137
RD-97202,Roger Demir,1136
SG-206052,Speros Goranitis,1134
RW-195403,Rick Wilson,1134
BE-114103,Bobby Elias,1131
JS-156854,Jim Sink,1130
MH-180251,Michelle Huthwaite,1129
LP-170802,Liz Pelletier,1128
PW-190301,Pauline Webber,1126
AY-105553,Andy Yotov,1125
LS-169752,Lindsay Shagiari,1123
CC-123703,Christopher Conant,1122
DV-130454,Darrin Van Huff,1122
JS-60301,Joy Smith,1122
RE-194052,Ricardo Emerson,1122
EB-137501,Edward Becker,1120
LD-68552,Lela Donovan,1119
HR-148303,Harold Ryan,1117
PF-92252,Phillip Flathmann,1117
NR-185502,Nick Radford,1116
SD-104851,Shirley Daniels,1115
AB-101654,Alan Barnes,1114
GT-46351,Grant Thornton,1113
DP-31052,Dave Poirier,1113
RW-196903,Robert Waldorf,1113
DO-36452,Doug O'Connell,1112
CC-25502,Clay Cheatham,1112
SU-206652,Stephanie Ulpright,1111
AH-102101,Alan Hwang,1111
BO-14252,Bobby Odegard,1111
KB-63151,Karl Braun,1109
NC-185353,Nick Crebassa,1109
TS-215053,Tony Sayre,1109
VG-118052,Vivek Grady,1107
VD-116702,Valerie Dominguez,1107
DP-30001,Darren Powers,1107
JR-56702,Jim Radford,1106
JO-155501,Jesus Ocampo,1106
NK-184902,Neil Knudson,1104
EK-137951,Eileen Kiefer,1103
RW-96902,Robert Waldorf,1103
JS-155952,Jill Stevenson,1099
JB-60002,Joy Bell-,1098
RE-94052,Ricardo Emerson,1098
PW-92401,Pierre Wener,1097
VB-217453,Victoria Brennan,1097
JM-152652,Janet Molinari,1096
LC-69302,Linda Cazamias,1096
TM-214904,Tony Molinari,1095
BD-116353,Brian Derr,1093
JO-155504,Jesus Ocampo,1092
DR-28801,Dan Reichenbach,1091
CA-123101,Christine Abelman,1091
AG-7652,Anthony Garverick,1090
DB-129101,Daniel Byrd,1088
EH-41251,Eugene Hildebrand,1087
TS-211603,Theresa Swint,1086
SW-202454,Scot Wooten,1085
AA-4802,Andrew Allen,1085
NH-86103,Nicole Hansen,1085
RP-193902,Resi Pölking,1082
JF-154904,Jeremy Farry,1082
DB-133604,Dennis Bolton,1081
VM-218352,Vivian Mathis,1081
MY-82952,Muhammed Yedwab,1081
MJ-77401,Max Jones,1080
DB-29103,Daniel Byrd,1080
NS-86402,Noel Staavos,1079
DW-131954,David Wiener,1079
JK-60901,Juliana Krohn,1078
KB-62402,Karen Bern,1077
PO-88501,Patrick O'Brill,1076
CS-124904,Cindy Schnelling,1076
AR-5702,Anemone Ratner,1075
GT-147551,Guy Thornton,1073
MC-75902,Matt Collister,1073
RP-93902,Resi Pölking,1073
EB-138702,Emily Burns,1071
KF-162853,Karen Ferguson,1070
MA-75602,Matt Abelman,1070
GA-45152,George Ashbrook,1070
CM-126551,Corinna Mitchell,1068
GM-46802,Greg Matthias,1068
BD-115601,Brendan Dodson,1066
VS-118202,Vivek Sundaresam,1066
PC-190004,Pauline Chand,1062
DP-131654,David Philippe,1059
AR-3452,Alex Russell,1058
JC-153854,Jenna Caffey,1057
PO-191954,Phillina Ober,1057
VS-218204,Vivek Sundaresam,1057
HG-50251,Hunter Glantz,1057
AA-103754,Allen Armold,1056
AR-103454,Alex Russell,1056
MG-176503,Matthew Grinstein,1054
EH-39453,Eric Hoffmann,1053
DP-130004,Darren Powers,1051
LE-68101,Laurel Elliston,1050
JO-155503,Jesus Ocampo,1050
SJ-101251,Sanjit Jacobs,1050
DF-31351,David Flashing,1049
SF-102001,Sarah Foster,1049
RK-193002,Ralph Kennedy,1048
DJ-36302,Doug Jacobs,1048
HP-148151,Harold Pawlan,1045
AJ-9452,Ashley Jarboe,1045
SM-209054,Susan MacKendrick,1044
KD-166151,Ken Dana,1042
DH-136754,Duane Huffman,1042
EM-140954,Eudokia Martin,1041
LB-67353,Larry Blacks,1041
PC-90001,Pauline Chand,1040
DK-28952,Dana Kaydos,1039
TC-211454,Theresa Coyne,1038
TS-211602,Theresa Swint,1037
RP-92702,Rachel Payne,1037
SF-200653,Sandra Flanagan,1036
RA-99452,Ryan Akin,1034
SP-205452,Sibella Parks,1034
AC-104202,Alyssa Crouse,1033
SK-99901,Sally Knutson,1032
AS-102253,Alan Schoenberger,1031
DL-33152,Delfina Latchford,1031
MK-181604,Mike Kennedy,1031
VT-117002,Valerie Takahito,1030
SW-102752,Scott Williamson,1025
CD-127901,Cynthia Delaney,1025
TH-212354,Tiffany House,1024
PN-87751,Parhena Norris,1024
DD-135703,Dorothy Dickinson,1023
PW-192402,Pierre Wener,1023
KA-65252,Kelly Andreada,1022
CJ-18752,Carl Jackson,1020
SW-203504,Sean Wendt,1019
RH-196003,Rob Haberlin,1019
HK-48903,Heather Kirkland,1018
ZD-119251,Zuschuss Donatelli,1016
BS-16651,Brian Stugart,1016
JK-61203,Julie Kriz,1014
RA-99451,Ryan Akin,1012
JW-52202,Jane Waco,1011
LS-172004,Luke Schmidt,1009
BF-9751,Barbara Fisher,1009
JC-153851,Jenna Caffey,1008
RB-193304,Randy Bradley,1008
LS-172454,Lynn Smith,1007
BG-117404,Bruce Geld,1006
NH-86102,Nicole Hansen,1005
EC-140503,Erin Creighton,1003
CK-127601,Cyma Kinney,1002
CA-20551,Cathy Armstrong,1002
SM-203201,Sean Miller,1002
AD-101802,Alan Dominguez,1001
JK-152051,Jamie Kunitz,1000
JF-153553,Jay Fein,999
CD-19801,Carol Darley,996
JK-52052,Jamie Kunitz,996
VP-217304,Victor Preis,994
Dl-36001,Dorris liebe,993
SC-203053,Sean Christensen,991
DL-33303,Denise Leinenbach,989
SF-209651,Sylvia Foulston,988
CR-27301,Craig Reiter,986
BF-12752,Beth Fritzler,985
TD-209953,Tamara Dahlen,985
ML-82651,Muhammed Lee,984
KB-166004,Ken Brennan,984
KS-163003,Karen Seio,984
BP-110504,Barry Pond,983
MS-79802,Michael Stewart,983
JJ-57602,Joel Jenkins,980
Dp-132402,Dean percer,980
EH-139902,Erica Hackney,979
CM-26552,Corinna Mitchell,979
FM-143802,Fred McMath,977
EH-40051,Erica Hernandez,976
CM-123852,Christopher Martinez,975
DA-34502,Dianna Arnett,975
VW-217753,Victoria Wilson,975
TS-213404,Toby Swindell,974
GG-46502,Greg Guthrie,974
JS-58801,John Stevenson,973
RD-195853,Rob Dowd,973
EB-39302,Eric Barreto,972
RC-199603,Ryan Crowe,971
RD-199304,Russell D'Ascenzo,971
MD-173502,Maribeth Dona,970
AR-5701,Anemone Ratner,970
WB-218502,William Brown,969
LH-70201,Lisa Hazard,969
AB-101504,Aimee Bixby,969
SG-106051,Speros Goranitis,968
MM-79201,Michael Moore,968
RC-198254,Roy Collins,968
GH-44101,Gary Hansen,967
SS-208754,Sung Shariari,966
DM-30151,Darrin Martin,966
ES-40802,Erin Smith,965
RO-197803,Rose O'Brian,965
SG-108902,Susan Gilcrest,965
CS-24602,Chuck Sachs,964
MG-176953,Maureen Gnade,962
HA-49052,Helen Abelman,962
JD-58952,Jonathan Doherty,961
RS-97651,Roland Schwarz,960
ES-40801,Erin Smith,960
JD-57901,John Dryer,959
SP-206203,Stefania Perrino,959
JH-159104,Jonathan Howell,959
EH-137653,Edward Hooks,958
SW-107553,Steven Ward,958
DP-30003,Darren Powers,956
VS-218203,Vivek Sundaresam,956
TB-116251,Trudy Brown,956
JF-152954,Jason Fortune-,955
TH-211003,Thea Hendricks,955
RP-192704,Rachel Payne,955
RH-196002,Rob Haberlin,954
RF-97351,Roland Fjeld,951
BS-118004,Bryan Spruell,950
SM-200051,Sally Matthias,949
DN-36902,Duane Noonan,949
AB-102552,Alejandro Ballentine,949
PK-89101,Paul Knutson,948
AH-6901,Anna Häberlin,948
CK-22052,Chloris Kastensmidt,947
DS-30302,Darrin Sayre,947
RF-198404,Roy Französisch,947
FC-42451,Frank Carlisle,946
KB-164053,Katrina Bavinger,946
NP-183251,Naresj Patel,945
EB-139304,Eric Barreto,944
CC-22202,Chris Cortes,944
MP-81751,Mike Pelletier,944
EB-41102,Eugene Barchas,943
MH-81151,Mick Hernandez,942
AJ-7803,Anthony Jacobs,942
FM-42152,Filia McAdams,941
RW-196902,Robert Waldorf,941
KT-64651,Kean Takahito,939
CG-25202,Claire Gute,938
KD-64951,Keith Dawkins,938
ML-77551,Max Ludwig,937
BE-14551,Brad Eason,937
MF-176654,Maureen Fritzler,936
SB-101851,Sarah Brown,935
EM-139604,Eric Murdock,934
JW-152203,Jane Waco,933
LO-71702,Lori Olson,933
JD-160152,Joy Daniels,932
NF-85952,Nicole Fjeld,931
AJ-107953,Anthony Johnson,930
FO-143053,Frank Olsen,929
JL-55051,Jeremy Lonsdale,927
LC-68702,Lena Cacioppo,926
AC-104204,Alyssa Crouse,926
DL-28651,Dan Lawera,926
KB-165853,Ken Black,926
DP-131052,Dave Poirier,926
BD-116053,Brian Dahlen,926
VW-117751,Victoria Wilson,925
CS-23551,Christine Sundaresam,925
EH-141854,Evan Henry,925
MO-175004,Mary O'Rourke,922
CW-19051,Carl Weiss,922
LC-71402,Logan Currie,922
JH-58201,John Huston,920
NP-86702,Nora Paige,919
BT-13051,Beth Thompson,916
DK-130903,Dave Kipp,916
LS-72451,Lynn Smith,915
AB-102554,Alejandro Ballentine,914
FC-143352,Fred Chung,914
CD-27901,Cynthia Delaney,910
KM-166603,Khloe Miller,909
KB-164054,Katrina Bavinger,909
CP-23402,Christine Phan,909
JJ-57601,Joel Jenkins,908
TC-211452,Theresa Coyne,907
SL-101553,Sara Luxemburg,906
CG-120404,Catherine Glotzbach,906
TH-211152,Thea Hudgings,903
SC-205754,Sonia Cooley,902
AF-8703,Art Ferguson,901
JB-159254,Joni Blumstein,901
NS-85051,Neola Schneider,901
BP-110951,Bart Pistole,900
RM-196751,Robert Marley,898
CV-22952,Christina VanderZanden,896
LW-72151,Luke Weiss,896
JK-161202,Julie Kriz,894
JC-53851,Jenna Caffey,893
LS-172452,Lynn Smith,893
AI-8552,Arianne Irving,891
HJ-48752,Heather Jas,890
RD-194801,Rick Duston,890
AH-5851,Angele Hood,889
CC-24302,Chuck Clark,889
SF-209652,Sylvia Foulston,888
HZ-149504,Henia Zydlo,887
MS-75302,MaryBeth Skach,887
AB-100154,Aaron Bergman,887
JO-152802,Jas O'Carroll,886
RC-199604,Ryan Crowe,886
CP-20852,Cathy Prescott,885
CS-121304,Chad Sievert,885
SS-105901,Sonia Sunley,884
HE-148004,Harold Engle,884
SK-199904,Sally Knutson,884
MG-176803,Maureen Gastineau,884
KM-62252,Kalyca Meade,884
JP-55203,Jeremy Pistek,881
EM-40953,Eudokia Martin,881
RW-95402,Rick Wilson,878
DM-29551,Dario Medina,878
RE-194504,Richard Eichhorn,878
NP-187001,Nora Preis,877
CS-21303,Chad Sievert,877
RM-97502,Roland Murray,876
JK-61202,Julie Kriz,875
SB-201703,Sarah Bern,874
JA-59701,Joseph Airdo,872
EB-41701,Evan Bailliet,872
CC-26702,Craig Carreira,870
AH-6902,Anna Häberlin,869
RE-94051,Ricardo Emerson,868
KB-62401,Karen Bern,868
SF-109651,Sylvia Foulston,868
AM-7051,Anne McFarland,867
AG-3001,Aleksandra Gannaway,866
JM-156554,Jim Mitchum,865
EM-38102,Eleni McCrary,865
KH-163602,Katherine Hughes,864
JR-157004,Jocasta Rupert,864
PM-89401,Paul MacIntyre,863
HE-48002,Harold Engle,863
AF-108854,Art Foster,862
EH-139903,Erica Hackney,862
CS-18601,Cari Schnelling,861
JK-53702,Jay Kimmel,861
SV-108151,Stuart Van,858
GT-47102,Greg Tran,858
JS-158803,John Stevenson,858
JC-161054,Julie Creighton,858
SC-103052,Sean Christensen,857
MS-179804,Michael Stewart,855
TB-116252,Trudy Brown,854
VM-218351,Vivian Mathis,851
BP-11553,Becky Pak,850
BP-11852,Ben Peterman,850
CC-122201,Chris Cortes,850
CS-118452,Cari Sayre,850
JP-161353,Julie Prescott,849
AC-4202,Alyssa Crouse,849
PF-91203,Peter Fuller,847
VF-217154,Vicky Freymann,847
VG-217904,Vivek Gonzalez,846
JS-155953,Jill Stevenson,845
CS-121754,Charles Sheldon,844
NP-186852,Nora Pelletier,843
LH-167502,Larry Hughes,842
AC-4201,Alyssa Crouse,841
DB-35552,Dorothy Badders,840
NF-184753,Neil Französisch,839
HE-148001,Harold Engle,837
JG-51151,Jack Garza,836
JG-53101,Jason Gross,836
AG-3002,Aleksandra Gannaway,835
BM-116501,Brian Moss,835
AS-106304,Ann Steele,835
TB-213554,Todd Boyes,834
NC-184151,Nathan Cano,833
CH-120703,Cathy Hwang,832
LA-167803,Laura Armstrong,832
BT-15302,Bradley Talbott,832
AB-1653,Alan Barnes,828
EH-139904,Erica Hackney,827
SW-104552,Shaun Weien,827
DH-136753,Duane Huffman,822
TC-114752,Tony Chapman,822
DK-32251,Dean Katz,822
SC-100502,Sample Company A,819
TB-211904,Thomas Brumley,816
LH-69001,Lena Hernandez,815
BO-113502,Bill Overfelt,815
AM-103604,Alice McCarthy,813
KD-62701,Karen Daniels,813
LR-70352,Lisa Ryan,813
GH-44253,Gary Hwang,812
BM-115754,Brendan Murry,809
DB-129701,Darren Budd,808
BS-13651,Bill Shonely,807
SC-107252,Steven Cartwright,807
PT-90901,Pete Takahito,804
PK-189102,Paul Knutson,802
AY-105551,Andy Yotov,802
AG-5251,Andy Gerbode,802
ME-177252,Max Engle,801
BP-111551,Becky Pak,801
NF-85951,Nicole Fjeld,801
VM-116852,Valerie Mitchum,801
DK-131504,David Kendrick,798
FM-143803,Fred McMath,796
KT-164652,Kean Takahito,796
MC-176354,Matthew Clasen,795
FM-43802,Fred McMath,795
TB-212801,Toby Braunhardt,795
SB-202903,Sean Braxton,793
TB-213552,Todd Boyes,792
EJ-41552,Eva Jacobs,792
DB-29101,Daniel Byrd,792
BF-112754,Beth Fritzler,791
JH-54301,Jennifer Halladay,790
ES-40203,Erica Smith,790
MC-181301,Mike Caudle,790
BF-10202,Barry Französisch,789
SG-100801,Sandra Glassco,788
JB-60001,Joy Bell-,786
HG-148454,Harry Greene,785
TW-210253,Tamara Willingham,785
HM-48602,Harry Marie,784
BS-15902,Brendan Sweed,784
NC-85351,Nick Crebassa,782
CC-26101,Corey Catlett,782
KL-65552,Kelly Lampkin,781
JF-54902,Jeremy Farry,779
SW-107552,Steven Ward,779
AS-100453,Aaron Smayling,779
PG-188202,Patrick Gardner,779
RC-198251,Roy Collins,778
ST-105301,Shui Tom,777
MG-178904,Michael Granlund,777
MM-182804,Muhammed MacIntyre,774
JM-55352,Jessica Myrick,774
AG-6751,Anna Gayman,774
BN-15151,Bradley Nguyen,773
JS-58802,John Stevenson,772
AG-7651,Anthony Garverick,769
LP-70953,Liz Preis,769
EB-37502,Edward Becker,766
EC-40502,Erin Creighton,765
SF-200654,Sandra Flanagan,764
DW-35403,Don Weiss,763
DM-35253,Don Miller,763
CJ-118752,Carl Jackson,761
MC-75751,Matt Collins,761
SV-103651,Seth Vernon,761
CS-18602,Cari Schnelling,760
SW-207554,Steven Ward,759
LP-170804,Liz Pelletier,757
SZ-100352,Sam Zeldin,756
Dl-136004,Dorris liebe,756
DW-131952,David Wiener,756
JO-155502,Jesus Ocampo,756
NF-84751,Neil Französisch,755
GB-145303,George Bell,755
JS-59401,Joni Sundaresam,755
Co-26401,Corey-Lock,755
SC-108452,Sung Chung,754
FC-142452,Frank Carlisle,752
FP-143203,Frank Preis,751
RD-196603,Robert Dilbeck,751
JE-156102,Jim Epp,750
TP-111301,Theone Pippenger,748
AT-4352,Alyssa Tate,748
PM-91351,Peter McVee,746
IG-150854,Ivan Gibson,744
CB-120253,Cassandra Brandow,744
BB-109904,Barry Blumstein,744
SW-103501,Sean Wendt,743
LB-67351,Larry Blacks,743
CA-27752,Cynthia Arntzen,743
ML-180404,Michelle Lonsdale,742
AM-107053,Anne McFarland,742
AZ-107501,Annie Zypern,742
TC-215354,Tracy Collins,742
CA-27751,Cynthia Arntzen,742
PB-188054,Patrick Bzostek,741
EM-141402,Eugene Moren,741
RH-195554,Ritsa Hightower,740
HM-149804,Henry MacAllister,738
AH-105854,Angele Hood,738
DN-36901,Duane Noonan,735
ES-40202,Erica Smith,735
GT-47553,Guy Thornton,734
JE-54752,Jeremy Ellison,734
MD-73501,Maribeth Dona,732
HW-49352,Helen Wasserman,732
MH-176201,Matt Hagelstein,732
SP-109202,Susan Pistek,731
JL-58351,John Lee,731
TB-212501,Tim Brockman,730
PA-190604,Pete Armstrong,730
PH-187904,Patricia Hirasaki,730
SN-105601,Skye Norling,729
NG-84302,Nathan Gelder,728
DB-36601,Duane Benoit,728
PO-91803,Philisse Overcash,727
RA-199451,Ryan Akin,726
LC-71403,Logan Currie,725
CL-125651,Clay Ludtke,724
BF-9752,Barbara Fisher,722
SC-100951,Sanjit Chand,717
JM-55801,Jill Matthias,715
DL-33151,Delfina Latchford,715
DP-33901,Dennis Pardue,714
PF-91201,Peter Fuller,714
MO-79501,Michael Oakman,712
MK-79053,Michael Kennedy,712
TB-115952,Troy Blackwell,712
JJ-154454,Jennifer Jackson,710
AH-106903,Anna Häberlin,710
TB-112801,Toby Braunhardt,710
JF-54901,Jeremy Farry,709
RM-93751,Raymond Messe,709
JM-52651,Janet Molinari,708
ND-84603,Neil Ducich,708
XP-118652,Xylona Preis,708
JM-152503,Janet Martin,708
TB-211903,Thomas Brumley,706
BE-13351,Bill Eplett,705
RD-95852,Rob Dowd,704
RR-95252,Rick Reed,702
SO-103352,Sean O'Donnell,701
CC-24752,Cindy Chapman,701
BF-10051,Barry Franz,699
KC-62551,Karen Carlisle,698
JM-58651,John Murray,697
JK-156252,Jim Karlsson,697
GH-46653,Greg Hansen,696
JD-160604,Julia Dunbar,696
AC-104503,Amy Cox,694
NS-86401,Noel Staavos,694
JL-51751,James Lanier,691
TB-111902,Thomas Brumley,691
DS-30301,Darrin Sayre,691
LH-169002,Lena Hernandez,689
PB-191054,Peter Bühler,689
HF-49952,Herbert Flentye,689
RF-93451,Randy Ferguson,688
MM-80551,Michelle Moray,686
IL-51002,Ivan Liston,685
BV-12451,Benjamin Venier,685
EH-139454,Eric Hoffmann,684
PM-91352,Peter McVee,684
FW-43951,Fred Wasserman,683
JW-159553,Joni Wasserman,683
PO-191802,Philisse Overcash,682
RL-196152,Rob Lucas,682
JF-52951,Jason Fortune-,681
TT-112202,Thomas Thornton,681
MH-76203,Matt Hagelstein,678
TS-110851,Thais Sissman,677
NF-84752,Neil Französisch,676
TR-213254,Toby Ritter,676
RR-95251,Rick Reed,675
MW-82351,Mitch Willingham,675
MS-79801,Michael Stewart,673
AZ-7503,Annie Zypern,672
AF-8701,Art Ferguson,672
BP-110501,Barry Pond,671
CC-21451,Charles Crestani,671
AC-4501,Amy Cox,670
CV-122952,Christina VanderZanden,670
AD-1802,Alan Dominguez,669
TS-110853,Thais Sissman,669
AB-101653,Alan Barnes,668
EN-137803,Edward Nazzal,668
JL-51302,Jack Lebron,666
JM-61952,Justin MacKendrick,666
SG-104701,Sheri Gordon,666
MM-82801,Muhammed MacIntyre,664
LW-71252,Liz Willingham,664
EM-42002,Evan Minnotte,663
AG-103304,Alex Grayson,662
JL-51752,James Lanier,662
MB-73052,Maria Bertelson,662
BG-116952,Brooke Gillingham,662
DB-32701,Deborah Brumfield,662
JB-59252,Joni Blumstein,662
NP-186701,Nora Paige,660
AY-5551,Andy Yotov,660
LS-72302,Lycoris Saunders,660
BK-112604,Berenike Kampe,659
MC-81001,Mick Crebagga,659
BD-117704,Bryan Davis,658
CC-26701,Craig Carreira,658
SH-106351,Stefanie Holloman,658
AC-106604,Anna Chung,658
FP-43202,Frank Preis,656
DL-34951,Dionis Lloyd,655
GD-45902,Giulietta Dortch,655
ND-183701,Natalie DeCherney,652
DK-132251,Dean Katz,652
JO-51452,Jack O'Briant,650
GK-46201,Grace Kelly,649
AW-108404,Anthony Witt,649
TS-111601,Theresa Swint,646
LH-167501,Larry Hughes,646
GH-44102,Gary Hansen,644
JW-60751,Julia West,644
LO-171704,Lori Olson,644
JB-160004,Joy Bell-,644
FA-42302,Frank Atkinson,643
SW-203503,Sean Wendt,642
BP-12302,Benjamin Patterson,642
CD-119804,Carol Darley,641
MR-175454,Mathew Reese,640
EB-39752,Erica Bern,640
TC-114753,Tony Chapman,639
EM-41401,Eugene Moren,639
CD-22802,Christina DeMoss,638
BF-11702,Ben Ferrer,637
MV-74851,Mark Van Huff,636
EH-39901,Erica Hackney,635
SC-200953,Sanjit Chand,635
MC-76351,Matthew Clasen,634
ML-180403,Michelle Lonsdale,633
NB-85801,Nicole Brennan,633
AR-108251,Anthony Rawles,633
AA-103153,Alex Avila,633
SC-102601,Scott Cohen,633
TS-210851,Thais Sissman,632
SC-204402,Shaun Chance,631
DB-30601,Dave Brooks,631
CM-27151,Craig Molinari,629
AJ-109604,Astrea Jones,629
LM-170653,Liz MacKendrick,628
GM-45002,Gene McClure,628
JK-61201,Julie Kriz,625
BM-115752,Brendan Murry,625
JO-151453,Jack O'Briant,624
MH-80253,Michelle Huthwaite,623
PJ-90151,Pauline Johnson,623
JK-52051,Jamie Kunitz,621
PB-88052,Patrick Bzostek,620
JR-62101,Justin Ritter,617
MD-73503,Maribeth Dona,616
BE-13352,Bill Eplett,615
RR-193154,Ralph Ritter,615
JE-56101,Jim Epp,613
SC-108451,Sung Chung,613
SS-205154,Shirley Schmidt,613
SW-107551,Steven Ward,610
RD-94801,Rick Duston,609
MC-78452,Michael Chen,608
KB-66001,Ken Brennan,608
JS-55953,Jill Stevenson,608
KH-63602,Katherine Hughes,608
HP-48151,Harold Pawlan,608
TP-114151,Tom Prescott,605
BT-114404,Bobby Trafton,605
EH-37651,Edward Hooks,605
CM-21152,Chad McGuire,604
CS-121753,Charles Sheldon,602
EB-141103,Eugene Barchas,601
AJ-107803,Anthony Jacobs,601
MH-174403,Mark Haberlin,601
BF-109754,Barbara Fisher,600
CR-28201,Cyra Reiten,600
CA-20552,Cathy Armstrong,600
JL-58501,John Lucas,599
BT-15303,Bradley Talbott,599
KB-166002,Ken Brennan,598
GM-44401,Gary McGarr,596
FC-42452,Frank Carlisle,594
MZ-173354,Maria Zettner,594
AC-6152,Ann Chong,593
BD-16351,Brian Derr,592
TB-211902,Thomas Brumley,591
TD-109953,Tamara Dahlen,589
HP-48152,Harold Pawlan,588
CR-28202,Cyra Reiten,588
TC-109801,Tamara Chand,587
PM-89402,Paul MacIntyre,587
NP-83253,Naresj Patel,587
NF-84753,Neil Französisch,587
AS-102404,Alan Shonely,586
DK-32252,Dean Katz,585
RH-95101,Rick Huthwaite,585
SF-100651,Sandra Flanagan,585
DL-133304,Denise Leinenbach,585
TS-112051,Thomas Seio,584
BD-116354,Brian Derr,583
LC-69602,Lindsay Castell,583
PJ-88351,Patrick Jones,581
BP-11851,Ben Peterman,580
MO-75001,Mary O'Rourke,580
AP-7202,Anne Pryor,576
JF-53551,Jay Fein,575
PW-90302,Pauline Webber,574
DC-32851,Debra Catini,574
KE-64201,Katrina Edelman,573
TP-115652,Tracy Poddar,573
RH-196001,Rob Haberlin,572
KM-63753,Katherine Murray,572
HA-49202,Helen Andreada,571
HZ-149503,Henia Zydlo,571
DP-33903,Dennis Pardue,571
TG-113103,Toby Gnade,571
NK-184904,Neil Knudson,571
JG-151151,Jack Garza,570
LL-68402,Lauren Leatherbury,570
MS-75301,MaryBeth Skach,569
TC-112952,Toby Carlisle,569
CS-123552,Christine Sundaresam,568
AH-105853,Angele Hood,567
CD-22801,Christina DeMoss,566
JL-52352,Janet Lee,566
CM-119354,Carlos Meador,565
RS-97652,Roland Schwarz,565
NC-185352,Nick Crebassa,565
RS-98702,Roy Skaria,565
GW-46051,Giulietta Weimer,565
DC-28503,Dan Campbell,564
IM-150553,Ionia McGrath,564
PW-192401,Pierre Wener,563
KH-163303,Katharine Harms,563
EH-139451,Eric Hoffmann,562
AA-103752,Allen Armold,560
LA-67801,Laura Armstrong,559
MA-75601,Matt Abelman,559
AH-101201,Adrian Hane,558
EN-37802,Edward Nazzal,557
MG-76951,Maureen Gnade,557
EB-139303,Eric Barreto,557
AJ-9602,Astrea Jones,556
JE-157153,Joe Elijah,556
CM-23851,Christopher Martinez,553
ML-73952,Marina Lichtenstein,553
CS-24002,Christopher Schild,552
NP-87002,Nora Preis,552
CS-124604,Chuck Sachs,551
MV-81902,Mike Vittorini,551
DD-135701,Dorothy Dickinson,551
CC-122203,Chris Cortes,550
LW-68252,Laurel Workman,550
KW-65701,Kelly Williams,549
KN-167052,Kristina Nunn,548
DB-34051,Denny Blanton,548
KN-64502,Kean Nguyen,548
CK-25952,Clytie Kelty,547
BG-17402,Bruce Geld,547
RW-96301,Rob Williams,546
TZ-215801,Tracy Zic,545
KT-64653,Kean Takahito,545
VF-117151,Vicky Freymann,543
BT-116803,Brian Thompson,543
BT-14401,Bobby Trafton,541
JE-156103,Jim Epp,540
AT-4351,Alyssa Tate,540
AH-4651,Amy Hunt,540
MK-181603,Mike Kennedy,539
JJ-54452,Jennifer Jackson,539
JH-59852,Joseph Holt,538
CS-118604,Cari Schnelling,538
FW-43952,Fred Wasserman,537
EJ-137202,Ed Jacobs,537
JM-61951,Justin MacKendrick,535
JL-155051,Jeremy Lonsdale,534
PK-90751,Pete Kriz,533
PP-189553,Paul Prost,533
CS-19501,Carlos Soltero,533
PS-87601,Pamela Stobb,531
NP-83252,Naresj Patel,531
KB-66003,Ken Brennan,531
LW-171251,Liz Willingham,529
JH-158204,John Huston,529
TB-111751,Thomas Boland,528
RB-195704,Rob Beeghly,528
CH-20701,Cathy Hwang,528
MC-174252,Mark Cousins,526
DW-131953,David Wiener,526
EJ-37202,Ed Jacobs,525
TS-114301,Tom Stivers,523
GM-46801,Greg Matthias,522
LE-168103,Laurel Elliston,521
SH-99751,Sally Hughsby,520
CC-24753,Cindy Chapman,519
AP-9152,Arthur Prichep,517
PR-88801,Patrick Ryan,517
KD-64952,Keith Dawkins,517
CW-19052,Carl Weiss,514
ME-77251,Max Engle,514
AG-3301,Alex Grayson,513
JE-161653,Justin Ellison,513
CC-21001,Chad Cunningham,513
TP-111302,Theone Pippenger,513
SN-107102,Steve Nguyen,510
PW-90301,Pauline Webber,509
CC-21002,Chad Cunningham,507
BB-9901,Barry Blumstein,507
JB-54002,Jennifer Braxton,506
DD-35702,Dorothy Dickinson,506
LS-72301,Lycoris Saunders,505
SA-108301,Sue Ann Reed,505
TP-214152,Tom Prescott,504
CS-125052,Cindy Stewart,503
JP-54602,Jennifer Patt,503
SP-108601,Sung Pak,503
SW-103502,Sean Wendt,501
PN-87752,Parhena Norris,499
JE-57451,Joel Eaton,499
PL-89252,Paul Lucas,498
JM-58653,John Murray,498
ML-73951,Marina Lichtenstein,497
AY-105554,Andy Yotov,496
AA-4801,Andrew Allen,496
SV-103652,Seth Vernon,496
RP-192703,Rachel Payne,495
JC-157753,John Castell,495
PS-90452,Penelope Sewall,489
SS-108751,Sung Shariari,489
JF-153551,Jay Fein,488
AG-2703,Alejandro Grove,486
CC-21452,Charles Crestani,486
TS-111602,Theresa Swint,484
CG-20402,Catherine Glotzbach,483
GR-45602,Georgia Rosenberg,483
RO-97802,Rose O'Brian,482
BT-16801,Brian Thompson,482
PG-88951,Paul Gonzalez,482
AA-4803,Andrew Allen,482
SW-102452,Scot Wooten,482
AG-4953,Andrew Gjertsen,482
BD-16052,Brian Dahlen,481
SS-208752,Sung Shariari,481
MC-75901,Matt Collister,481
MC-81302,Mike Caudle,480
LC-169603,Lindsay Castell,478
DL-29252,Daniel Lacy,478
JL-155052,Jeremy Lonsdale,477
BO-13501,Bill Overfelt,477
PF-91652,Philip Fox,476
MS-175304,MaryBeth Skach,476
DH-30752,Dave Hallsten,476
CR-126254,Corey Roper,475
GM-46951,Greg Maxwell,474
JS-159404,Joni Sundaresam,471
JE-154753,Jeremy Ellison,471
NC-85352,Nick Crebassa,469
TG-116401,Trudy Glocke,469
LW-168253,Laurel Workman,469
AG-4951,Andrew Gjertsen,469
RS-98701,Roy Skaria,467
JM-52502,Janet Martin,467
CS-21301,Chad Sievert,466
AA-6452,Anna Andreadi,465
DB-31202,David Bremer,465
ER-38551,Elpida Rittenbach,464
CD-127903,Cynthia Delaney,463
RB-193603,Raymond Buch,463
EC-140504,Erin Creighton,462
PG-88201,Patrick Gardner,459
PK-90752,Pete Kriz,459
SG-108901,Susan Gilcrest,459
MH-74551,Mark Hamilton,457
KL-166453,Ken Lonsdale,457
LW-169903,Lindsay Williams,456
NL-183103,Nancy Lomonaco,455
KM-166604,Khloe Miller,454
SJ-105001,Shirley Jackson,454
HL-50402,Hunter Lopez,452
MH-80251,Michelle Huthwaite,451
HJ-148753,Heather Jas,451
LS-69752,Lindsay Shagiari,451
GH-44852,Gene Hale,449
KW-165704,Kelly Williams,449
GB-45752,Giulietta Baptist,449
DM-130153,Darrin Martin,448
TC-114751,Tony Chapman,448
TB-112802,Toby Braunhardt,448
PA-90602,Pete Armstrong,448
HW-49351,Helen Wasserman,443
KN-167053,Kristina Nunn,441
SN-105602,Skye Norling,441
DC-132851,Debra Catini,440
TT-212654,Tim Taslimi,439
AS-901,Adam Shillingsburg,436
DW-35851,Dorothy Wardle,435
AM-3601,Alice McCarthy,435
CA-19651,Carol Adams,435
TZ-114453,Tom Zandusky,434
LH-67502,Larry Hughes,433
ST-205304,Shui Tom,432
EK-137953,Eileen Kiefer,432
JB-154001,Jennifer Braxton,432
JS-60302,Joy Smith,431
SP-106501,Stephanie Phelps,431
NG-84301,Nathan Gelder,430
BD-16201,Brian DeCherney,429
AB-101501,Aimee Bixby,429
SC-100202,Sam Craven,428
DW-35402,Don Weiss,428
VG-218054,Vivek Grady,427
JC-53401,Jasper Cacioppo,427
KW-64351,Katrina Willman,427
AR-4052,Allen Rosenblatt,426
SJ-201251,Sanjit Jacobs,425
FC-43352,Fred Chung,425
JM-52652,Janet Molinari,424
CT-19951,Carol Triggs,424
TB-111901,Thomas Brumley,424
AP-7201,Anne Pryor,423
EB-37052,Ed Braxton,422
HG-50252,Hunter Glantz,420
EB-141702,Evan Bailliet,419
LR-69152,Lena Radford,419
SP-105451,Sibella Parks,419
ME-73201,Maria Etezadi,419
SS-205904,Sonia Sunley,418
RB-94651,Rick Bensley,418
TC-111451,Theresa Coyne,417
PO-91801,Philisse Overcash,416
TB-112803,Toby Braunhardt,415
BT-114854,Brad Thomas,415
BP-10951,Bart Pistole,414
AG-3901,Allen Goldenen,414
CA-23102,Christine Abelman,414
AW-9301,Arthur Wiediger,413
BG-16951,Brooke Gillingham,413
DV-134652,Dianna Vittorini,412
CM-26551,Corinna Mitchell,412
AM-7053,Anne McFarland,411
CJ-18751,Carl Jackson,411
BW-11101,Bart Watters,411
AB-1652,Alan Barnes,411
JF-55652,Jill Fjeld,410
SZ-100351,Sam Zeldin,409
SC-208003,Stuart Calhoun,408
PH-187902,Patricia Hirasaki,408
BF-112751,Beth Fritzler,407
KA-65251,Kelly Andreada,407
YC-218953,Yoseph Carroll,406
EH-37652,Edward Hooks,405
TC-115352,Tracy Collins,405
KH-66901,Kristen Hastings,405
LW-172152,Luke Weiss,404
ML-177553,Max Ludwig,404
PO-91953,Phillina Ober,403
NG-83552,Nat Gilpin,403
BE-14552,Brad Eason,403
NF-83852,Natalie Fritzler,402
MH-174404,Mark Haberlin,400
RF-98402,Roy Französisch,400
KT-64802,Kean Thornton,400
BF-12151,Benjamin Farhat,399
RD-199302,Russell D'Ascenzo,399
VB-117452,Victoria Brennan,397
MW-82352,Mitch Willingham,397
CR-125803,Clay Rozendal,397
TS-116101,Troy Staebel,397
EB-41702,Evan Bailliet,396
KC-62552,Karen Carlisle,395
PB-91501,Philip Brown,393
CG-120403,Catherine Glotzbach,393
AT-7352,Annie Thurman,393
NB-186553,Nona Balk,392
CM-18151,Candace McMahon,392
BT-13052,Beth Thompson,391
CV-22951,Christina VanderZanden,387
BW-110654,Barry Weirich,386
JD-160154,Joy Daniels,386
VB-117451,Victoria Brennan,386
AO-8102,Anthony O'Donnell,386
JK-153254,Jason Klamczynski,384
MC-78451,Michael Chen,384
RK-93001,Ralph Kennedy,383
MM-79202,Michael Moore,382
Dp-32401,Dean percer,382
VM-218354,Vivian Mathis,381
CS-23552,Christine Sundaresam,381
LT-71102,Liz Thompson,379
AS-452,Aaron Smayling,379
NF-184754,Neil Französisch,377
AB-106003,Ann Blume,377
GB-45301,George Bell,375
JD-58953,Jonathan Doherty,375
CR-27302,Craig Reiter,374
CG-120402,Catherine Glotzbach,373
KC-66752,Kimberly Carter,373
SS-105151,Shirley Schmidt,373
MH-76201,Matt Hagelstein,372
AR-5101,Andrew Roberts,371
AW-9302,Arthur Wiediger,370
MS-178304,Melanie Seite,370
DB-32101,Dean Braden,370
IL-51001,Ivan Liston,368
LS-172304,Lycoris Saunders,368
AG-103004,Aleksandra Gannaway,367
RB-197052,Roger Barcio,367
ES-40201,Erica Smith,367
EM-142004,Evan Minnotte,367
AA-3751,Allen Armold,365
KD-63451,Katherine Ducich,364
RD-94803,Rick Duston,363
MR-75452,Mathew Reese,363
IM-150551,Ionia McGrath,362
JD-57902,John Dryer,362
GH-46651,Greg Hansen,361
ND-83701,Natalie DeCherney,360
HJ-148754,Heather Jas,359
DF-131353,David Flashing,359
PO-88502,Patrick O'Brill,358
NG-83551,Nat Gilpin,358
PF-92251,Phillip Flathmann,357
DL-29251,Daniel Lacy,356
MO-178002,Meg O'Connel,355
JB-59251,Joni Blumstein,351
LF-71851,Luke Foster,351
DB-131201,David Bremer,350
LW-72153,Luke Weiss,349
JM-58652,John Murray,349
FG-142603,Frank Gastineau,348
MG-81452,Mike Gockenbach,348
MK-79051,Michael Kennedy,347
ED-38853,Emily Ducich,346
RD-197203,Roger Demir,346
ON-87151,Odella Nelson,346
EB-38403,Ellis Ballard,346
AS-101353,Adrian Shami,346
GH-44851,Gene Hale,346
MC-81301,Mike Caudle,345
MT-78151,Meg Tillman,344
DW-135404,Don Weiss,343
SP-106502,Stephanie Phelps,342
SE-101102,Sanjit Engle,342
LS-72001,Luke Schmidt,341
BM-16501,Brian Moss,341
PS-90451,Penelope Sewall,341
CM-24451,Chuck Magee,341
NP-86852,Nora Pelletier,340
HM-49802,Henry MacAllister,340
KH-66301,Ken Heidel,340
NC-86251,Noah Childs,339
BT-113953,Bill Tyler,337
JM-161952,Justin MacKendrick,336
MH-77852,Maya Herman,336
HK-48902,Heather Kirkland,336
BM-15752,Brendan Murry,334
DM-33451,Denise Monton,334
NW-84002,Natalie Webber,334
DK-31501,David Kendrick,333
SB-101852,Sarah Brown,332
DB-29702,Darren Budd,332
SC-204401,Shaun Chance,332
HR-48301,Harold Ryan,331
KC-65402,Kelly Collister,331
RS-94201,Ricardo Sperren,331
LT-167654,Larry Tron,330
TS-113701,Todd Sumrall,329
SS-104103,Shahid Shariari,329
SB-101702,Sarah Bern,329
NZ-85651,Nick Zandusky,329
LW-68251,Laurel Workman,329
VW-117752,Victoria Wilson,328
SC-105751,Sonia Cooley,328
NB-85803,Nicole Brennan,327
FM-42901,Frank Merwin,327
DB-131203,David Bremer,327
BT-16802,Brian Thompson,326
MH-74402,Mark Haberlin,326
DO-36453,Doug O'Connell,326
AR-5401,Andy Reiter,325
EM-38253,Elizabeth Moffitt,325
CL-18901,Carl Ludwig,325
AR-8252,Anthony Rawles,324
AG-105251,Andy Gerbode,324
TB-111752,Thomas Boland,323
MS-77702,Maxwell Schwartz,322
JC-153403,Jasper Cacioppo,322
PF-91202,Peter Fuller,322
CC-25501,Clay Cheatham,321
BD-115604,Brendan Dodson,321
DL-28653,Dan Lawera,321
CA-22651,Christina Anderson,321
RB-95702,Rob Beeghly,320
MH-81152,Mick Hernandez,319
LH-170204,Lisa Hazard,318
BP-12902,Beth Paige,318
KN-67051,Kristina Nunn,318
MV-74852,Mark Van Huff,317
GM-46952,Greg Maxwell,317
SV-109352,Susan Vittorini,315
JG-51602,James Galang,315
BB-9902,Barry Blumstein,315
JC-57751,John Castell,314
MM-72602,Magdelene Morse,314
MS-177101,Maurice Satty,314
AB-2553,Alejandro Ballentine,313
SA-108303,Sue Ann Reed,312
SN-105603,Skye Norling,312
LH-67501,Larry Hughes,312
BC-11252,Becky Castell,311
TB-113551,Todd Boyes,311
CB-124151,Christy Brittain,311
BS-13802,Bill Stewart,310
JH-154304,Jennifer Halladay,310
VM-218353,Vivian Mathis,308
BD-116203,Brian DeCherney,306
NR-85501,Nick Radford,305
JM-155804,Jill Matthias,305
MS-78301,Melanie Seite,305
XP-118651,Xylona Preis,304
CC-126853,Craig Carroll,304
GM-144553,Gary Mitchum,304
HZ-49502,Henia Zydlo,304
VP-117302,Victor Preis,304
NB-86552,Nona Balk,303
MM-180551,Michelle Moray,303
MG-76501,Matthew Grinstein,302
JK-156401,Jim Kriz,301
HK-48901,Heather Kirkland,301
CM-19352,Carlos Meador,298
AG-2702,Alejandro Grove,296
TS-113403,Toby Swindell,296
RA-92852,Ralph Arnett,295
MP-79651,Michael Paige,295
LC-68701,Lena Cacioppo,294
EP-39151,Emily Phan,294
RW-96901,Robert Waldorf,294
CC-121453,Charles Crestani,292
RA-98853,Ruben Ausman,291
KF-62851,Karen Ferguson,291
SW-102753,Scott Williamson,290
PR-88802,Patrick Ryan,289
LH-167504,Larry Hughes,288
CM-124454,Chuck Magee,287
NC-84151,Nathan Cano,287
AB-602,Adam Bellavance,287
GM-145002,Gene McClure,286
RB-97052,Roger Barcio,285
TP-115651,Tracy Poddar,285
TM-114901,Tony Molinari,283
AB-2552,Alejandro Ballentine,283
LD-70053,Lisa DeCherney,282
KM-162253,Kalyca Meade,282
SC-104402,Shaun Chance,282
GM-44552,Gary Mitchum,281
SC-208454,Sung Chung,281
RD-99001,Ruben Dartt,280
PR-88803,Patrick Ryan,279
TS-116552,Trudy Schmidt,278
SC-208004,Stuart Calhoun,278
LW-72152,Luke Weiss,277
MG-82053,Mitch Gastineau,277
NB-185804,Nicole Brennan,274
BF-110804,Bart Folk,274
KH-166301,Ken Heidel,274
TZ-115802,Tracy Zic,271
MP-79652,Michael Paige,271
SE-101101,Sanjit Engle,271
PB-92101,Phillip Breyer,270
DD-135704,Dorothy Dickinson,269
MH-74403,Mark Haberlin,268
BF-11701,Ben Ferrer,268
RB-95701,Rob Beeghly,267
BN-114704,Brad Norvell,266
MO-179503,Michael Oakman,266
JK-56402,Jim Kriz,266
VG-117901,Vivek Gonzalez,266
AR-105104,Andrew Roberts,264
CR-25802,Clay Rozendal,264
JR-57002,Jocasta Rupert,263
JS-56851,Jim Sink,263
DJ-34201,Denny Joy,263
CY-27451,Craig Yedwab,262
PL-89251,Paul Lucas,261
AA-3753,Allen Armold,261
CK-23251,Christine Kargatis,260
HM-48601,Harry Marie,259
RD-96603,Robert Dilbeck,258
DL-28652,Dan Lawera,256
PB-88051,Patrick Bzostek,254
AS-2251,Alan Schoenberger,254
DK-28951,Dana Kaydos,254
DF-31352,David Flashing,252
DO-36451,Doug O'Connell,251
HD-147854,Harold Dahlen,251
TT-212652,Tim Taslimi,251
AH-104652,Amy Hunt,251
GT-47552,Guy Thornton,249
JW-59551,Joni Wasserman,249
JR-62103,Justin Ritter,248
LB-67951,Laurel Beltran,247
GA-45151,George Ashbrook,247
DM-35251,Don Miller,246
SP-208601,Sung Pak,246
HG-49652,Henry Goldwyn,246
DJ-36301,Doug Jacobs,245
BT-13952,Bill Tyler,244
SM-200054,Sally Matthias,243
VT-117001,Valerie Takahito,241
MA-79953,Michelle Arnett,240
PL-189254,Paul Lucas,239
KB-64051,Katrina Bavinger,239
TM-110102,Tamara Manning,239
LP-70952,Liz Preis,238
RP-92701,Rachel Payne,238
GP-147404,Guy Phonely,237
AR-5402,Andy Reiter,236
KL-66452,Ken Lonsdale,235
CM-22352,Chris McAfee,235
SG-100803,Sandra Glassco,235
RB-93602,Raymond Buch,233
HJ-48751,Heather Jas,233
PP-89551,Paul Prost,232
EC-140502,Erin Creighton,231
MO-75002,Mary O'Rourke,231
JP-61351,Julie Prescott,231
CD-19803,Carol Darley,229
NC-83402,Nat Carroll,229
EM-140654,Erin Mull,228
GT-147554,Guy Thornton,227
DC-32852,Debra Catini,227
HE-48001,Harold Engle,227
BO-113503,Bill Overfelt,225
DB-32702,Deborah Brumfield,225
RH-94952,Rick Hansen,225
DR-29402,Daniel Raglin,224
MW-82201,Mitch Webber,224
SP-106202,Stefania Perrino,223
EH-39452,Eric Hoffmann,223
QJ-92552,Quincy Jones,223
NL-83101,Nancy Lomonaco,222
SS-104101,Shahid Shariari,222
MO-79502,Michael Oakman,222
RB-196454,Robert Barroso,221
CA-23101,Christine Abelman,221
GT-47101,Greg Tran,221
OT-87301,Olvera Toch,220
PJ-88352,Patrick Jones,220
CD-19202,Carlos Daly,219
NP-83251,Naresj Patel,219
RA-99152,Russell Applegate,219
HH-150104,Hilary Holden,219
KB-65851,Ken Black,217
MS-77701,Maxwell Schwartz,217
LS-69751,Lindsay Shagiari,217
AF-8852,Art Foster,215
RB-94351,Richard Bierner,215
BK-12601,Berenike Kampe,214
JE-61652,Justin Ellison,213
RM-96752,Robert Marley,212
SM-209053,Susan MacKendrick,211
AC-4503,Amy Cox,210
BD-16051,Brian Dahlen,208
DK-30902,Dave Kipp,207
GM-44551,Gary Mitchum,207
LP-70802,Liz Pelletier,207
DB-31201,David Bremer,206
PO-88652,Patrick O'Donnell,205
LF-71852,Luke Foster,205
BT-13951,Bill Tyler,205
KD-66151,Ken Dana,205
CS-18451,Cari Sayre,204
ME-77252,Max Engle,204
MT-180703,Michelle Tran,204
SC-100952,Sanjit Chand,203
KM-162252,Kalyca Meade,203
JK-53251,Jason Klamczynski,203
KN-63902,Katherine Nockton,201
RA-99151,Russell Applegate,201
AG-103904,Allen Goldenen,201
KD-163453,Katherine Ducich,201
HH-50102,Hilary Holden,201
NC-83403,Nat Carroll,199
FG-42603,Frank Gastineau,198
TW-110252,Tamara Willingham,198
RM-96751,Robert Marley,198
KM-63752,Katherine Murray,197
SW-204553,Shaun Weien,195
JJ-157604,Joel Jenkins,195
HW-149353,Helen Wasserman,195
DJ-35102,Don Jones,194
LS-69452,Linda Southworth,194
TB-110551,Ted Butterfield,193
EM-40952,Eudokia Martin,193
EP-39152,Emily Phan,193
ML-74101,Maris LaWare,193
RD-98102,Ross DeVincentis,192
FH-43651,Fred Hopkins,192
SN-107101,Steve Nguyen,192
NM-84451,Nathan Mautz,191
MC-76052,Matt Connell,190
YS-118801,Yana Sorensen,190
TT-114601,Tonja Turnell,189
AS-2253,Alan Schoenberger,189
RB-97952,Ross Baird,188
TN-110401,Tanja Norvell,188
ML-82652,Muhammed Lee,187
AH-2102,Alan Hwang,187
MK-79052,Michael Kennedy,187
JA-59702,Joseph Airdo,187
AS-1351,Adrian Shami,187
DB-29701,Darren Budd,181
TH-115501,Tracy Hopkins,181
CL-18903,Carl Ludwig,181
CG-25201,Claire Gute,180
MZ-73351,Maria Zettner,180
JE-54751,Jeremy Ellison,179
EN-37801,Edward Nazzal,179
CS-22501,Chris Selesnick,179
JC-53402,Jasper Cacioppo,178
PH-87901,Patricia Hirasaki,177
DS-31801,David Smith,177
TS-116551,Trudy Schmidt,176
KC-65401,Kelly Collister,175
RD-96602,Robert Dilbeck,175
BP-11552,Becky Pak,175
BT-14851,Brad Thomas,174
SC-102301,Scot Coram,174
EK-37951,Eileen Kiefer,174
EB-37501,Edward Becker,173
RF-98401,Roy Französisch,173
KD-63452,Katherine Ducich,173
LW-69901,Lindsay Williams,172
SV-109351,Susan Vittorini,172
FA-42301,Frank Atkinson,172
RB-93601,Raymond Buch,171
AG-107654,Anthony Garverick,170
KM-66602,Khloe Miller,170
KT-164803,Kean Thornton,170
RL-96151,Rob Lucas,169
JR-62102,Justin Ritter,169
SS-101401,Saphhira Shifley,169
IM-50701,Irene Maddox,168
GA-147253,Guy Armstrong,167
ED-38851,Emily Ducich,166
ST-105302,Shui Tom,166
EM-38101,Eleni McCrary,166
SP-109201,Susan Pistek,165
JM-55802,Jill Matthias,165
SW-102751,Scott Williamson,165
QJ-92551,Quincy Jones,165
JK-56401,Jim Kriz,164
MS-77101,Maurice Satty,164
TS-113402,Toby Swindell,163
ML-182654,Muhammed Lee,162
DV-34651,Dianna Vittorini,162
ME-80101,Michelle Ellison,161
FP-43201,Frank Preis,161
PO-88653,Patrick O'Donnell,161
AO-108104,Anthony O'Donnell,161
BS-13801,Bill Stewart,160
PT-190904,Pete Takahito,160
CM-19351,Carlos Meador,160
AB-1651,Alan Barnes,160
KT-164802,Kean Thornton,159
MY-73801,Maribeth Yedwab,158
SR-107401,Steven Roelle,158
DJ-34202,Denny Joy,158
TZ-114451,Tom Zandusky,158
PC-190003,Pauline Chand,157
DA-134504,Dianna Arnett,157
AR-105403,Andy Reiter,157
DL-33302,Denise Leinenbach,156
CD-19802,Carol Darley,156
TC-112951,Toby Carlisle,156
MO-179504,Michael Oakman,154
TZ-114452,Tom Zandusky,154
CC-24301,Chuck Clark,154
RA-98852,Ruben Ausman,154
DP-31652,David Philippe,153
WB-118502,William Brown,153
LH-71552,Logan Haushalter,152
BS-13652,Bill Shonely,152
VP-117601,Victoria Pisteka,152
MZ-75152,Mary Zewe,150
TD-109951,Tamara Dahlen,150
BM-17852,Bryan Mills,149
RB-96451,Robert Barroso,147
GH-146654,Greg Hansen,147
AC-4502,Amy Cox,147
HA-49051,Helen Abelman,146
NH-186103,Nicole Hansen,146
JE-56102,Jim Epp,145
BG-17401,Bruce Geld,145
AR-4051,Allen Rosenblatt,144
DE-32551,Deanra Eno,142
BE-14102,Bobby Elias,141
FO-43051,Frank Olsen,140
GM-44402,Gary McGarr,140
PW-92402,Pierre Wener,140
BO-13502,Bill Overfelt,140
AF-8851,Art Foster,139
EM-40652,Erin Mull,139
MB-80851,Mick Brown,139
DM-29552,Dario Medina,139
JS-55952,Jill Stevenson,138
LH-71551,Logan Haushalter,137
SV-107852,Stewart Visinsky,137
DB-36152,Doug Bickford,137
AH-752,Adam Hart,137
BD-15601,Brendan Dodson,137
RK-93002,Ralph Kennedy,136
SM-109052,Susan MacKendrick,136
RB-96452,Robert Barroso,135
CM-21902,Charlotte Melton,134
DN-36903,Duane Noonan,133
PB-192104,Phillip Breyer,133
MS-73652,Maribeth Schnelling,133
JP-55202,Jeremy Pistek,133
SC-106952,Steve Chapman,133
TZ-115801,Tracy Zic,132
JK-56253,Jim Karlsson,132
DB-35551,Dorothy Badders,131
EA-40351,Erin Ashbrook,131
BB-15451,Brenda Bowman,131
BO-114254,Bobby Odegard,131
NB-86551,Nona Balk,131
SO-103351,Sean O'Donnell,130
MA-79952,Michelle Arnett,130
GB-45303,George Bell,130
VP-117301,Victor Preis,129
MH-76202,Matt Hagelstein,129
Dp-32402,Dean percer,128
TB-113552,Todd Boyes,128
PP-89552,Paul Prost,128
TG-113102,Toby Gnade,128
JG-58052,John Grady,128
JF-51901,Jamie Frazer,128
HL-50401,Hunter Lopez,127
GH-44252,Gary Hwang,127
FC-43351,Fred Chung,126
JH-59102,Jonathan Howell,125
EL-137354,Ed Ludwig,125
AF-8702,Art Ferguson,125
TW-110251,Tamara Willingham,125
BG-10351,Barry Gonzalez,124
TR-113252,Toby Ritter,123
VD-116701,Valerie Dominguez,123
ML-77553,Max Ludwig,122
SR-104251,Sharelle Roach,122
CD-27902,Cynthia Delaney,121
VG-117902,Vivek Gonzalez,120
PC-90002,Pauline Chand,120
DB-132703,Deborah Brumfield,118
DL-34952,Dionis Lloyd,118
KN-63901,Katherine Nockton,117
DL-129252,Daniel Lacy,117
CJ-20101,Caroline Jumper,116
GK-46202,Grace Kelly,116
CB-25351,Claudia Bergmann,116
JK-60902,Juliana Krohn,116
CK-25951,Clytie Kelty,115
LB-67352,Larry Blacks,114
SM-109501,Suzanne McNair,114
JP-54601,Jennifer Patt,113
CC-125504,Clay Cheatham,113
KS-63001,Karen Seio,113
AH-4652,Amy Hunt,112
MC-74252,Mark Cousins,111
SC-103802,Shahid Collister,110
KS-63002,Karen Seio,109
CJ-20102,Caroline Jumper,109
BW-12002,Ben Wallace,109
SR-104252,Sharelle Roach,107
JE-57151,Joe Elijah,107
BT-15301,Bradley Talbott,105
ML-80403,Michelle Lonsdale,104
MF-76652,Maureen Fritzler,104
NC-86252,Noah Childs,103
CM-21602,Charles McCrossin,102
JM-56553,Jim Mitchum,102
JW-60752,Julia West,102
MO-179501,Michael Oakman,101
EB-38702,Emily Burns,101
CS-19503,Carlos Soltero,101
CR-26252,Corey Roper,100
EM-39602,Eric Murdock,100
HA-49201,Helen Andreada,100
NB-85802,Nicole Brennan,100
Dp-32403,Dean percer,98
RM-197504,Roland Murray,98
HR-47702,Hallie Redmond,97
AB-1051,Adrian Barton,97
YC-118951,Yoseph Carroll,97
AZ-7502,Annie Zypern,96
LC-68852,Lena Creighton,95
RB-194352,Richard Bierner,93
TH-115502,Tracy Hopkins,93
EB-138703,Emily Burns,93
AS-6302,Ann Steele,93
GZ-45451,George Zrebassa,92
RH-96003,Rob Haberlin,92
CS-25052,Cindy Stewart,91
DP-33902,Dennis Pardue,91
RD-94802,Rick Duston,91
JF-52952,Jason Fortune-,90
KS-163004,Karen Seio,89
AR-105704,Anemone Ratner,88
AH-1952,Alan Haines,88
PO-91802,Philisse Overcash,88
BP-11551,Becky Pak,87
BM-11401,Becky Martin,86
BC-11251,Becky Castell,85
PC-87451,Pamela Coakley,85
VG-118051,Vivek Grady,85
CV-128053,Cynthia Voltz,84
EB-38701,Emily Burns,84
HG-49651,Henry Goldwyn,83
FG-42601,Frank Gastineau,83
JG-58051,John Grady,81
FW-143954,Fred Wasserman,81
DK-29851,Darren Koutras,81
MG-78751,Michael Grace,80
CS-19502,Carlos Soltero,80
AH-1951,Alan Haines,80
MK-81602,Mike Kennedy,80
AS-106303,Ann Steele,80
FH-42752,Frank Hawley,79
LH-171553,Logan Haushalter,78
BK-12602,Berenike Kampe,78
BB-15452,Brenda Bowman,77
SP-106201,Stefania Perrino,77
AO-8103,Anthony O'Donnell,76
LF-171853,Luke Foster,76
BG-16952,Brooke Gillingham,76
JD-60602,Julia Dunbar,74
JE-57152,Joe Elijah,74
ML-80402,Michelle Lonsdale,73
JM-55351,Jessica Myrick,73
KH-65102,Keith Herrera,72
JC-153404,Jasper Cacioppo,72
VS-118201,Vivek Sundaresam,71
MN-79351,Michael Nguyen,71
BW-10652,Barry Weirich,70
YC-118952,Yoseph Carroll,70
RB-97951,Ross Baird,68
SH-103952,Shahid Hopkins,67
DK-30901,Dave Kipp,67
SS-108752,Sung Shariari,67
JH-54303,Jennifer Halladay,66
FH-43502,Fred Harton,65
TH-111153,Thea Hudgings,65
CC-26852,Craig Carroll,65
BP-12901,Beth Paige,65
CB-24151,Christy Brittain,64
AR-105402,Andy Reiter,64
AB-1052,Adrian Barton,64
CL-25652,Clay Ludtke,63
HR-48302,Harold Ryan,62
GZ-44702,Gary Zandusky,62
NS-85052,Neola Schneider,62
SC-108001,Stuart Calhoun,62
JC-61051,Julie Creighton,61
SC-207251,Steven Cartwright,61
LD-70051,Lisa DeCherney,61
SJ-102151,Sarah Jordon,61
VM-118352,Vivian Mathis,61
TM-110101,Tamara Manning,61
DK-33752,Dennis Kane,60
RA-98851,Ruben Ausman,59
VF-117152,Vicky Freymann,59
AG-3902,Allen Goldenen,59
Dl-136003,Dorris liebe,59
MP-74701,Mark Packer,59
JS-55951,Jill Stevenson,59
MC-76352,Matthew Clasen,59
JW-59552,Joni Wasserman,58
TS-112052,Thomas Seio,58
VM-116851,Valerie Mitchum,58
AS-101354,Adrian Shami,58
MF-76651,Maureen Fritzler,58
BF-10803,Bart Folk,58
BD-13201,Bill Donatelli,57
PS-89701,Paul Stevenson,57
CC-124302,Chuck Clark,57
LT-67653,Larry Tron,57
SZ-200352,Sam Zeldin,57
MJ-77402,Max Jones,56
SS-105902,Sonia Sunley,56
SG-100802,Sandra Glassco,56
DW-31951,David Wiener,55
SA-108302,Sue Ann Reed,55
SC-107702,Stewart Carmichael,55
CL-18902,Carl Ludwig,53
RM-97501,Roland Murray,53
SM-103202,Sean Miller,53
AG-4952,Andrew Gjertsen,52
KH-66902,Kristen Hastings,52
SR-104253,Sharelle Roach,52
BD-15001,Bradley Drucker,52
SH-103951,Shahid Hopkins,52
SS-105152,Shirley Schmidt,51
KE-64202,Katrina Edelman,51
ML-77552,Max Ludwig,51
LB-167354,Larry Blacks,50
FM-43801,Fred McMath,49
LR-69151,Lena Radford,49
SG-208904,Susan Gilcrest,49
LS-69753,Lindsay Shagiari,49
RE-194054,Ricardo Emerson,48
SC-100201,Sam Craven,48
KT-64652,Kean Takahito,48
TS-110852,Thais Sissman,46
GD-45901,Giulietta Dortch,46
FH-43501,Fred Harton,45
AH-753,Adam Hart,45
OT-87302,Olvera Toch,44
TH-111152,Thea Hudgings,44
SD-104852,Shirley Daniels,43
RS-94203,Ricardo Sperren,42
ND-84602,Neil Ducich,41
EM-38251,Elizabeth Moffitt,41
TD-109952,Tamara Dahlen,41
LS-72452,Lynn Smith,40
CM-18152,Candace McMahon,40
CL-27002,Craig Leslie,39
TB-115951,Troy Blackwell,38
RC-98251,Roy Collins,37
EH-39902,Erica Hackney,37
CG-20401,Catherine Glotzbach,36
BS-15901,Brendan Sweed,35
JM-155353,Jessica Myrick,35
FH-42751,Frank Hawley,34
JH-61802,Justin Hirsh,34
BF-10052,Barry Franz,33
DG-33002,Deirdre Greer,33
CB-25352,Claudia Bergmann,32
GT-46352,Grant Thornton,32
RC-99602,Ryan Crowe,31
NH-86101,Nicole Hansen,31
CY-27452,Craig Yedwab,31
AI-8551,Arianne Irving,30
WB-118501,William Brown,30
DP-30002,Darren Powers,30
DH-36752,Duane Huffman,30
LT-67652,Larry Tron,29
KB-66002,Ken Brennan,29
NL-83102,Nancy Lomonaco,29
SL-101552,Sara Luxemburg,28
AS-2252,Alan Schoenberger,28
JH-54302,Jennifer Halladay,28
AA-3752,Allen Armold,27
SC-108002,Stuart Calhoun,27
PO-91952,Phillina Ober,27
DW-35852,Dorothy Wardle,27
SC-107701,Stewart Carmichael,27
CM-23852,Christopher Martinez,27
RR-93151,Ralph Ritter,27
HG-49653,Henry Goldwyn,26
FG-42602,Frank Gastineau,26
GG-46501,Greg Guthrie,26
MD-73502,Maribeth Dona,26
MF-82501,Monica Federle,25
LH-69002,Lena Hernandez,25
TH-111001,Thea Hendricks,25
CS-21302,Chad Sievert,25
DW-35401,Don Weiss,25
AM-7052,Anne McFarland,24
AO-8101,Anthony O'Donnell,24
BF-12751,Beth Fritzler,24
SJ-101252,Sanjit Jacobs,23
RD-199002,Ruben Dartt,23
LC-68853,Lena Creighton,23
SJ-102152,Sarah Jordon,22
JS-159401,Joni Sundaresam,22
MH-80252,Michelle Huthwaite,22
RS-198704,Roy Skaria,22
GZ-45452,George Zrebassa,22
GB-45302,George Bell,21
JK-60903,Juliana Krohn,21
GH-46652,Greg Hansen,20
AI-108553,Arianne Irving,20
AG-3302,Alex Grayson,20
JS-60303,Joy Smith,19
LD-70052,Lisa DeCherney,19
MM-72601,Magdelene Morse,19
KM-66601,Khloe Miller,19
AJ-7802,Anthony Jacobs,19
KC-66751,Kimberly Carter,19
MG-78901,Michael Granlund,19
NM-84452,Nathan Mautz,18
MC-76051,Matt Connell,18
JS-59402,Joni Sundaresam,17
BM-16502,Brian Moss,17
BW-11102,Bart Watters,17
CJ-118754,Carl Jackson,17
DB-32102,Dean Braden,17
MG-182054,Mitch Gastineau,16
TG-113101,Toby Gnade,16
MG-82052,Mitch Gastineau,15
ED-38852,Emily Ducich,15
RW-96302,Rob Williams,14
DL-33301,Denise Leinenbach,14
Co-26402,Corey-Lock,14
CS-24901,Cindy Schnelling,14
HD-47852,Harold Dahlen,14
RF-93452,Randy Ferguson,13
EM-38252,Elizabeth Moffitt,13
RS-94202,Ricardo Sperren,12
AD-1801,Alan Dominguez,12
AA-3151,Alex Avila,11
TH-115503,Tracy Hopkins,11
SH-103953,Shahid Hopkins,10
AC-6602,Anna Chung,10
AT-7351,Annie Thurman,10
EB-38401,Ellis Ballard,9
CM-22351,Chris McAfee,8
TS-115052,Tony Sayre,8
SS-101402,Saphhira Shifley,7
DS-31802,David Smith,7
KM-62251,Kalyca Meade,7
ZC-119101,Zuschuss Carroll,7
TC-112953,Toby Carlisle,6
AS-2401,Alan Shonely,5
TS-210854,Thais Sissman,5
LD-168554,Lela Donovan,5
LP-70951,Liz Preis,4
LH-70202,Lisa Hazard,4
BS-17552,Bruce Stewart,3
CK-22051,Chloris Kastensmidt,3
AH-1202,Adrian Hane,2
